시설명,시설코드,시설종류명(시설유형),시설종류상세명(시설종류),자치구(시)구분,시설장명,시군구코드,시군구명,시설주소,Latitude,Longitude,정원(수용인원),현인원
송파구방이복지관,A5039,(장애인) 장애인복지관,장애인지역사회재활시설,자치구,김진숙,1171000000,송파구,서울특별시 송파구 백제고분로37길 4 (석촌동)(석촌동),37.5053807,127.0978518,160,160
서울시각장애인복지관,A5105,(장애인) 장애인복지관,장애인지역사회재활시설,자치구,서혜미,1171000000,송파구,서울특별시 송파구 삼학사로19길 27　,37.506119,127.0940727,0,0
서울시립발달장애인복지관,A5108,(장애인) 장애인복지관,장애인지역사회재활시설,자치구,최선자,1159000000,동작구,서울특별시 동작구 여의대방로20길 33-0395(보라매공원내),37.4932342,126.9197115,752,752
청음복지관,A5237,(장애인) 장애인복지관,장애인지역사회재활시설,자치구,홍희정,1168000000,강남구,서울특별시 강남구 봉은사로50길 6　,37.5094055,127.0423581,,345
마포장애인종합복지관,A5241,(장애인) 장애인복지관,장애인지역사회재활시설,자치구,김은선,1144000000,마포구,서울특별시 마포구 성산로4길 353층(마포장애인종합복지관)(성산동),37.5637064,126.9090681,,3743
다운복지관,A5242,(장애인) 장애인복지관,장애인지역사회재활시설,자치구,김인숙,1135000000,노원구,서울특별시 노원구 화랑로478,37.6189569,127.0802914,,414
원광장애인종합복지관,A6053,(장애인) 장애인복지관,장애인지역사회재활시설,자치구,김선기,1126000000,중랑구,서울특별시 중랑구 신내로 56-0(신내동),37.6041991,127.0960164,500,645
성프란치스꼬장애인종합복지관,A6313,(장애인) 장애인복지관,장애인지역사회재활시설,자치구,김희정,1153000000,구로구,서울특별시 구로구 남부순환로105라길 25-10,37.4815694,126.8905209,452,700
성모자애복지관,A6315,(장애인) 장애인복지관,장애인지역사회재활시설,자치구,김진영,1168000000,강남구,서울특별시 강남구 헌릉로757길 35　,37.4700435,127.1194761,300,300
사랑의집,C0084,(장애인) 장애인주간보호시설,장애인지역사회재활시설,자치구,안승표,1138000000,은평구,서울특별시 은평구 역말로10길 30-1오병이어복지관 1층,37.609228,126.9238158,10,16
베데스다장애인주간보호센터,C0253,(장애인) 장애인주간보호시설,장애인지역사회재활시설,자치구,심희남,1135000000,노원구,서울특별시 노원구 공릉로58마길 27나눔아트센터 2층 (하계동),37.6364237,127.0776514,15,17
다니엘주간보호센터,C0309,(장애인) 장애인주간보호시설,장애인지역사회재활시설,자치구,이인숙,1165000000,서초구,서울특별시 서초구 헌릉로468길 21-16(내곡동),37.4604236,127.0920332,12,12
사랑나눔주간보호시설,C0343,(장애인) 장애인주간보호시설,장애인지역사회재활시설,자치구,이득남,1171000000,송파구,서울특별시 송파구 마천로51길 283층,37.5072927,127.1289853,10,10
늘푸른나무복지관,C0421,(장애인) 장애인복지관,장애인지역사회재활시설,자치구,정원택,1150000000,강서구,서울특별시 강서구 허준로5길 37  -0,37.5685604,126.8511459,,500
서울시립북부장애인종합복지관,C0454,(장애인) 장애인복지관,장애인지역사회재활시설,자치구,신연화,1135000000,노원구,"서울특별시 노원구 덕릉로70가길 92(상계6,7동 771번지)(상계동)",37.6423379,127.0567606,0,969
서울시립남부장애인종합복지관,C0455,(장애인) 장애인복지관,장애인지역사회재활시설,자치구,이수정,1159000000,동작구,서울특별시 동작구 신대방2동395 보라매공원내,37.4984106,126.9245329,0,808
금천장애인종합복지관,C0464,(장애인) 장애인복지관,장애인지역사회재활시설,자치구,박은정,1154500000,금천구,서울특별시 금천구 시흥대로101길 17,37.4639728,126.8963287,0,227
볕바라기주간보호센터,C0488,(장애인) 장애인주간보호시설,장애인지역사회재활시설,자치구,신혜옥,1154500000,금천구,서울특별시 금천구 금하로18길 8-1 (시흥동),37.4522511,126.9050371,10,10
시립서대문농아인복지관,C0613,(장애인) 장애인복지관,장애인지역사회재활시설,자치구,김연신,1141000000,서대문구,서울특별시 서대문구 수색로4가길 23(남가좌동),37.5707241,126.9138435,398,329
용산구립장애인주간보호센터,C0654,(장애인) 장애인주간보호시설,장애인지역사회재활시설,자치구,임종민,1117000000,용산구,서울특별시 용산구 한강대로 3313층,37.5516714,126.972922,15,15
송파인성장애인복지관,C0688,(장애인) 장애인복지관,장애인지역사회재활시설,자치구,양재혁,1171000000,송파구,서울특별시 송파구 마천로61길 26송파인성장애인복지관,37.4938802,127.1551765,0,0
사랑의복지관,C0689,(장애인) 장애인복지관,장애인지역사회재활시설,자치구,남동우,1165000000,서초구,서울특별시 서초구 강남대로 65길 19  ,37.4998664,127.023991,,237
성북장애인복지관,C0700,(장애인) 장애인복지관,장애인지역사회재활시설,자치구,김용진,1129000000,성북구,서울특별시 성북구 화랑로 130　,37.6045114,127.0456371,,280
하누리주간보호센터,C0740,(장애인) 장애인주간보호시설,장애인지역사회재활시설,자치구,박태호,1154500000,금천구,서울특별시 금천구 시흥대로2길57 (시흥동),37.4352308,126.9064263,18,15
헬렌켈러의집주간보호,C0743,(장애인) 장애인주간보호시설,장애인지역사회재활시설,자치구,윤미진,1130500000,강북구,서울특별시 강북구 삼양로80길 73층,37.6318062,127.0218016,10,11
다니엘사랑이용센터,C0744,(장애인) 장애인주간보호시설,장애인지역사회재활시설,자치구,최은경,1165000000,서초구,서울특별시 서초구 헌릉로468길 21-16 (내곡동)(내곡동),37.4604236,127.0920332,10,10
다솜장애인주간보호센터,C0748,(장애인) 장애인주간보호시설,장애인지역사회재활시설,자치구,이미순,1141000000,서대문구,서울특별시 서대문구 증가로4길 531층,37.5774679,126.9276651,15,15
신목장애인주간보호시설,C0750,(장애인) 장애인주간보호시설,장애인지역사회재활시설,자치구,김광제 ,1147000000,양천구,서울특별시 양천구 신목로 5(신정2동1278-1),37.5169375,126.8765544,20,20
주바라기해피홈,C0770,(장애인) 장애인주간보호시설,장애인지역사회재활시설,자치구,유선미,1132000000,도봉구,서울특별시 도봉구 도봉로169가길 45도봉동,37.6819403,127.0432135,20,20
강북구수어통역센터,C0793,(장애인) 수화통역센터,장애인지역사회재활시설,자치구,안정인,1130500000,강북구,"서울특별시 강북구 도봉로 3885층 (번동,테마빌딩)",37.6413321,127.0296568,46,7115
관악구수어통역센터,C0798,(장애인) 수화통역센터,장애인지역사회재활시설,자치구,이선민,1162000000,관악구,서울특별시 관악구 쑥고개로 1281층 (봉천동),37.4786317,126.9437736,44,100
도봉구수어통역센터,C0799,(장애인) 수화통역센터,장애인지역사회재활시설,자치구,문  진,1132000000,도봉구,서울특별시 도봉구 마들로13길 153옥산빌딩 4층 (창동),37.6571,127.0461954,0,0
서울특별시수어통역센터지원본부,C0808,(장애인) 수화통역센터,장애인지역사회재활시설,자치구,김정환,1141000000,서대문구,서울특별시 서대문구 경기대로 15엘림넷빌딩 3층 (충정로3가),37.5608278,126.9617095,160,243
가브리엘주간보호센터,C0835,(장애인) 장애인주간보호시설,장애인지역사회재활시설,자치구,이춘희,1135000000,노원구,서울특별시 노원구 한글비석로24라길 94-13 (상계동),37.6664415,127.0697615,0,11
동천발달장애인주간활동센터,C0908,(장애인) 장애인주간보호시설,장애인지역사회재활시설,자치구,곽의수,1135000000,노원구,서울특별시 노원구 노원로18길 41(하계동),37.6444026,127.0733277,25,19
섬김주간보호센터,C0913,(장애인) 장애인주간보호시설,장애인지역사회재활시설,자치구,신연화,1135000000,노원구,서울특별시 노원구 덕릉로70가길 92서울특별시립북부장애인복지관내 1층,37.6423379,127.0567606,0,13
위드주간보호센터,C0975,(장애인) 장애인주간보호시설,장애인지역사회재활시설,자치구,김영희,1138000000,은평구,서울특별시 은평구 갈현로15길 11-131층,37.6075098,126.9095089,10,13
해피죤,C1071,(장애인) 장애인주간보호시설,장애인지역사회재활시설,자치구,송고은,1174000000,강동구,서울특별시 강동구 상암로 195에이플러스 5층 502호,37.5466712,127.1441853,15,15
바오로교실주간보호센터,C1077,(장애인) 장애인주간보호시설,장애인지역사회재활시설,자치구,한현미,1138000000,은평구,서울특별시 은평구 증산로5길 7 (증산동),37.5878577,126.9045431,12,12
성북구수어통역센터,C1132,(장애인) 수화통역센터,장애인지역사회재활시설,자치구,윤현주,1129000000,성북구,서울특별시 성북구 아리랑로4길 22201호 (동선동4가),37.5954514,127.0182563,35,6707
아이비주간보호시설,C1143,(장애인) 장애인주간보호시설,장애인지역사회재활시설,자치구,문정현,1174000000,강동구,서울특별시 강동구 천중로 874층 (천호동),37.5431847,127.1355536,10,10
하은장애인주간보호시설,C1199,(장애인) 장애인주간보호시설,장애인지역사회재활시설,자치구,송영훈,1147000000,양천구,서울특별시 양천구 신목로 203층,37.5204807,126.8751744,10,11
예은장애인주간보호시설,C1213,(장애인) 장애인주간보호시설,장애인지역사회재활시설,자치구,민경미,1153000000,구로구,서울특별시 구로구 부일로15길 25-5금강빌딩 4층,37.4939379,126.833156,10,14
성민장애인주간보호소,C1230,(장애인) 장애인주간보호시설,장애인지역사회재활시설,자치구,차현미,1135000000,노원구,서울특별시 노원구 노원로32길 42-20,37.6553725,127.0696524,0,15
기원주간보호센터,C1257,(장애인) 장애인주간보호시설,장애인지역사회재활시설,자치구,김향옥,1138000000,은평구,서울특별시 은평구 통일로87길 6-19,37.6238778,126.918825,10,10
한마음 주간보호센터,C1274,(장애인) 장애인주간보호시설,장애인지역사회재활시설,자치구,김원희,1138000000,은평구,서울특별시 은평구 연서로17길 473층,37.6006318,126.915779,10,13
용산구수어통역센터,C1307,(장애인) 수화통역센터,장애인지역사회재활시설,자치구,허명훈,1117000000,용산구,서울특별시 용산구 서빙고로 245 (서빙고동),37.5204872,126.991076,150,5389
시립영등포장애인복지관,C1309,(장애인) 장애인복지관,장애인지역사회재활시설,자치구,최종환,1156000000,영등포구,서울특별시 영등포구 버드나루로 22(영등포동2가),37.5184804,126.9157668,,698
다운주간보호센터,C1316,(장애인) 장애인주간보호시설,장애인지역사회재활시설,자치구,김인숙,1135000000,노원구,서울특별시 노원구 화랑로 478,37.6189569,127.0802914,15,16
모랫말꿈터,C1366,(장애인) 장애인주간보호시설,장애인지역사회재활시설,자치구,정광림,1156000000,영등포구,서울특별시 영등포구 도영로 37 (도림동),37.5099441,126.8970707,12,19
햇살터(성프란치스꼬),C1401,(장애인) 장애인주간보호시설,장애인지역사회재활시설,자치구,김희정,1153000000,구로구,서울특별시 구로구 남부순환로105라길 25-103층,37.4807682,126.89025,12,12
노원1장애인주간보호센터,C1422,(장애인) 장애인주간보호시설,장애인지역사회재활시설,자치구,정명진,1135000000,노원구,"서울특별시 노원구 월계로 372단지 내 복지관 2층 (월계동, 월계사슴1단지아파트)",37.6300472,127.0605097,14,14
북부(종합사회복지관)장애인주간보호센터,C1430,(장애인) 장애인주간보호시설,장애인지역사회재활시설,자치구,김경태,1135000000,노원구,"서울특별시 노원구 동일로245길 56상계1동 1257번지 (상계동, 북부종합사회복지관)",37.6795501,127.0522368,15,15
상계(종합사회복지관)장애인주간보호센터,C1451,(장애인) 장애인주간보호시설,장애인지역사회재활시설,자치구,김원호,1135000000,노원구,서울특별시 노원구 덕릉로115나길 25상계종합사회복지관 3층 장애인주간보호센터,37.6678457,127.0783464,0,16
평화장애인주간활동센터,C1452,(장애인) 장애인주간보호시설,장애인지역사회재활시설,자치구,정근철,1135000000,노원구,"서울특별시 노원구 노원로 331평화종합사회복지관 내 (중계동, 시영3단지목련아파트)",37.6464877,127.0691703,15,13
영등포구주간보호센터,C1457,(장애인) 장애인주간보호시설,장애인지역사회재활시설,자치구,이길준,1156000000,영등포구,서울특별시 영등포구 신길로 553층,37.5047124,126.9099977,15,14
서울남부주간보호센터,C1471,(장애인) 장애인주간보호시설,장애인지역사회재활시설,자치구,홍표진,1159000000,동작구,서울특별시 동작구 여의대방로20길 33보라매공원 내 (신대방동),37.4932342,126.9197115,15,14
한빛장애인주간보호센터,C1481,(장애인) 장애인주간보호시설,장애인지역사회재활시설,자치구,강신구,1147000000,양천구,서울특별시 양천구 신월로11길 16.,37.5190636,126.8402308,13,13
노원시각장애인주간보호센터,C1495,(장애인) 장애인주간보호시설,장애인지역사회재활시설,자치구,서금희,1135000000,노원구,서울특별시 노원구 상계로23길 42 (상계동),37.6597245,127.067721,15,12
원광장애인주간보호시설,C1496,(장애인) 장애인주간보호시설,장애인지역사회재활시설,자치구,김선기,1126000000,중랑구,서울특별시 중랑구 신내로 56 (신내동),37.6041991,127.0960164,12,12
보라매주간보호센터,C1498,(장애인) 장애인주간보호시설,장애인지역사회재활시설,자치구,최선자,1159000000,동작구,서울특별시 동작구 여의대방로20길 33보라매공원 내 (신대방동),37.4932342,126.9197115,10,11
정겨우리주간보호센터,C1500,(장애인) 장애인주간보호시설,장애인지역사회재활시설,자치구,강지은,1138000000,은평구,서울특별시 은평구 갈현로11길 30 (구산동),37.6105584,126.9113127,15,12
정립회관주간보호센터,C1501,(장애인) 장애인주간보호시설,장애인지역사회재활시설,자치구,박춘우,1121500000,광진구,서울특별시 광진구 워커힐로 93 정립회관 내 ,37.5508019,127.0976391,12,12
강서구수어통역센터,C1503,(장애인) 수화통역센터,장애인지역사회재활시설,자치구,김정숙,1150000000,강서구,"서울특별시 강서구 발산로 404층 7~8호,419호~421호(서울농수산식품공사강서지사) (외발산동)",37.5532606,126.820077,44,6252
구로구수어통역센터,C1504,(장애인) 수화통역센터,장애인지역사회재활시설,자치구,박상원,1153000000,구로구,서울특별시 구로구 가마산로 2724층 (구로동),37.4917564,126.8838208,48,48
삼전주간보호시설,C1507,(장애인) 장애인주간보호시설,장애인지역사회재활시설,자치구,현혜영,1171000000,송파구,서울특별시 송파구 백제고분로32길 35삼전종합복지관 3층 삼전주간보호시설,37.4992164,127.0949926,15,15
송파시각장애인축구장,C1520,(장애인) 장애인체육시설,장애인지역사회재활시설,자치구,황진숙,1171000000,송파구,서울특별시 송파구 올림픽로 474,37.5247553,127.1175232,0,0
송파구장애인운전교육원,C1521,(장애인) 장애인수련시설,장애인지역사회재활시설,자치구,윤기종,1171000000,송파구,서울특별시 송파구 삼학사로2길 49 (가락동),37.4966651,127.1005419,0,0
기쁜우리복지관부설주간보호시설,C1546,(장애인) 장애인주간보호시설,장애인지역사회재활시설,자치구,임형균,1150000000,강서구,서울특별시 강서구 허준로 65,37.5692246,126.848903,18,18
충현복지관,C1549,(장애인) 장애인복지관,장애인지역사회재활시설,자치구,편성연,1168000000,강남구,서울특별시 강남구 논현로98길 16충현복지관,37.5036111,127.0369444,45,807
해마을주간보호센터,C1556,(장애인) 장애인주간보호시설,장애인지역사회재활시설,자치구,김정화,1168000000,강남구,서울특별시 강남구 개포로 617-8.,37.4939953,127.0777063,13,13
중랑구수어통역센터,C1561,(장애인) 수화통역센터,장애인지역사회재활시설,자치구,기승문,1126000000,중랑구,"서울특별시 중랑구 면목로 299용마새마을금고 6,7층 (면목동)",37.5792019,127.0867641,0,77
성모자애주간보호시설,C1568,(장애인) 장애인주간보호시설,장애인지역사회재활시설,자치구,김진영,1168000000,강남구,서울특별시 강남구 헌릉로757길 35.,37.4700435,127.1194761,15,15
성모자애제2주간보호센터,C1569,(장애인) 장애인주간보호시설,장애인지역사회재활시설,자치구,김진영,1168000000,강남구,서울특별시 강남구 헌릉로757길 35.,37.4700435,127.1194761,15,15
사랑손주간보호센터,C1572,(장애인) 장애인주간보호시설,장애인지역사회재활시설,자치구,이혜옥,1159000000,동작구,서울특별시 동작구 사당로 188-7 (사당동),37.4850624,126.9693901,10,10
성동주간보호센터,C1588,(장애인) 장애인주간보호시설,장애인지역사회재활시설,자치구,최성자,1120000000,성동구,서울특별시 성동구 청계천로 506성동장애인종합복지관 1층 (마장동),37.5704464,127.033811,12,12
은평구수어통역센터,C1616,(장애인) 수화통역센터,장애인지역사회재활시설,자치구,신동숙,1138000000,은평구,서울특별시 은평구 증산서길 821층,37.5834269,126.906561,57,5186
까리따스장애인주간보호센터,C1662,(장애인) 장애인주간보호시설,장애인지역사회재활시설,자치구,박종숙,1165000000,서초구,서울특별시 서초구 남부순환로 2124 (방배동),37.4747629,126.9842119,10,12
동천재활체육시설,C1686,(장애인) 장애인체육시설,장애인지역사회재활시설,자치구,이정훈,1135000000,노원구,서울특별시 노원구 노원로18길 41 (하계동),37.6444026,127.0733277,100,65
서초구수어통역센터,C1689,(장애인) 수화통역센터,장애인지역사회재활시설,자치구,안영회,1165000000,서초구,서울특별시 서초구 서운로23길 17명달공원 경로당내,37.4986336,127.0211484,41,5647
서울장애인종합복지관,C1693,(장애인) 장애인복지관,장애인지역사회재활시설,자치구,곽재복,1174000000,강동구,서울특별시 강동구 고덕로 201 (고덕동),37.5555414,127.1483522,0,2000
오뚜기뇌성마비인주간보호센터,C1695,(장애인) 장애인주간보호시설,장애인지역사회재활시설,자치구,송주혜,1135000000,노원구,"서울특별시 노원구 덕릉로70가길 96 (상계6,7동771)",37.6423379,127.0567606,0,13
참사랑주간보호센터,C1696,(장애인) 장애인주간보호시설,장애인지역사회재활시설,자치구,최신영,1171000000,송파구,서울특별시 송파구 마천로 893층,37.5016681,127.1386821,10,11
여성시각장애인주간보호센터,C1705,(장애인) 장애인주간보호시설,장애인지역사회재활시설,자치구,천혜선,1114000000,중구,서울특별시 중구 소공로4길 15 (회현동2가),37.5602467,126.9822706,10,10
사랑의복지관 재가복지봉사센터,C1714,(장애인) 장애인복지관,장애인지역사회재활시설,자치구,남동우,1165000000,서초구,서울특별시 서초구 강남대로65길 19서초동,37.4998664,127.023991,,
하하센터,C1721,(장애인) 장애인주간보호시설,장애인지역사회재활시설,자치구,전정옥,1135000000,노원구,서울특별시 노원구 한글비석로24가길 72-201층,37.6333653,127.0645125,10,10
서초구립주간이용센터,C1722,(장애인) 장애인주간보호시설,장애인지역사회재활시설,자치구,위수경,1165000000,서초구,서울특별시 서초구 남부순환로340길 153층 (서초동),37.480656,127.0224536,12,10
라파엘 주간보호시설,C1727,(장애인) 장애인주간보호시설,장애인지역사회재활시설,자치구,황주연,1111000000,종로구,서울특별시 종로구 필운대로9나길 15-4 (옥인동),37.5830086,126.9666871,10,10
서대문장애인주간보호시설,C1729,(장애인) 장애인주간보호시설,장애인지역사회재활시설,자치구,최정인,1141000000,서대문구,서울특별시 서대문구 북아현로4차길 4,37.560843,126.9603362,10,13
중계종합사회복지관장애인주간보호센터,C1742,(장애인) 장애인주간보호시설,장애인지역사회재활시설,자치구,구종회,1135000000,노원구,서울특별시 노원구 덕릉로 662주공3단지 내,37.6566031,127.0761681,15,15
새생명장애인주간보호소,C1743,(장애인) 장애인주간보호시설,장애인지역사회재활시설,자치구,황일기,1156000000,영등포구,서울특별시 영등포구 도림로 310-1301 (신길동),37.5052505,126.9026232,15,20
비둘기주간보호시설,C1744,(장애인) 장애인주간보호시설,장애인지역사회재활시설,자치구,김선덕,1111000000,종로구,서울특별시 종로구 동숭4길 28비둘기재활센터 2층 (동숭동),37.5836439,127.0051591,15,13
중구수어통역센터,C1746,(장애인) 수화통역센터,장애인지역사회재활시설,자치구,이송규,1114000000,중구,서울특별시 중구 퇴계로20길 41-11남산쉼터 2층,37.5587736,126.9867946,1100,2092
영등포구수어통역센터,C1750,(장애인) 수화통역센터,장애인지역사회재활시설,자치구,양기주,1156000000,영등포구,서울특별시 영등포구 경인로112길 132층 (영등포동1가),37.5178812,126.9143496,38,5974
노원구수어통역센터,C1751,(장애인) 수화통역센터,장애인지역사회재활시설,자치구,기원삼,1135000000,노원구,서울특별시 노원구 상계로23길 17윈터행복발전소 2층 (상계동),37.6588188,127.0685263,60,1073
한마음주간보호시설,C1757,(장애인) 장애인주간보호시설,장애인지역사회재활시설,자치구,송상용,1130500000,강북구,서울특별시 강북구 삼양로 4323층 (수유동),37.6429807,127.0153391,10,12
햇빛자리,C1761,(장애인) 장애인주간보호시설,장애인지역사회재활시설,자치구,김경수,1117000000,용산구,서울특별시 용산구 백범로47길 24 101호(효창동),37.5409601,126.9595018,10,13
마포장애인주간보호센터,C1762,(장애인) 장애인주간보호시설,장애인지역사회재활시설,자치구,김은선,1144000000,마포구,서울특별시 마포구 성산로4길 35마포장애인종합복지관 (성산동),37.5656178,126.9046897,12,10
피어라희망센터,C1771,(장애인) 장애인주간보호시설,장애인지역사회재활시설,자치구,문종태,1132000000,도봉구,서울특별시 도봉구 도봉로120길 16,37.6502813,127.0374123,20,20
무지개동산주간보호,C1784,(장애인) 장애인주간보호시설,장애인지역사회재활시설,자치구,김성분,1171000000,송파구,서울특별시 송파구 성내천로22길 162층,37.4999589,127.1468828,10,9
송파구수어통역센터,C1786,(장애인) 수화통역센터,장애인지역사회재활시설,자치구,석승모,1171000000,송파구,서울특별시 송파구 문정로 135층 (문정동),37.4935108,127.1342223,20,3860
성동구수어통역센터,C1790,(장애인) 수화통역센터,장애인지역사회재활시설,자치구,박윤호,1120000000,성동구,서울특별시 성동구 청계천로 516성동장애인생활회관 3층 (마장동),37.5703813,127.033664,30,5304
마라주간보호센터,C1793,(장애인) 장애인주간보호시설,장애인지역사회재활시설,자치구,이영민,1171000000,송파구,서울특별시 송파구 송이로34길 43-13층(마라빌딩),37.5021932,127.1168135,10,10
장애인주간보호시설인강원,C1801,(장애인) 장애인주간보호시설,장애인지역사회재활시설,자치구,윤제원,1132000000,도봉구,서울특별시 도봉구 평화로15번길 9-25.,37.6946661,127.0424217,15,12
도봉주간보호센터,C1822,(장애인) 장애인주간보호시설,장애인지역사회재활시설,자치구,박주현,1132000000,도봉구,서울특별시 도봉구 도당로 532층 (방학동),37.6638283,127.0377137,10,10
THE채움,C1863,(장애인) 장애인주간보호시설,장애인지역사회재활시설,자치구,이경미,1171000000,송파구,서울특별시 송파구 마천로51길 282층,37.5072927,127.1289853,10,10
강남구수어통역센터,C1878,(장애인) 수화통역센터,장애인지역사회재활시설,자치구,정성희,1168000000,강남구,서울특별시 강남구 학동로 343(학동) 포바강남타워 지하,37.5174488,127.0406346,4,5462
하상주간보호센터,C1882,(장애인) 장애인주간보호시설,장애인지역사회재활시설,자치구,허명환,1168000000,강남구,서울특별시 강남구 개포로 613 (개포동),37.4925,127.0750392,12,12
한벗장애인주간보호시설,C1888,(장애인) 장애인주간보호시설,장애인지역사회재활시설,자치구,신두철,1117000000,용산구,서울특별시 용산구 효창원로69길 42-3한벗회관 2층,37.5428585,126.9601812,10,11
베다니장애인주간보호시설 ,C1917,(장애인) 장애인주간보호시설,장애인지역사회재활시설,자치구,김기태,1147000000,양천구,서울특별시 양천구 남부순환로65길 12-2 (신월동),37.5276171,126.8355747,10,13
강서뇌성마비복지관,C2047,(장애인) 장애인복지관,장애인지역사회재활시설,자치구,박세영,1150000000,강서구,서울특별시 강서구 방화대로 45길 69(방화동 452-5)  ,37.5742085,126.8125801,373,500
주간보호센터햇볕교실,C2058,(장애인) 장애인주간보호시설,장애인지역사회재활시설,자치구,김상진,1150000000,강서구,"서울특별시 강서구 개화동로21길 4 (방화동, 방화11단지아파트)",37.5703368,126.8054585,12,13
양지골장애인주간보호시설,C2072,(장애인) 장애인주간보호시설,장애인지역사회재활시설,자치구,이옥현,1153000000,구로구,서울특별시 구로구 구로중앙로28길 625층(구로동),37.4925464,126.8913389,12,12
강남세움주간보호센터,C2078,(장애인) 장애인주간보호시설,장애인지역사회재활시설,자치구,박희정,1168000000,강남구,서울특별시 강남구광평로60길 22(수서동),37.4870564,127.106901,16,16
파랑새교육원주간보호,C2083,(장애인) 장애인주간보호시설,장애인지역사회재활시설,자치구,백선영,1150000000,강서구,서울특별시 강서구 까치산로 134화곡빌딩 2층,37.5492915,126.8514151,10,13
강남장애인복지관,C2092,(장애인) 장애인복지관,장애인지역사회재활시설,자치구,박철상,1168000000,강남구,서울특별시 강남구 개포로 605  ,37.4919944,127.073463,,314
우리집주간보호,C2101,(장애인) 장애인주간보호시설,장애인지역사회재활시설,자치구,김기철,1150000000,강서구,서울특별시 강서구 양천로47길 70-6,37.5733596,126.8375417,10,12
금천구수어통역센터,C2105,(장애인) 수화통역센터,장애인지역사회재활시설,자치구,김태순,1154500000,금천구,서울특별시 금천구 시흥대로147길 30-152층,37.4742849,126.8965779,0,30
시각장애인주간보호센터,C2111,(장애인) 장애인주간보호시설,장애인지역사회재활시설,자치구,한방희,1114000000,중구,서울특별시 중구 퇴계로20길 41-11남산쉼터 1층,37.5587736,126.9867946,15,15
동대문구수어통역센터,C2112,(장애인) 수화통역센터,장애인지역사회재활시설,자치구,이양심,1123000000,동대문구,서울특별시 동대문구 청계천로 521다사랑행복센터 (용두동),37.5717664,127.0340552,0,600
역삼주간보호센터,C2194,(장애인) 장애인주간보호시설,장애인지역사회재활시설,자치구,김미희,1168000000,강남구,서울특별시 강남구 테헤란로8길 36강남문화원 2층,37.4963777,127.0319107,16,16
영락주간보호센터,C2204,(장애인) 장애인주간보호시설,장애인지역사회재활시설,자치구,문소현,1114000000,중구,서울특별시 중구 수표로 33영락교회 교육관 1층,37.5640016,126.9889272,12,13
성모주간보호센터,C2207,(장애인) 장애인주간보호시설,장애인지역사회재활시설,자치구,김은경,1120000000,성동구,서울특별시 성동구 독서당로44길 25.,37.544853,127.0206289,15,15
지앤지주간보호센터,C2223,(장애인) 장애인주간보호시설,장애인지역사회재활시설,자치구,이상길,1132000000,도봉구,서울특별시 도봉구 삼양로 574-442층,37.654327,127.0132386,15,15
동문장애인복지관,C2225,(장애인) 장애인복지관,장애인지역사회재활시설,자치구,진태진,1123000000,동대문구,서울특별시 동대문구 장안벚꽃로 7길 5　,37.5832322,127.0731949,495,0
파란마음주간보호센터,C2227,(장애인) 장애인주간보호시설,장애인지역사회재활시설,자치구,김경일,1114000000,중구,서울특별시 중구 다산로22길 111층,37.5570692,127.0142753,15,19
구립용산장애인복지관,C2236,(장애인) 장애인복지관,장애인지역사회재활시설,자치구,권기용,1117000000,용산구,서울특별시 용산구 효창원로93길 49 (효창동),37.5389415,126.9631571,0,332
서초구립한우리정보문화센터,C2239,(장애인) 장애인복지관,장애인지역사회재활시설,자치구,위수경,1165000000,서초구,서울특별시 서초구 남부순환로340길 15  ,37.4821422,127.0248702,427,376
성민복지관,C2280,(장애인) 장애인복지관,장애인지역사회재활시설,자치구,차현미,1135000000,노원구,서울특별시 노원구 노원로32길 30-3　,37.6558278,127.06922,,340
기쁜우리복지관,C5036,(장애인) 장애인복지관,장애인지역사회재활시설,자치구,임형균,1150000000,강서구,서울특별시 강서구 허준로 65　,37.5692246,126.848903,,500
강북장애인종합복지관,C5044,(장애인) 장애인복지관,장애인지역사회재활시설,자치구,조석영,1130500000,강북구,서울특별시 강북구 오현로 189강북장애인종합복지관,37.6287227,127.0390729,,282
삼성소리샘복지관,C5102,(장애인) 장애인복지관,장애인지역사회재활시설,자치구,박희연,1159000000,동작구,서울특별시 동작구 양녕로30길 19-4(상도동),37.4991197,126.9459305,0,300
서울시립뇌성마비복지관,C5106,(장애인) 장애인복지관,장애인지역사회재활시설,자치구,송주혜,1135000000,노원구,"서울특별시 노원구 덕릉로70가길 96(상계6,7동 771)(상계동)",37.6423379,127.0567606,0,639
서울시립상이군경복지관,C5107,(장애인) 장애인복지관,장애인지역사회재활시설,자치구,홍흥근,1135000000,노원구,서울특별시 노원구 덕릉로70가길 73-0(상계동),37.6423198,127.0580927,500,462
성동장애인종합복지관,C5162,(장애인) 장애인복지관,장애인지역사회재활시설,자치구,최성자,1120000000,성동구,서울특별시 성동구 청계천로 506-0　,37.5703813,127.033664,1728,350
성북시각장애인복지관,C5163,(장애인) 장애인복지관,장애인지역사회재활시설,자치구,강태봉,1129000000,성북구,서울특별시 성북구 동소문로25가길 20성북시각장애인복지관,37.5953654,127.0192147,,320
실로암주간보호센터,C5164,(장애인) 장애인주간보호시설,장애인지역사회재활시설,자치구,노형지,1162000000,관악구,서울특별시 관악구 조원로 127-2301호,37.4854338,126.9164862,10,10
에덴장애인종합복지관,C5165,(장애인) 장애인복지관,장애인지역사회재활시설,자치구,박정휴,1153000000,구로구,서울특별시 구로구 고척로21가길 84-35　,37.5012016,126.8412634,220,211
정립회관,C5236,(장애인) 장애인복지관,장애인지역사회재활시설,자치구,최종길,1121500000,광진구,서울특별시 광진구 워커힐로 93정립회관,37.5508019,127.0976391,200,1050
한국시각장애인복지관,C5240,(장애인) 장애인복지관,장애인지역사회재활시설,자치구,백남식,1174000000,강동구,서울특별시 강동구 구천면로 645 (상일동),37.5511028,127.1696401,0,0
성분도복지관,C5457,(장애인) 장애인복지관,장애인지역사회재활시설,자치구,김명옥,1174000000,강동구,경기도 광주시 국사봉로 159-10  ,37.3168804,127.3507614,110,1000
양천해누리복지관 ,C5545,(장애인) 장애인복지관,장애인지역사회재활시설,자치구,김경환,1147000000,양천구,서울특별시 양천구 목동동로 159목동동로 159 ,37.5198872,126.8699593,43,43
실로암시각장애인복지관,C6052,(장애인) 장애인복지관,장애인지역사회재활시설,자치구,김미경,1162000000,관악구,서울특별시 관악구 남부순환로 1717 (봉천동),37.4830211,126.9411517,,1800
서부장애인종합복지관,C6314,(장애인) 장애인복지관,장애인지역사회재활시설,자치구,변소현,1138000000,은평구,서울특별시 은평구 갈현로11길 30　,37.6056774,126.9068159,0,600
서대문장애인종합복지관,C6476,(장애인) 장애인복지관,장애인지역사회재활시설,자치구,정유진,1141000000,서대문구,서울특별시 서대문구 북아현로 24,37.559478,126.9570302,,1666
장애인주간보호센터청락원,C6667,(장애인) 장애인주간보호시설,장애인지역사회재활시설,자치구,김선희,1154500000,금천구,서울특별시 금천구 금하로29길 36.,37.4513835,126.9137487,15,15
하늘동산,C6684,(장애인) 장애인주간보호시설,장애인지역사회재활시설,자치구,강숙희,1165000000,서초구,서울특별시 서초구 강남대로65길 195층 (서초동),37.5002601,127.0248647,12,10
하상장애인복지관,C6685,(장애인) 장애인복지관,장애인지역사회재활시설,자치구,허명환,1168000000,강남구,서울특별시 강남구 개포로 613　,37.4925,127.0750392,,780
희망의학교,C6714,(장애인) 장애인주간보호시설,장애인지역사회재활시설,자치구,한병훈,1121500000,광진구,서울특별시 광진구 천호대로 622시민의교회5층(능동),37.5539975,127.0863842,18,18
기쁜우리체육센터,C7183,(장애인) 장애인체육시설,장애인지역사회재활시설,자치구,임형균,1150000000,강서구,서울특별시 강서구 허준로 65,37.5692246,126.848903,,300
에스알씨(SRC)재활체육관,C7188,(장애인) 장애인체육시설,장애인지역사회재활시설,자치구,국은주,1162000000,관악구,경기도 광주시 초월읍 경수길 25에스알씨재활체육관 ,37.4199349,127.2869613,,1000
서부재활체육센터,C7190,(장애인) 장애인체육시설,장애인지역사회재활시설,자치구,황요섭,1138000000,은평구,서울특별시 은평구 갈현로11길 30 (구산동),37.6105584,126.9113127,1300,1300
꿈자람터장애인주간보호센터,C7651,(장애인) 장애인주간보호시설,장애인지역사회재활시설,자치구,이철우,1150000000,강서구,"서울특별시 강서구 공항대로43길 104등촌7종합사회복지관 (등촌동, 등촌주공7,8단지아파트)",37.5601778,126.8507341,10,12
서울시립노원시각장애인복지관,C7664,(장애인) 장애인복지관,장애인지역사회재활시설,자치구,백혜련,1135000000,노원구,서울특별시 노원구 덕릉로70가길 98서울특별시립노원시각장애인복지관,37.6423379,127.0567606,0,14332
늘푸른마을,C7669,(장애인) 장애인주간보호시설,장애인지역사회재활시설,자치구,이동용,1150000000,강서구,서울특별시 강서구 까치산로22길 38,37.5481283,126.852497,12,13
서리풀주간이용센터,C7715,(장애인) 장애인주간보호시설,장애인지역사회재활시설,자치구,위수경,1165000000,서초구,서울특별시 서초구 남부순환로340길 15.,37.4821422,127.0248702,10,10
동작구수어통역센터,C7718,(장애인) 수화통역센터,장애인지역사회재활시설,자치구,조준호,1159000000,동작구,서울특별시 동작구 만양로3길 143층 (노량진동),37.5052428,126.9464253,30,644
종로구수어통역센터,C7728,(장애인) 수화통역센터,장애인지역사회재활시설,자치구,김용주,1111000000,종로구,서울특별시 종로구 종로17길 83층 (종로2가),37.5716023,126.9885816,39,598
양천구수어통역센터,C7729,(장애인) 수화통역센터,장애인지역사회재활시설,자치구,유재성,1147000000,양천구,"서울특별시 양천구 목동중앙북로 682층 (목동, 목동에버하임)(목동, 목동에버하임)",37.5463459,126.8725362,5,6704
성락주간보호,C7743,(장애인) 장애인주간보호시설,장애인지역사회재활시설,자치구,이은옥,1156000000,영등포구,서울특별시 영등포구 도림로 3042층,37.5042222,126.8974082,15,16
민들레쉼터장애인주간보호시설,C7798,(장애인) 장애인주간보호시설,장애인지역사회재활시설,자치구,서승우,1153000000,구로구,"서울특별시 구로구 가마산로 2315동 101호 (구로동, 보광아파트)",37.4953752,126.8857028,10,7
하나렘넌트장애인주간보호센터,C7844,(장애인) 장애인주간보호시설,장애인지역사회재활시설,자치구,김진연,1144000000,마포구,서울특별시 마포구 월드컵로13길 19-13,37.5552651,126.9094309,12,12
서울시농아노인지원센터,C7885,(장애인) 장애인주간보호시설,장애인지역사회재활시설,자치구,이미연,1117000000,용산구,서울특별시 용산구 한강대로21길 17-72층,37.5268138,126.9641288,15,15
디딤돌주간보호센터,C7904,(장애인) 장애인주간보호시설,장애인지역사회재활시설,자치구,전은이,1159000000,동작구,"서울특별시 동작구 대방동7길 571층 101호 (대방동, 한빛빌라)",37.5138094,126.9283307,13,13
마포구수어통역센터,C7978,(장애인) 수화통역센터,장애인지역사회재활시설,자치구,이두세,1144000000,마포구,서울특별시 마포구 월드컵로 213마포장애인복지회관 3층 (성산동),37.5653602,126.9007592,19,3926
메타아카데미주간보호센터,C7979,(장애인) 장애인주간보호시설,장애인지역사회재활시설,자치구,박정수,1174000000,강동구,서울특별시 강동구 양재대로121길 25202호,37.5426047,127.1396816,10,10
하나인장애인주간보호센터,C7988,(장애인) 장애인주간보호시설,장애인지역사회재활시설,자치구,나상운,1121500000,광진구,서울특별시 광진구 능동로59길 14 (중곡동),37.5601002,127.0884168,10,10
로뎀나무,C8010,(장애인) 장애인주간보호시설,장애인지역사회재활시설,자치구,김일석,1150000000,강서구,서울특별시 강서구 까치산로18나길 36오성빌라 1층,37.5458736,126.8495703,10,11
아름드리주간보호센터,C8023,(장애인) 장애인주간보호시설,장애인지역사회재활시설,자치구,양우석,1123000000,동대문구,서울특별시 동대문구 한천로58길 1071층 (이문동),37.5667038,127.062656,10,10
바우뫼주간보호센터,C8055,(장애인) 장애인주간보호시설,장애인지역사회재활시설,자치구,이경희,1165000000,서초구,서울특별시 서초구 바우뫼로 43 1층 ,37.4717563,127.0268847,10,10
맑은샘장애인주간보호시설 ,C8056,(장애인) 장애인주간보호시설,장애인지역사회재활시설,자치구,김원수,1147000000,양천구,서울특별시 양천구 신월로 192201호 (신월동),37.5182791,126.8445939,12,12
렘넌트주간보호센터,C8127,(장애인) 장애인주간보호시설,장애인지역사회재활시설,자치구,이금자,1171000000,송파구,서울특별시 송파구 동남로 303-83층 (오금동),37.5024803,127.1376271,10,11
우리마포장애인주간이용센터,C8129,(장애인) 장애인주간보호시설,장애인지역사회재활시설,자치구,박소현,1144000000,마포구,서울특별시 마포구 신촌로26길 103층,37.5557473,126.9425529,12,12
광진구수어통역센터,C8196,(장애인) 수화통역센터,장애인지역사회재활시설,자치구,석철민,1121500000,광진구,서울특별시 광진구 아차산로 4173층 (구의동)(구의동),37.5444007,127.092844,23,46
강동구수어통역센터,C8199,(장애인) 수화통역센터,장애인지역사회재활시설,자치구,경기현,1174000000,강동구,서울특별시 강동구 성내로 526층 (성내동),37.5286274,127.1252882,0,6038
갑을장애인주간보호센터,C8222,(장애인) 장애인주간보호시설,장애인지역사회재활시설,자치구,박돈곤,1162000000,관악구,서울특별시 관악구 난우16길 13-72층 (신림동),37.4774405,126.9175028,15,11
종로장애인복지관,C8237,(장애인) 장애인복지관,장애인지역사회재활시설,자치구,김은영,1111000000,종로구,서울특별시 종로구 자하문로 89,37.5840898,126.9698189,0,1345
꿈터장애인주간보호센터,C8256,(장애인) 장애인주간보호시설,장애인지역사회재활시설,자치구,육순일,1162000000,관악구,서울특별시 관악구 쑥고개로13길24 (봉천동),37.4806172,126.9440919,15,12
성산푸른초장주간보호시설,C8305,(장애인) 장애인주간보호시설,장애인지역사회재활시설,자치구,홍금화,1150000000,강서구,서울특별시 강서구 양천로30길 143층,37.5696216,126.8230386,15,16
강서뇌성마비 주간보호,C8368,(장애인) 장애인주간보호시설,장애인지역사회재활시설,자치구,박세영,1150000000,강서구,서울특별시 강서구 방화대로45길 692층,37.574533,126.8139647,12,12
우리마포재활치료센터,C8392,(장애인) 장애인재활치료시설,장애인지역사회재활시설,자치구,박소현,1144000000,마포구,서울특별시 마포구 신촌로26길10 (노고산동),37.5558507,126.9421878,50,
서울특별시중구장애인복지관,C8398,(장애인) 장애인복지관,장애인지역사회재활시설,자치구,정진옥,1114000000,중구,서울특별시 중구 퇴계로 460중구종합복지센터 4층,37.5651455,127.022899,0,190
참사랑너나울주간보호센터,C8402,(장애인) 장애인주간보호시설,장애인지역사회재활시설,자치구,정선숙,1130500000,강북구,서울특별시 강북구 한천로143길 391층 (수유동) ,37.640817,127.0237055,15,12
하상점자도서관,C8423,(장애인) 장애인복지관,장애인지역사회재활시설,자치구,허명환,1168000000,강남구,서울특별시 강남구 개포로 613,37.4925,127.0750392,30,30
광림주간보호센터,C8430,(장애인) 장애인주간보호시설,장애인지역사회재활시설,자치구,배재숙,1168000000,강남구,서울특별시 강남구 압구정로22길 21웨슬리관 2층,37.5242435,127.0267841,12,10
남산골주간보호센터,C8447,(장애인) 장애인주간보호시설,장애인지역사회재활시설,자치구,조점희,1114000000,중구,서울특별시 중구 퇴계로20길 41-11남산쉼터 2층 (남산동2가),37.5587736,126.9867946,15,13
영광시각장애인모바일점자도서관,C8462,(장애인) 점자도서관,장애인지역사회재활시설,자치구,,1141000000,서대문구,서울특별시 서대문구 세검정로 78-19올해피복지센터 2층 (홍제동),37.5952111,126.9490362,,30
강북장애인종합복지관주간보호시설,C8480,(장애인) 장애인주간보호시설,장애인지역사회재활시설,자치구,조석영,1130500000,강북구,서울특별시 강북구 오현로 189강북장애인종합복지관(2층),37.6287227,127.0390729,10,12
그린도봉주간보호센터,C8551,(장애인) 장애인주간보호시설,장애인지역사회재활시설,자치구,박정희,1132000000,도봉구,"서울특별시 도봉구 도봉로 575608(쌍문동,삼환프라자) ",37.6563305,127.0387111,12,11
해피죤아동발달지원센터,C8563,(장애인) 장애인재활치료시설,장애인지역사회재활시설,자치구,송금열,1174000000,강동구,"서울특별시 강동구 상암로195, 501호 (명일동, 에이플러스빌딩)",37.5466712,127.1441853,0,48
서울곰두리체육센터,C8632,(장애인) 장애인체육시설,장애인지역사회재활시설,자치구,유석영,1171000000,송파구,서울특별시 송파구 동남로 271,37.5020129,127.1321882,3000,3000
서울시각장애인생활이동지원센터,C8664,(장애인) 장애인생활이동지원센터,장애인지역사회재활시설,자치구,윤상원,1159000000,동작구,"서울특별시 동작구 상도로 216-0상도동, 인경빌딩3,4,6층",37.5050475,126.9426149,3448,1019
하늘아래주간보호시설,C8710,(장애인) 장애인주간보호시설,장애인지역사회재활시설,자치구,이인형,1153000000,구로구,"서울특별시 구로구 경인로23길8 (오류동, 대서프라자 301-1호 오류동)",37.496763,126.844089,10,10
교남발달지원센터,C8720,(장애인) 장애인재활치료시설,장애인지역사회재활시설,자치구,황규인,1150000000,강서구,"서울특별시 강서구 까치산로22길 38, 3층 (화곡동)",37.5481283,126.852497,,36
서울영동주간보호센터,C8758,(장애인) 장애인주간보호시설,장애인지역사회재활시설,자치구,이정호,1168000000,강남구,"서울특별시 강남구 논현로132길20 (논현동, 서울영동교회 교육관2층)",37.5149673,127.0322498,12,12
꿈터2장애인주간보호센터,C8769,(장애인) 장애인주간보호시설,장애인지역사회재활시설,자치구,육순일,1162000000,관악구,서울특별시 관악구 쑥고개로13길22 (봉천동),37.4805239,126.9440792,13,10
예수와주간보호센터,C8774,(장애인) 장애인주간보호시설,장애인지역사회재활시설,자치구,오병석,1168000000,강남구,"서울특별시 강남구 압구정로22길21, 1층 (신사동, 웨슬리관 )",37.5242435,127.0267841,12,11
희망하우스,C8814,(장애인) 장애인주간보호시설,장애인지역사회재활시설,자치구,남유선,1121500000,광진구,서울특별시 광진구 능동로34길 102-52층 (능동),37.5534322,127.0845519,10,10
참사랑 너나울 주간보호센터 2호,C8837,(장애인) 장애인주간보호시설,장애인지역사회재활시설,자치구,정선숙,1130500000,강북구,"서울특별시 강북구 한천로143길 39, 2층 (수유동)",37.6404711,127.0231327,15,12
(주)의학신문사부설 아이맘인지발달연구소,C8848,(장애인) 장애인재활치료시설,장애인지역사회재활시설,자치구,심효정,1121500000,광진구,서울특별시 광진구 동일로 357 (중곡동),37.563544,127.0888304,,80
푸르메스포츠센터,C8929,(장애인) 장애인체육시설,장애인지역사회재활시설,자치구,조영수,1144000000,마포구,서울특별시 마포구 월드컵북로 494푸르메스포츠센터 (상암동),37.5846925,126.8805399,,5203
휴샘아동가족발달센터,C8935,(장애인) 장애인재활치료시설,장애인지역사회재활시설,자치구,이정숙,1150000000,강서구,"서울특별시 강서구 마곡중앙5로 81, 908호 (마곡동)",37.5671206,126.8185752,100,35
구립동대문장애인종합복지관,C8937,(장애인) 장애인복지관,장애인지역사회재활시설,자치구,정은아,1123000000,동대문구,서울특별시 동대문구 청계천로 5210 (용두동)0 (용두동),37.5716445,127.0306902,,
sim 발달지원센터,C8945,(장애인) 장애인재활치료시설,장애인지역사회재활시설,자치구,심경애,1121500000,광진구,"서울특별시 광진구 천호대로136길 50 (구의동, 서진드림빌)",37.547637,127.0899263,,50
하사랑주간보호,C9053,(장애인) 장애인주간보호시설,장애인지역사회재활시설,자치구,김광진,1171000000,송파구,"서울특별시 송파구 올림픽로35길 1241동 501호 (장미A상가,신천동)",37.5182642,127.1019737,10,10
행복한사랑,C9092,(장애인) 장애인주간보호시설,장애인지역사회재활시설,자치구,권명열,1171000000,송파구,"서울특별시 송파구 오금로 548, 1층 (거여동)",37.4926566,127.1497095,10,10
관악구장애인종합복지관,C9126,(장애인) 장애인복지관,장애인지역사회재활시설,자치구,황성혜,1162000000,관악구,서울특별시 관악구 남부순환로 1914 (봉천동),37.4774352,126.9618464,,260
동그라미 움직임 발달센터,C9152,(장애인) 장애인재활치료시설,장애인지역사회재활시설,자치구,이상용,1121500000,광진구,"서울특별시 광진구 자양로 135, 201호 (자양동)",37.5398297,127.0829161,0,17
다니엘치료센터,C9159,(장애인) 장애인재활치료시설,장애인지역사회재활시설,자치구,김훈,1165000000,서초구,서울특별시 서초구 헌릉로468길 21-16다니엘학교 지하1층 ,37.4603732,127.0921844,,60
도봉장애인종합복지관,C9180,(장애인) 장애인복지관,장애인지역사회재활시설,자치구,이상록,1132000000,도봉구,"서울특별시 도봉구 마들로664-23 (도봉동, 도봉장애인종합복지관)",37.6692286,127.0475929,,
하계장애인주간활동센터,C9214,(장애인) 장애인주간보호시설,장애인지역사회재활시설,자치구,오명진,1135000000,노원구,"서울특별시 노원구 노원로16길 15 (하계동, 중계9단지주공영구임대아파트)",37.6427975,127.0743507,16,10
구립중림장애인주간보호센터,C9252,(장애인) 장애인주간보호시설,장애인지역사회재활시설,자치구,엄하나,1114000000,중구,서울특별시 중구 서소문로6길 16 (중림동),37.5594559,126.9661931,12,12
행복주간보호센터,C9269,(장애인) 장애인주간보호시설,장애인지역사회재활시설,자치구,최신혜,1171000000,송파구,"서울특별시 송파구 마천로 89, 4층 (오금동)",37.5069925,127.1303229,10,10
동안우리주간보호센터,C9279,(장애인) 장애인주간보호시설,장애인지역사회재활시설,자치구,신우석,1174000000,강동구,"서울특별시 강동구 풍성로 146, 4층 (성내동)",37.5309622,127.1281397,10,10
라파아동발달센터,C9309,(장애인) 장애인재활치료시설,장애인지역사회재활시설,자치구,김경아,1174000000,강동구,서울특별시 강동구 길동  302호,37.5396157,127.1459293,0,36
아이사랑아동청소년발달센터,C9311,(장애인) 장애인재활치료시설,장애인지역사회재활시설,자치구,신상협,1174000000,강동구,"서울특별시 강동구 아리수로93길 33, 베스트프라자동 302호 (강일동)",37.5658904,127.1735448,0,10
홀트강동복지관,C9322,(장애인) 장애인복지관,장애인지역사회재활시설,자치구,신미숙,1174000000,강동구,서울특별시 강동구 아리수로93길 41 (강일동),37.566236,127.1732613,150,150
성민드림주간보호센터,C9331,(장애인) 장애인주간보호시설,장애인지역사회재활시설,자치구,양경모,1165000000,서초구,서울특별시 서초구 효령로26길 9-9 (방배동),37.4803424,126.9955591,12,10
영광시각장애인주간보호센터,C9359,(장애인) 장애인주간보호시설,장애인지역사회재활시설,자치구,김금실,1141000000,서대문구,서울특별시 서대문구 세무서10길 54 (홍제동),37.5909191,126.9479853,15,14
홀트주간보호센터,C9392,(장애인) 장애인주간보호시설,장애인지역사회재활시설,자치구,신미숙,1174000000,강동구,서울특별시 강동구 아리수로93길 41 (강일동),37.566236,127.1732613,10,10
왕성밀알주간보호센터,C9445,(장애인) 장애인주간보호시설,장애인지역사회재활시설,자치구,이수정,1162000000,관악구,서울특별시 관악구 신림로58길 8 (신림동),37.4821536,126.9303365,10,10
이음주간교육센터,C9462,(장애인) 장애인주간보호시설,장애인지역사회재활시설,자치구,이인숙,1130500000,강북구,"서울특별시 강북구 한천로129길11, 1층 (번동)",37.6373431,127.029712,12,8
킨더윌언어심리전문센터,C9503,(장애인) 장애인재활치료시설,장애인지역사회재활시설,자치구,이유진,1135000000,노원구,"서울특별시 노원구 상계로23다길 13-8, 1층 107-1,7,8호 (상계동, 노원아이파크)",37.6597835,127.0691598,150,
꿈친장애인주간보호센터,C9511,(장애인) 장애인주간보호시설,장애인지역사회재활시설,자치구,김형주,1156000000,영등포구,"서울특별시 영등포구 은행로 55, 1층 (여의도동)",37.5304487,126.9242524,10,
강남세움복지관,C9513,(장애인) 장애인복지관,장애인지역사회재활시설,자치구,김귀자,1168000000,강남구,서울특별시 강남구 광평로60길 22 (수서동),37.4870564,127.106901,1000,
선한이웃 재활운동발달센터,C9546,(장애인) 장애인재활치료시설,장애인지역사회재활시설,자치구,정명철,1135000000,노원구,"서울특별시 노원구 공릉로58길 112, 3층 1호 (하계동, 순흥아트빌)",37.6357271,127.0746958,80,
은평구립우리장애인복지관,C9652,(장애인) 장애인복지관,장애인지역사회재활시설,자치구,이상하,1138000000,은평구,서울특별시 은평구 녹번로1길 13 (녹번동)(녹번동),37.6047646,126.9265456,300,
금천발달장애인주간보호센터,C9657,(장애인) 장애인주간보호시설,장애인지역사회재활시설,자치구,김춘호,1154500000,금천구,"서울특별시 금천구 시흥대로73길 30, 4층 (시흥동, 금천어울림복지센터)",37.4569401,126.8976095,15,
40플러스 금곡행복쉼터 주간보호센터,C9711,(장애인) 장애인주간보호시설,장애인지역사회재활시설,자치구,임광수,1150000000,강서구,"서울특별시 강서구 방화대로45길 69, 6층 (방화동)",37.5742085,126.8125801,10,
염리장애인주간보호센터,C9746,(장애인) 장애인주간보호시설,장애인지역사회재활시설,자치구,최상진,1144000000,마포구,"서울특별시 마포구 대흥로24길50 (염리동, 2층)",37.5430332,126.9378804,12,
선한이웃재활운동발달센터,F04401,(장애인) 장애인재활치료시설,장애인지역사회재활시설,자치구,정명철,1135000000,노원구,"서울특별시 노원구 공릉로58길 112301호 (하계동, 순흥빌라트)",37.6352968,127.0748962,0,80
킨더윌언어심리전문센터,F04402,(장애인) 장애인재활치료시설,장애인지역사회재활시설,자치구,이유진,1135000000,노원구,"서울특별시 노원구 상계로23다길 13-8107호 (상계동, 노원 아이파크)",37.6597835,127.0691598,,0
시설테스트1호,F04562,(장애인) 장애인복지관,장애인지역사회재활시설,자치구,홍길동,1100000000,서울특별시,"서울특별시 성동구 무학로 50 (하왕십리동, 벽산아파트)",37.5687032,127.0316644,,
염리종합사회복지관 내 주간보호센터,F04656,(장애인) 장애인주간보호시설,장애인지역사회재활시설,자치구,미정,1144000000,마포구,서울특별시 마포구 숭문길 14마포구 염리동 14-11일대(염리3구역 사회복지시설용지)(염리동),37.5470876,126.9456663,,
공덕동행복주택 내 장애인주간보호센터,F04759,(장애인) 장애인주간보호시설,장애인지역사회재활시설,자치구,,1144000000,마포구,서울특별시 마포구 백범로31길 21행복주택 (공덕동)(공덕동),37.5467447,126.949975,,