,시설명,공연장수,총객석수,공연장명,객석수,시설특성,개관연도,지역,Unnamed: 8,구,Latitude,Longitude
4,1M SPACE,1,55,1M SPACE,55,민간(대학로 외),2019,서울,서대문구,서울특별시 서대문구 연세로4길 27 (창천동),37.5576159,126.9382061
5,1m클래식아트홀,1,130,1m클래식아트홀,130,민간(대학로),2008,서울,종로구,서울 종로구 종로1길 50 (중학동)더케이트윈타워,37.574638,126.979181
8,2001 아울렛키즈홀 [구로],1,100,2001 아울렛키즈홀 [구로],100,민간(대학로 외),2008,서울,구로구,서울특별시 구로구 중앙로1길 36 (고척동),37.4981005,126.8626639
10,20세기소년,1,0,20세기소년,0,민간(대학로 외),0,서울,중구,서울특별시 중구 동호로24길 27-5(장충동2가),37.560452,127.0051137
11,242,1,0,242,0,기타(비공연장),0,서울,용산구,서울특별시 용산구 이태원로 242 (한남동) 2층,37.536253,127.0003007
14,369마실,1,0,369마실,0,기타(비공연장),0,서울,성북구,서울특별시 성북구 삼선교로4가길 13-1 (삼선동1가),37.5870299,127.0059543
15,4560designhaus (디자인하우스),1,0,4560designhaus(디자인하우스),0,기타(비공연장),0,서울,서초구,서울특별시 서초구 매헌로 16 (양재동),37.4633949,127.0370136
17,57th gallery(57갤러리),1,0,57th gallery(57갤러리),0,기타(비공연장),0,서울,종로구,서울특별시 종로구 율곡로3길 17 (송현동),37.5783639,126.9821577
18,63아트홀,1,467,63아트홀,467,민간(대학로 외),2009,서울,영등포구,서울특별시 영등포구 63로 50 (여의도동),37.520693,126.9371057
19,640아트타워,1,92,640아트홀,92,민간(대학로 외),2016,서울,강남구,서울특별시 강남구 언주로172길 25 (신사동),37.5275808,127.0360355
33,CJ아지트 광흥창,1,250,CJ아지트 광흥창,250,민간(대학로 외),2009,서울,마포구,서울특별시 마포구 창전로 14 (신정동) CJ아지트,37.5442097,126.9303207
34,CJ아지트 대학로 (구. SM아트홀),1,190,CJ아지트 대학로 (구. SM아트홀),190,민간(대학로),2016,서울,종로구,서울특별시 종로구 대학로12길 69 (동숭동),37.5810306,127.00396
36,CLUB bender(클럽 벤더),1,0,CLUB bender(클럽 벤더),0,민간(대학로 외),0,서울,마포구,서울특별시 마포구 와우산로14길 4 (상수동) 지하1층,37.5500521,126.9233505
38,CTS아트홀,1,404,CTS아트홀,404,민간(대학로 외),2005,서울,동작구,서울특별시 동작구 노량진로 100 (노량진동),37.5129482,126.9370009
40,D:BASE (디:베이스),1,212,D:BASE (디:베이스),212,민간(대학로),2015,서울,종로구,서울특별시 종로구 대학로10길 26 (동숭동),37.5830555,127.004009
43,DS ART HALL(창선당),1,137,DS ART HALL(창선당),137,민간(대학로 외),2014,서울,종로구,서울특별시 종로구 청계천로 279 (종로6가),37.5709151,127.0078321
44,Ean Hall For Jazz (이안홀),1,0,Ean Hall For Jazz (이안홀),0,민간(대학로 외),0,서울,강남구,서울특별시 강남구 테헤란로77길 11-19(삼성동),37.5066935,127.0530523
47,GBB스페이스홀(구. 임혁필소극장),1,100,GBB스페이스홀(구. 임혁필소극장),100,민간(대학로 외),2012,서울,마포구,서울특별시 마포구 포은로 14 (합정동),37.5494824,126.9093061
49,G스페이스홀(지스페이스홀),1,55,G스페이스홀(지스페이스홀),55,민간(대학로 외),2020,서울,마포구,서울특별시 마포구 포은로 14 (합정동),37.5494824,126.9093061
50,H-스테이지,1,0,H-스테이지,0,민간(대학로 외),0,서울,마포구,서울특별시 마포구 와우산로 97(서교동),37.5531151,126.9243483
55,IMCL MUSIC STUDIO,1,0,IMCL MUSIC STUDIO,0,민간(대학로 외),2022,서울,강서구,서울특별시 강서구 공항대로42길 23-3(내발산동),37.5567651,126.8437662
56,IPAC홀(인터내셔널퍼포밍아트센터),1,0,IPAC홀(인터내셔널퍼포밍아트센터),0,민간(대학로 외),0,서울,서초구,서울특별시 서초구 효령로52길 16 (서초동),37.4836118,127.0128407
60,JCC 아트센터,4,175,"콘서트홀
4전시장
오디토리움
크리에이티브 스튜디오","175
0
0
0",민간(대학로),2015,서울,종로구,서울특별시 종로구 창경궁로35길 29 (혜화동) JCC 아트센터,37.5872782,127.0020262
61,JCC크리에이티브센터,1,0,스튜디오,0,민간(대학로 외),0,서울,종로구,서울특별시 종로구 창경궁로35길 45(혜화동),37.5873247,127.0027881
62,JDB스퀘어,1,120,JDB스퀘어,120,민간(대학로 외),2018,서울,마포구,서울특별시 마포구 잔다리로 31 (서교동),37.5512165,126.9196331
63,JH아트홀,1,155,JH아트홀,155,민간(대학로),2012,서울,종로구,서울특별시 종로구 대학로8가길 64 (동숭동),37.5830057,127.0030586
64,JS아트홀 (구. 고스트씨어터 구.다소니씨어터),1,194,JS아트홀 (구. 고스트씨어터 구.다소니씨어터),194,민간(대학로),2018,서울,종로구,서울특별시 종로구 동숭길 94 (동숭동),37.5824409,127.004348
65,JTN 아트홀(구. 대학로예술마당),4,856,"2관
1관
4관
3관","210
230
208
208",민간(대학로),2016,서울,종로구,서울특별시 종로구 이화장길 26 (이화동),37.5766289,127.0039406
66,JnJ아트컨벤션,1,0,JnJ아트컨벤션,0,민간(대학로 외),0,서울,영등포구,서울특별시 영등포구 문래로 164 (문래동3가),37.5176027,126.8999775
69,KBEC발레시어터,1,75,소극장,75,민간(대학로 외),2017,서울,송파구,서울특별시 송파구 양재대로71길 8 (방이동) KBEC발레시어터,37.5106306,127.1260091
73,KBS스포츠월드(아레나),1,2222,KBS아레나,2222,공공(기타),2015,서울,강서구,서울특별시 강서구 공항대로 376 (화곡동) kbs스포츠월드,37.5566101,126.8483497
74,KBS홀,1,1661,KBS홀,1661,공공(기타),1991,서울,영등포구,서울특별시 영등포구 여의공원로 13 (여의도동),37.5253618,126.916382
79,KB아트홀 [강남] (구. LIG아트홀 강남),1,147,KB아트홀 [강남] (구. LIG아트홀 강남),147,민간(대학로 외),2006,서울,강남구,서울특별시 강남구 테헤란로 117 (역삼동) KB손해보험빌딩,37.4991928,127.0302652
83,KOCCA콘텐츠문화광장,1,193,스테이지66,193,공공(기타),2017,서울,동대문구,서울특별시 동대문구 회기로 66 (청량리동),37.5905801,127.044711
84,KOMCA홀,1,0,KOMCA홀,0,민간(대학로 외),0,서울,강서구,서울특별시 강서구 공항대로 332(내발산동),37.5576109,126.8442862
85,KOTE(코트),1,0,KOTE Live,0,민간(대학로 외),0,서울,종로구,서울특별시 종로구 인사동길 7 (인사동),37.5735356,126.9866641
88,KT&G 상상마당 대치아트홀,1,422,KT&G 상상마당 대치아트홀,422,민간(대학로 외),2006,서울,강남구,서울특별시 강남구 영동대로 416 (대치동),37.4991887,127.0633458
89,KT&G 상상마당 라이브홀 [마포],1,185,KT&G 상상마당 라이브홀 [마포],185,민간(대학로 외),2007,서울,마포구,서울특별시 마포구 어울마당로 65 (서교동),37.551001,126.9210338
91,KT체임버홀,1,403,KT체임버홀,403,민간(대학로 외),2009,서울,양천구,서울특별시 양천구 목동서로 201 (목동),37.529457,126.871118
92,Kuonechan Object Vinyl Sign Event,1,100,Kuonechan Object Vinyl Sign Event,100,민간(대학로 외),0,서울,마포구,서울특별시 마포구 와우산로33길 27 (서교동),37.555558,126.928879
93,L&S아트홀(빛과소리아트홀),1,280,L&S아트홀(빛과소리아트홀),280,민간(대학로 외),2007,서울,서초구,서울특별시 서초구 서초중앙로24길 55 (서초동) 서초프라자 지하3층,37.4961565,127.0193719
94,LG아트센터 서울,2,1700,"LG SIGNATURE 홀
U+ 스테이지","1,335
365",민간(대학로 외),2022,서울,강서구,서울특별시 강서구 마곡중앙로 136(마곡동),37.5678212,126.8323393
95,LIG아트홀 [합정],1,190,LIG아트홀 [합정],190,민간(대학로 외),2013,서울,마포구,서울특별시 마포구 양화로 19 (합정동),37.549113,126.911227
96,LP Sound Studio,1,0,LP Sound Studio,0,민간(대학로 외),0,서울,서초구,서울특별시 서초구 바우뫼로41길 16(양재동),37.4812991,127.0413242
97,M Stage(엠스테이지),2,260,"1관
2관","180
80",민간(대학로 외),0,서울,종로구,서울특별시 종로구 인사동길 34-1 (관훈동),37.5741575,126.984682
98,M50클럽,1,0,M50클럽,0,민간(대학로),0,서울,마포구,서울특별시 마포구 월드컵북로6길 60 (동교동),37.5592737,126.9216588
102,MHN STAGE,1,80,MHN STAGE,80,민간(대학로 외),0,서울,마포구,서울특별시 마포구 와우산로 117 (서교동),37.5536267,126.9263948
103,MILDEYES,1,0,MILDEYES,0,기타(비공연장),2019,서울,용산구,서울특별시 용산구 녹사평대로 210-7(이태원동),37.5365147,126.987433
104,MODE 127,1,0,MODE 127,0,민간(대학로 외),0,서울,용산구,서울특별시 용산구 이태원로 190(이태원동),37.5358612,126.9899253
105,Mfor 아트스페이스,1,72,소극장,72,민간(대학로 외),0,서울,강남구,서울특별시 강남구 학동로30길 43-7 (논현동),37.5115913,127.0335361
106,Moor Seoul,1,0,Moor Seoul,0,민간(대학로 외),0,서울,용산구,서울특별시 용산구 한남대로20길 28 (한남동),37.5349195,127.0083321
107,Muno Studio,1,60,Muno Studio,60,민간(대학로 외),0,서울,서초구,서울특별시 서초구 강남대로8길 15-1(양재동),37.4815302,127.037622
108,M극장,1,150,M극장,150,민간(대학로 외),2006,서울,강남구,서울특별시 강남구 논현로4길 36 (개포동),37.4736878,127.0529479
111,NC소극장 [강서],1,100,NC소극장 [강서],100,민간(대학로 외),2009,서울,강서구,서울특별시 강서구 강서로56길 17 (등촌동),37.5599625,126.8403501
114,NH아트홀 판타스틱 전용관,1,405,NH아트홀 판타스틱 전용관,405,민간(대학로 외),2011,서울,중구,서울특별시 중구 통일로 120 (충정로1가),37.5665004,126.9682574
115,NVM,1,0,NVM,0,기타(비공연장),0,서울,마포구,서울특별시 마포구 동교로22길 14(서교동),37.5551122,126.9188107
117,Provoke Seoul(프로보크 서울),1,0,Provoke Seoul(프로보크 서울),0,민간(대학로 외),0,서울,영등포구,서울특별시 영등포구 영신로 87(문래동3가),37.5207302,126.8902181
118,R&J씨어터(구. 연진아트홀),1,130,R&J씨어터(구. 연진아트홀),130,민간(대학로),2006,서울,종로구,서울특별시 종로구 낙산길 14 (동숭동),37.5803585,127.005287
119,SAC 아트홀,1,295,SAC 아트홀,295,민간(대학로 외),2017,서울,강남구,서울특별시 강남구 삼성로 534 (삼성동),37.513975,127.0561274
120,SCC 선 아트홀,1,75,SCC 선 아트홀,75,민간(대학로 외),0,서울,서초구,서울특별시 서초구 동산로 44(양재동),37.4711131,127.0438378
121,"SCC홀(구. DS홀, 서울바로크챔버홀)",1,200,"SCC홀(구. DS홀, 서울바로크챔버홀)",200,민간(대학로 외),2005,서울,서초구,서울특별시 서초구 남부순환로325길 9,37.4817433,127.0144813
123,SETEC,1,1000,제3전시실,1000,기타(비공연장),2014,서울,강남구,서울특별시 강남구 남부순환로 3104(대치동),37.4957886,127.0717955
124,SH아트홀,1,262,SH아트홀,262,민간(대학로),2011,서울,종로구,서울특별시 종로구 동숭길 25 (동숭동),37.5799187,127.0035083
125,SILICA GEL VINYL POP-UP,1,100,SILICA GEL VINYL POP-UP,100,민간(대학로 외),0,서울,마포구,서울특별시 마포구 와우산로33길 27 (서교동),37.555558,126.928879
126,SJA HALL,1,120,SJA HALL,120,민간(대학로),2013,서울,종로구,서울특별시 종로구 대학로 89 - 0 대학로SJA빌딩,37.5792003,127.0018002
127,SJ비보이극장(구. 비보이전용극장),1,356,SJ비보이극장(구. 비보이전용극장),356,민간(대학로 외),2005,서울,마포구,서울특별시 마포구 와우산로 121 (서교동),37.553552,126.9267194
128,SPACE B1(스페이스비원),1,30,SPACE B1(스페이스비원),30,기타(비공연장),2018,서울,서초구,서울특별시 서초구 남부순환로347길 28 (서초동),37.4856552,127.0317091
129,SPACE BRICK (스페이스브릭),1,0,SPACE BRICK (스페이스브릭),0,민간(대학로 외),0,서울,마포구,서울특별시 마포구 잔다리로 31(서교동),37.5512165,126.9196331
131,T'able 비엘106 [강남],1,0,T'able 비엘106 [강남],0,기타(비공연장),0,서울,강남구,서울특별시 강남구 역삼로 106 (역삼동),37.492943,127.030965
132,TCC 아트센터,1,150,TCC 아트홀,150,민간(대학로 외),2011,서울,영등포구,서울특별시 영등포구 국회대로 539,37.5293095,126.8948157
133,TINC This is Not a Church(구. 명성교회),1,0,TINC,0,민간(대학로 외),2020,서울,성북구,서울특별시 성북구 동소문로10길 34-16 (삼선동4가),37.588976,127.0112856
135,The Nora stage Y(더노라 스테이지와이),1,100,The Nora stage Y(더노라 스테이지와이),100,민간(대학로 외),0,서울,마포구,서울특별시 마포구 와우산로29바길 19 (서교동) 1층,37.5554873,126.9259767
136,VERY(베리컴퍼니),2,270,"2관
1관","135
135",민간(대학로),0,서울,종로구,서울특별시 종로구 동숭3길 30 (동숭동),37.5823459,127.0048027
138,WILD WILD 전용관,1,179,WILD WILD 전용관,179,민간(대학로 외),0,서울,강남구,서울특별시 강남구 도산대로51길 19(신사동),37.5244286,127.0376581
139,We.AN (갤러리위안),1,0,We.AN (갤러리위안),0,기타(비공연장),0,서울,마포구,서울특별시 마포구 양화로16길 14-16(서교동),37.5527674,126.9200516
143,entry55,1,88,entry55,88,민간(대학로 외),2022,서울,동작구,서울특별시 동작구 동작대로1길 18(사당동),37.4774316,126.9802279
144,가나의집열림홀,1,143,가나의집열림홀,143,민간(대학로 외),2005,서울,종로구,서울특별시 종로구 대학로3길 9 (연지동),37.575045,126.9995419
148,가온스테이지,1,60,가온스테이지,60,민간(대학로 외),0,서울,마포구,서울특별시 마포구 잔다리로 59(서교동),37.5530877,126.9174838
154,가톨릭청년회관,1,200,"다리소극장 (구, CY씨어터)",200,민간(대학로 외),2010,서울,마포구,서울특별시 마포구 월드컵북로2길 49 (동교동),37.5572275,126.9230503
157,갈산문화예술센터,2,299,"아이누리홀
아트홀","200
99",공공(문예회관),2022,서울,양천구,서울특별시 양천구 목동남로 106(신정동),37.5107579,126.8701549
159,강남구민회관,1,516,강당,516,공공(기타),2005,서울,강남구,서울특별시 강남구 삼성로 154 (대치동),37.4938496,127.06415
161,강남씨어터,1,232,강남씨어터,232,공공(기타),2007,서울,강남구,서울특별시 강남구 역삼로7길 16 (역삼동),37.4953545,127.0332497
162,강남아트홀,2,270,"1관
2관","150
120",민간(대학로 외),2010,서울,서초구,"서울특별시 서초구 서초대로73길 30 (서초동, 서초성우빌리지)",37.5000705,127.0248522
163,강동구민회관,1,608,대강당,608,공공(기타),1989,서울,강동구,서울특별시 강동구 상암로 168 (천호동) 강동구민회관,37.5457299,127.1412042
165,강동아트센터,5,3256,"소극장 드림
대극장 한강
스튜디오#1
스튜디오#3(폐관)
잔디마당(바람꽃마당)(폐관)","254
862
100
40
2,000",공공(문예회관),2011,서울,강동구,서울특별시 강동구 동남로 870 (상일동),37.5511028,127.1696401
166,강동어린이회관,1,162,아이누리홀,162,공공(기타),2007,서울,강동구,서울특별시 강동구 성내로6길 16 (성내동),37.5291753,127.1224527
174,강북문화예술회관,1,668,대공연장,668,공공(문예회관),2001,서울,강북구,서울특별시 강북구 삼각산로 85 (수유동),37.6407905,127.0134278
175,강북문화예술회관 강북진달래홀,1,171,강북문화예술회관 강북진달래홀,171,공공(기타),2022,서울,강북구,서울특별시 강북구 삼각산로 85(수유동),37.6407905,127.0134278
176,강북솔밭국악당,1,100,솔밭국악당,100,민간(대학로 외),0,서울,강북구,서울특별시 강북구 삼양로 579 (우이동),37.6546777,127.0126751
177,강서구민회관,2,694,"우장홀
노을극장","609
85",공공(문예회관),1989,서울,강서구,서울특별시 강서구 우장산로 66 (내발산동),37.5519333,126.8416092
178,강서아트리움,1,215,아리홀,215,공공(문예회관),0,서울,강서구,서울특별시 강서구 가로공원로 195 (화곡동),37.5375136,126.837574
183,갤러리 반포대로5,1,0,갤러리 반포대로5,0,기타(비공연장),0,서울,서초구,서울특별시 서초구 반포대로 5(서초동),37.4810449,127.012528
186,거암아트홀,1,144,거암아트홀,144,민간(대학로 외),2022,서울,강남구,서울특별시 강남구 강남대로 652(신사동),37.523526,127.0374236
193,건국대학교 새천년관,1,805,대공연장,805,민간(대학로 외),2000,서울,광진구,서울특별시 광진구 능동로 120 (화양동) 건국대학교,37.5407625,127.0793428
196,게토얼라이브,1,75,게토얼라이브,75,민간(대학로 외),0,서울,성동구,서울특별시 성동구 왕십리로 104 (성수동1가) 정일빌딩,37.5393223,127.0468566
198,경기대학교 [서울],1,100,실습동,100,민간(대학로 외),2012,서울,서대문구,서울특별시 서대문구 경기대로9길 24 (충정로2가),37.5657002,126.9653007
206,경동교회,1,450,경동교회,450,기타(비공연장),1945,서울,중구,서울특별시 중구 장충단로 204 (장충동1가),37.5609763,127.0075809
208,경복궁,1,0,경회루,0,기타(비공연장),0,서울,종로구,서울특별시 종로구 사직로 161 (세종로),37.5808473,126.9768515
209,경복궁아트홀,1,180,경복궁아트홀,180,민간(대학로 외),2012,서울,종로구,서울특별시 종로구 자하문로 82 (효자동),37.5833524,126.9706979
228,경향아트힐,6,1652,"4관
6관
1관
2관
썬앤문전용관
5관","347
174
292
327
300
212",민간(대학로 외),2003,서울,중구,서울특별시 중구 정동길 3 (정동),37.5681697,126.9699923
229,경희대학교 평화의전당,1,4500,경희대학교 평화의전당,4500,민간(대학로 외),1999,서울,동대문구,서울특별시 동대문구 경희대로6길 7-13 (회기동),37.5967122,127.0513948
236,고라니 특공대,1,0,고라니 특공대,0,기타(비공연장),0,서울,마포구,서울특별시 마포구 토정로 136(상수동),37.5452576,126.9263165
237,고려사이버대학교,1,250,대강당,250,기타(비공연장),2001,서울,종로구,서울특별시 종로구 북촌로 106 (계동),37.5790812,126.9866179
255,골드레이블 매직,1,0,골드레이블 매직,0,민간(대학로 외),0,서울,강남구,서울특별시 강남구 도산대로12길 6(논현동),37.5171011,127.0234498
257,공간 222,1,33,공간 222,33,민간(대학로 외),2016,서울,성북구,서울특별시 성북구 동소문로 24 (동소문동2가),37.5883577,127.0065274
258,공간 만차,1,0,공간 만차,0,민간(대학로 외),0,서울,용산구,서울특별시 용산구 이태원로54길 5(한남동),37.5380507,127.0019398
259,공간 아진,1,0,공간 아진,0,민간(대학로 외),0,서울,동작구,서울특별시 동작구 사당로30길 163(사당동),37.4774993,126.9807794
260,공간 와디즈,1,0,공간 와디즈,0,민간(대학로 외),0,서울,성동구,서울특별시 성동구 연무장1길 7-1(성수동2가),37.5445381,127.0505583
262,공간 하제,1,0,공간 하제,0,민간(대학로 외),0,서울,중구,서울특별시 중구 필동로1길 10-6(필동3가),37.5586621,126.9982934
268,공간아울,1,172,공간아울,172,민간(대학로),2010,서울,종로구,서울특별시 종로구 대학로 120 (동숭동),37.581408,127.0048867
271,공감M아트센터,1,30,소극장,30,민간(대학로 외),2018,서울,성북구,서울특별시 성북구 보문로40길 11 (동소문동5가),37.591885,127.0140266
272,공감센터,1,1024,공감홀,1024,민간(대학로 외),2006,서울,중구,서울특별시 중구 퇴계로88길 38 (신당동),37.5640589,127.0202613
273,공공그라운드,1,90,001스테이지,90,민간(대학로),2017,서울,종로구,서울특별시 종로구 대학로 116 (동숭동),37.581408,127.0048867
274,공덕교회,1,1000,공덕교회,1000,기타(비공연장),2010,서울,마포구,서울특별시 마포구 마포대로11길 30 (공덕동),37.5503683,126.9603081
275,공상온도,1,80,공상온도,80,기타(비공연장),2016,서울,마포구,서울특별시 마포구 동교로23길 40 (동교동),37.5576565,126.9198014
280,관악아트홀(구. 관악문화관),1,698,관악아트홀(구. 관악문화관),698,공공(문예회관),2002,서울,관악구,서울특별시 관악구 신림로3길 35 (신림동),37.4675139,126.9448053
282,광림아트센터,2,1639,"장천홀
BBCH홀","613
1,026",민간(대학로 외),2005,서울,강남구,서울특별시 강남구 논현로163길 33 (신사동),37.5238869,127.0251531
291,광야아트센터,1,212,광야아트센터,212,민간(대학로 외),2019,서울,강남구,서울특별시 강남구 선릉로 806 (청담동),37.5238647,127.0396187
295,광운대학교 동해문화예술관,2,2432,"대극장
소극장","2,029
403",민간(대학로 외),1994,서울,노원구,서울특별시 노원구 광운로 20(월계동),37.6197029,127.0596708
320,광진어린이공연장,1,0,광진어린이공연장,0,민간(대학로 외),0,서울,광진구,서울특별시 광진구 능동로 400(중곡동),37.563544,127.0888304
323,광화문아트홀,1,278,광화문아트홀,278,공공(문예회관),2008,서울,종로구,서울특별시 종로구 인왕산로1길 21 (사직동),37.5742758,126.9646707
325,구. LG아트센터,1,1103,구. LG아트센터,1103,민간(대학로 외),2000,서울,강남구,서울특별시 강남구 논현로 508 (역삼동),37.5020938,127.0367984
328,구로구민회관,1,531,구로구민회관,531,공공(문예회관),1989,서울,구로구,서울특별시 구로구 가마산로25길 21 (구로동),37.4969468,126.8895561
329,구로아트밸리,1,579,예술극장,579,공공(문예회관),2008,서울,구로구,서울특별시 구로구 가마산로25길 9-24 (구로동),37.4965581,126.8889641
330,구름아래소극장,1,200,구름아래소극장,200,민간(대학로 외),2019,서울,마포구,서울특별시 마포구 와우산로29가길 15 (서교동),37.5541875,126.92854
338,구세군아트홀,1,0,구세군아트홀,0,민간(대학로 외),0,서울,서대문구,서울특별시 서대문구 충정로 7 (충정로3가),37.560129,126.9622567
339,국기원,1,3000,국기원,3000,기타(비공연장),1972,서울,강남구,서울특별시 강남구 테헤란로7길 32 (역삼동),37.5022479,127.0299746
343,국립국악원,5,2367,"예악당
우면당
풍류사랑방
연희마당
진악당(폐관)","706
231
130
700
600",국립,1951,서울,서초구,서울특별시 서초구 남부순환로 2364 (서초동) 국립국악원,37.4777592,127.0083043
344,국립극단 [명동],1,558,명동예술극장,558,국립,2009,서울,중구,서울특별시 중구 명동길 35 (명동1가),37.5643018,126.9846643
345,국립극단 [용산],8,332,"백성희장민호극장
소극장판
등나무
스튜디오 둘
스튜디오하나
야외마당
작은숲속 극장
블록블록 극장","182
100
0
50
0
0
0
0",국립,2010,서울,용산구,서울특별시 용산구 청파로 373 (서계동),37.5529785,126.967967
346,국립극장,5,2460,"하늘극장
별오름극장
해오름극장
달오름극장
연습실","627
100
1,221
512
0",국립,1973,서울,중구,서울특별시 중구 장충단로 59 (장충동2가),37.5528698,127.0001308
355,국립정동극장,2,386,"국립정동극장
정동마루","326
60",국립,1995,서울,중구,서울특별시 중구 정동길 43 (정동),37.5658794,126.9728864
356,국립정동극장 세실 (구.세실극장),1,234,국립정동극장 세실 (구.세실극장),234,국립,1976,서울,중구,서울특별시 중구 세종대로19길 16 (정동),37.5669296,126.9708741
358,국립중앙박물관,1,416,대강당,416,국립,2005,서울,용산구,서울특별시 용산구 서빙고로 137 (용산동6가),37.5186337,126.9848172
359,국립중앙박물관 극장 용,1,805,국립중앙박물관 극장 용,805,국립,2005,서울,용산구,서울특별시 용산구 서빙고로 137 (용산동6가),37.5186337,126.9848172
363,국민대학교 예술대학,1,400,대극장,400,민간(대학로 외),2001,서울,성북구,서울특별시 성북구 정릉로 77 - 0 국민대학교,37.6108694,126.9972889
364,국민대학교 제로원디자인센터,1,40,국민대학교 제로원디자인센터,40,민간(대학로),2004,서울,종로구,서울특별시 종로구 동숭길 122-6 (동숭동),37.5834328,127.0040173
365,국제아트홀,1,170,국제아트홀,170,민간(대학로 외),0,서울,강남구,서울특별시 강남구 압구정로 162 (신사동),37.5262974,127.0274473
367,국화소극장,1,60,국화소극장,60,민간(대학로 외),2014,서울,동작구,서울특별시 동작구 상도로30길 8 (상도동),37.5047764,126.941268
375,굿씨어터,1,369,굿씨어터,369,민간(대학로),2004,서울,종로구,서울특별시 종로구 대학로 144 (혜화동),37.5839645,127.002167
377,그랜드 워커힐 서울(비스타 워커힐 서울),2,1420,"워커힐 시어터
비스타홀","720
700",민간(대학로 외),2002,서울,광진구,서울특별시 광진구 워커힐로 177 (광장동),37.5551679,127.1114168
379,그레뱅뮤지엄,1,120,그레뱅뮤지엄,120,기타(비공연장),0,서울,중구,서울특별시 중구 을지로 23 (을지로1가),37.5659874,126.9805864
383,극단 작은곰 연습실,1,0,극단 작은곰 연습실,0,민간(대학로 외),0,서울,강남구,서울특별시 강남구 일원로3길 28 (일원동),37.4917696,127.0827375
384,극단 제이와이,1,0,극단 제이와이,0,민간(대학로 외),0,서울,서대문구,서울특별시 서대문구 신촌로 173-2 (대현동),37.5604123,126.9463132
385,극장 PLOT,1,0,극장 PLOT,0,민간(대학로 외),0,서울,서대문구,서울특별시 서대문구 연세로4길 27(창천동),37.5576159,126.9382061
386,극장 동국,1,84,극장 동국,84,민간(대학로),2014,서울,종로구,서울특별시 종로구 창경궁로 259,37.5845541,127.000041
387,극장 봄 (봄소극장),1,55,극장 봄,55,민간(대학로),2011,서울,성북구,서울특별시 성북구 삼선교로 14 (삼선동1가),37.5875782,127.0073115
388,극장 칸테움,1,140,극장 칸테움,140,민간(대학로 외),0,서울,구로구,서울특별시 구로구 디지털로 32가길 25 (구로동),37.4821697,126.8988986
394,글루호텔 블루레인라운지,1,0,글루호텔 블루레인라운지,0,민간(대학로),0,서울,종로구,서울특별시 종로구 율곡로 228(이화동),37.5757976,127.0039601
396,금나래아트홀,1,552,금나래아트홀,552,공공(문예회관),2008,서울,금천구,서울특별시 금천구 시흥대로73길 70 (시흥동),37.4568163,126.8954085
402,금천구민문화체육센터,1,286,소극장,286,공공(기타),2001,서울,금천구,서울특별시 금천구 독산로54길 188 (독산동),37.4701375,126.9072634
403,금천문화원(금천문화회관),1,194,금천문화원(금천문화회관),194,공공(기타),1999,서울,금천구,서울특별시 금천구 시흥대로38길 61 (시흥동) 금천문화원,37.4465482,126.9043134
404,금천뮤지컬센터,1,197,금천예술극장,197,공공(기타),2021,서울,금천구,서울특별시 금천구 시흥대로115길 48(독산동),37.4684617,126.894432
405,금호아트홀 연세,1,390,금호아트홀 연세,390,민간(대학로 외),2015,서울,서대문구,서울특별시 서대문구 연세로 50 (신촌동) 연세대학교 백양누리 B1 금호아트홀 연세,37.5628658,126.9373179
411,긱라이브하우스,1,60,긱라이브하우스,60,민간(대학로 외),2003,서울,마포구,서울특별시 마포구 신촌로10길 7(동교동),37.5563896,126.9320578
433,김희수아트센터,1,198,SPACE 1(다목적홀),198,민간(대학로 외),2010,서울,동대문구,서울특별시 동대문구 홍릉로 118 (청량리동),37.5905181,127.042821
439,꿈나무극장,1,153,꿈나무극장,153,공공(기타),2016,서울,구로구,서울특별시 구로구 구로동로26길 54 (구로동),37.4897196,126.8865539
440,꿈의숲아트센터,3,584,"퍼포먼스홀
콘서트홀
야외 볼프라자","283
301
0",공공(기타),2009,서울,강북구,서울특별시 강북구 월계로 173 (번동),37.6217709,127.0411741
441,꿈희망미래빌딩,1,0,꿈희망미래빌딩,0,민간(대학로 외),0,서울,강남구,서울특별시 강남구 논현로76길 25(역삼동),37.4976599,127.040774
445,나루아트센터,3,768,"소공연장
대공연장
갤러리(전시실)","167
601
0",공공(문예회관),2005,서울,광진구,서울특별시 광진구 능동로 76 (자양동),37.5375194,127.0706501
447,나온씨어터,1,95,나온씨어터,95,민간(대학로),2008,서울,종로구,서울특별시 종로구 혜화로9길 7 (명륜1가),37.5877039,126.9994075
450,낙타브루잉 [강남],1,0,낙타브루잉 [강남],0,기타(비공연장),0,서울,강남구,서울특별시 강남구 강남대로106길 14 (역삼동),37.5029028,127.0266662
452,난지한강공원,2,0,"난지한강공원
젊음의 광장","0
0",공공(기타),2002,서울,마포구,서울특별시 마포구 한강난지로 162 (상암동),37.5627256,126.8851826
453,남대문교회,1,400,남대문교회,400,민간(대학로 외),1885,서울,중구,서울특별시 중구 퇴계로 6 (남대문로5가),37.5582275,126.9731367
458,남산골한옥마을,6,452,"서울남산국악당 크라운해태홀
민씨가옥
천우각무대
일대
서울남산국악당 야외마당
체험실","302
50
100
0
0
0",공공(기타),2007,서울,중구,서울특별시 중구 퇴계로34길 28 (필동2가),37.5609677,126.9961131
459,남산예술센터 드라마센터,1,0,남산예술센터 드라마센터,0,민간(대학로 외),0,서울,중구,서울특별시 중구 소파로 138 (예장동),37.5589628,126.9883506
460,남서울교회,1,0,남서울교회,0,기타(비공연장),1975,서울,서초구,서울특별시 서초구 신반포로19길 36 (반포동),37.5047428,126.9950006
461,남서울대학교 아트센터 갤러리 이앙,1,100,남서울대학교 아트센터 갤러리 이앙,100,기타(비공연장),2008,서울,종로구,서울특별시 종로구 대학로 146 (혜화동),37.5842484,127.0020771
468,낭만극장,1,300,낭만극장,300,민간(대학로 외),2009,서울,종로구,서울특별시 종로구 삼일대로 428 (낙원동),37.5725724,126.9886231
469,내유외강씨어터(구. 익스트림씨어터 1관),1,177,내유외강씨어터(구. 익스트림씨어터 1관),177,민간(대학로),2012,서울,종로구,서울특별시 종로구 대학로 128 (동숭동),37.5813334,127.0043158
473,노들섬,5,1366,"잔디마당
라이브하우스
뮤직라운지: 류
다목적 홀: 숲
3층 테라스","616
750
0
0
0",공공(기타),0,서울,용산구,서울특별시 용산구 양녕로 445 (이촌동),37.5179933,126.9576478
474,노들장애인야학,1,130,대강당,130,민간(대학로),1994,서울,종로구,서울특별시 종로구 동숭길 25 (동숭동),37.5799187,127.0035083
475,노무현시민센터,1,0,다목적홀 가치하다,0,민간(대학로 외),0,서울,종로구,서울특별시 종로구 창덕궁길 73(원서동),37.5816512,126.9878544
476,노원구민의전당(구. 노원구민회관),1,679,노원구민의전당(구. 노원구민회관),679,공공(기타),1989,서울,노원구,서울특별시 노원구 동일로 1229 (중계동),37.6510125,127.0799977
477,노원문화예술회관,2,900,"대공연장
소공연장","608
292",공공(문예회관),2004,서울,노원구,서울특별시 노원구 중계로 181 (중계동),37.6501606,127.0799904
478,노원어린이극장(구.노원어울림극장),1,282,노원어린이극장(구.노원어울림극장),282,공공(기타),2020,서울,노원구,서울특별시 노원구 노해로 502 (상계동),37.6544503,127.0636915
479,노을소극장,1,80,노을소극장,80,민간(대학로),2011,서울,종로구,서울특별시 종로구 대학로8가길 66 (동숭동),37.5829733,127.0032551
482,논현1 문화센터,1,192,다목적강당,192,공공(기타),2005,서울,강남구,서울특별시 강남구 학동로20길 25 (논현동),37.511516,127.0285512
483,놀터예술공방,1,50,놀터예술공방,50,민간(대학로),2014,서울,성북구,서울특별시 성북구 성북로2길 21 - 0 태고종선부암,37.5895127,127.0070338
492,능동 어린이회관,3,450,"무지개극장
이벤트홀
유니아트센터","350
100
0",민간(대학로 외),1975,서울,광진구,서울특별시 광진구 광나루로 441 (능동),37.5468015,127.0778337
495,다락방극장,1,0,다락방극장,0,민간(대학로 외),0,서울,중구,서울특별시 중구 을지로 170(을지로4가),37.565864,126.9996925
496,다락스페이스,1,40,다락스튜디오,40,민간(대학로 외),0,서울,성동구,서울특별시 성동구 성수이로7길 24 (성수동2가),37.5414431,127.0543767
497,다락원체육공원,1,400,야외무대 / 평화문화진지 일대,400,공공(기타),0,서울,도봉구,서울특별시 도봉구 마들로 932(도봉동),37.6915543,127.0468249
498,다리 소극장,1,200,다리 소극장,200,민간(대학로 외),0,서울,마포구,서울특별시 마포구 월드컵북로2길 49(동교동),37.5572275,126.9230503
501,달밤엔씨어터,1,111,달밤엔씨어터,111,민간(대학로),2014,서울,종로구,서울특별시 종로구 대학로14길 18-2 (혜화동),37.5841543,127.0026883
502,달밤엔씨어터 (구. 푸른달극장),1,98,달밤엔씨어터 (구. 푸른달극장),98,민간(대학로),2013,서울,성북구,서울특별시 성북구 성북로26가길 14-1 (성북동),37.5961199,126.993977
503,달빛극장,1,96,달빛극장,96,민간(대학로),2012,서울,종로구,서울특별시 종로구 대학로 133 - 6,37.5829365,127.0011511
509,달식당 (Lunar Pub & Music),1,100,달식당 (Lunar Pub & Music),100,기타(비공연장),0,서울,종로구,서울특별시 종로구 인사동5길 42 (관훈동),37.5724794,126.9838133
510,달콤한음악실,1,50,달콤한음악실,50,민간(대학로 외),0,서울,마포구,"서울특별시 마포구 양화로6길 57-13 (서교동, 동궁빌리지) 202호",37.5492586,126.9177306
518,대교타워 아이레벨홀,1,274,대교타워 아이레벨홀,274,민간(대학로 외),2013,서울,관악구,서울특별시 관악구 보라매로3길 23 (봉천동),37.4911264,126.925594
549,대안공간 루프,1,0,대안공간 루프,0,민간(대학로 외),0,서울,마포구,서울특별시 마포구 와우산로29나길 20 (서교동),37.5544785,126.9278492
550,대원 팝콘D 스퀘어,1,196,대원 콘텐츠 라이브,196,민간(대학로 외),0,서울,용산구,서울특별시 용산구 한강대로23길 55 (한강로3가),37.5255338,126.9647072
568,대학로 A아트홀(구. 신연아트홀),1,162,대학로 A아트홀(구. 신연아트홀),162,민간(대학로),2005,서울,종로구,서울특별시 종로구 동숭길 143 (동숭동),37.5832572,127.0024464
569,"대학로 극장가게 (구. 문씨어터, 지구인씨어터)",1,204,"대학로 극장가게 (구. 문씨어터, 지구인씨어터)",204,민간(대학로),2015,서울,종로구,서울특별시 종로구 대학로10길 12 (동숭동),37.5833494,127.0043501
570,대학로 김대범소극장,1,60,대학로 김대범소극장,60,민간(대학로),2012,서울,종로구,서울특별시 종로구 대학로11길 43 (명륜4가),37.5829551,127.0006673
571,대학로 달달씨어터,1,100,대학로 달달씨어터,100,민간(대학로),2014,서울,종로구,서울특별시 종로구 대명1길 20 (명륜4가),37.5826978,127.0006477
572,대학로 두레홀 3관,1,220,대학로 두레홀 3관,220,민간(대학로),2006,서울,종로구,서울특별시 종로구 대학로8가길 80 (동숭동),37.5824905,127.0032799
573,대학로 드림아트센터,4,980,"1관
2관 더블케이씨어터
3관 나몰라홀
4관","352
210
210
208",민간(대학로),2016,서울,종로구,서울특별시 종로구 동숭길 123 (동숭동) 드림아트센터,37.5832627,127.0032788
574,대학로 마로니에소극장(플레이더씨어터),1,130,대학로 마로니에소극장(플레이더씨어터),130,민간(대학로),1987,서울,종로구,서울특별시 종로구 동숭길 50 (동숭동),37.5805863,127.0045827
575,대학로 뮤지컬센터,3,1845,"대극장
중극장
공간 피꼴로","1,042
528
275",민간(대학로),2013,서울,종로구,서울특별시 종로구 동숭길 100,37.5828747,127.0044105
576,대학로 스카이씨어터,2,300,"대학로 스카이씨어터 1관
대학로 스카이씨어터 2관(5층 구 JK아트홀)","160
140",민간(대학로),2010,서울,종로구,서울특별시 종로구 대학로8가길 52 (동숭동),37.5830042,127.0026459
577,대학로 위로홀(구. 몬스터홀),1,123,대학로 위로홀(구. 몬스터홀),123,민간(대학로),2014,서울,종로구,서울특별시 종로구 동숭길 74 (동숭동),37.5815416,127.0043041
578,대학로 이음센터,2,120,"이음홀
이음갤러리","80
40",공공(기타),2015,서울,종로구,서울특별시 종로구 대학로 112 (동숭동),37.581408,127.0048867
579,대학로 자유극장 (자유문화발전소),1,233,대학로 자유극장 (자유문화발전소),233,민간(대학로),2005,서울,종로구,서울특별시 종로구 대학로12길 31 (동숭동),37.5796376,127.0024653
580,대학로 판타스틱전용관,1,401,대학로 판타스틱전용관,401,민간(대학로),0,서울,종로구,서울특별시 종로구 대학로 146 (혜화동) 4층,37.5842484,127.0020771
581,대학로단막극장,1,66,대학로단막극장,66,민간(대학로),1996,서울,종로구,서울특별시 종로구 동숭4길 16-3 (동숭동),37.5833103,127.004577
582,대학로스타시티,6,494,"콘텐츠룸(7층 구 마리카1관, SM스타홀)
타이니앨리스 (B1 구 아트홀 마리카2관)
후암스테이지 1관(B2 구 마리카3관, 구 오씨어터)
후암스튜디오 (6층)
TM스테이지
카지노 전용관","209
0
115
170
0
0",민간(대학로),2007,서울,종로구,서울특별시 종로구 대학로11길 23 (명륜4가),37.5828114,127.0013435
583,대학로아트원씨어터,3,773,"1관
2관
3관","365
250
158",민간(대학로),2009,서울,종로구,서울특별시 종로구 대학로12길 83 (동숭동),37.5803053,127.0040585
584,대학로예술극장,3,799,"대극장
소극장
3관 [폐관]","504
132
163",국립,2009,서울,종로구,서울특별시 종로구 대학로10길 17 (동숭동),37.58322,127.0043935
585,대한성공회 서울주교좌성당,1,200,대한성공회 서울주교좌성당,200,민간(대학로 외),1891,서울,중구,서울특별시 중구 세종대로21길 15 (정동),37.5680679,126.971572
587,댕로홀,1,83,댕로홀,83,민간(대학로),2005,서울,종로구,서울특별시 종로구 대학로12길 50 (동숭동),37.5818771,127.0042438
588,더 그란데 파티 앤 뮤직 스튜디오,1,0,더 그란데,0,민간(대학로 외),2020,서울,서초구,서울특별시 서초구 서초대로51길 13 (서초동),37.4951451,127.0140554
589,더 그레잇 컬렉션,1,0,더 그레잇 컬렉션,0,민간(대학로 외),0,서울,서초구,서울특별시 서초구 나루터로 65(잠원동),37.5155048,127.0169148
590,더 리버사이드 호텔,1,450,콘서트홀,450,민간(대학로 외),0,서울,서초구,서울특별시 서초구 강남대로107길 6(잠원동),37.5186187,127.0184667
593,더 서울 라운지,1,0,더 서울 라운지,0,민간(대학로 외),0,서울,용산구,서울특별시 용산구 이태원로19길 6-4(이태원동),37.5402602,126.9958369
595,더 서울라이티움 (갤러리아포레),2,800,"G층 전용관
더페이지 갤러리","800
0",민간(대학로 외),2017,서울,성동구,서울특별시 성동구 서울숲2길 32-14 (성수동1가),37.5457822,127.0424788
596,더 씨어터,1,96,더 씨어터,96,민간(대학로),2011,서울,종로구,서울특별시 종로구 대학로3길 10 (효제동) 고운빌딩,37.5740065,127.0016615
597,더 줌 아트센터,1,128,더 줌 아트센터,128,민간(대학로 외),2013,서울,용산구,서울특별시 용산구 독서당로 111 (한남동),37.5369714,127.0094904
602,더블듀스,1,0,더블듀스,0,민간(대학로 외),0,서울,서대문구,서울특별시 서대문구 연세로7안길 52(창천동),37.5585471,126.9340969
603,더샵갤러리,1,0,갤러리 3층,0,민간(대학로 외),0,서울,강남구,서울특별시 강남구 언주로 832(신사동),37.5245732,127.0337256
604,더쇼 씨어터(THE SHOW THEATER),1,0,더쇼 씨어터(THE SHOW THEATER),0,민간(대학로 외),0,서울,강동구,서울특별시 강동구 성내로10길 12(성내동),37.5284527,127.1245106
605,더스크블루,1,0,더스크블루,0,기타(비공연장),0,서울,영등포구,서울특별시 영등포구 당산로38길 10(당산동4가),37.5285223,126.903646
607,더스튜디오HBC (The Studio HBC),1,0,더스튜디오HBC (The Studio HBC),0,민간(대학로 외),0,서울,용산구,서울특별시 용산구 신흥로7길 1 (용산동2가),37.5419221,126.9871708
608,더케이아트홀,1,998,더케이아트홀,998,민간(대학로 외),1991,서울,서초구,서울특별시 서초구 바우뫼로12길 70 (양재동),37.4667729,127.0328158
609,더켠 소극장,1,64,더켠 소극장,64,민간(대학로 외),2015,서울,강북구,서울특별시 강북구 도봉로13가길 6 (미아동),37.6148221,127.0291151
615,덜위치 칼리지 서울 영국학교,1,300,덜위치 칼리지 서울 영국학교,300,기타(비공연장),2010,서울,서초구,서울특별시 서초구 신반포로15길 6 (반포동),37.504172,126.9954215
616,도곡 율하우스,1,0,도곡 율하우스,0,민간(대학로 외),0,서울,강남구,서울특별시 강남구 논현로26길 46-6 (도곡동),37.487246,127.0421157
617,도곡2문화센터,1,143,오유아트홀,143,공공(기타),2010,서울,강남구,서울특별시 강남구 남부순환로378길 34-9 (도곡동),37.4880608,127.0433376
618,도봉구민회관,2,742,"대강당(하모니홀)
소공연장","552
190",공공(문예회관),1993,서울,도봉구,서울특별시 도봉구 도봉로 552 (창동),37.6541023,127.0386268
619,도토리씨어터,2,232,"핫식스 1관
너목들 2관","126
106",민간(대학로),0,서울,종로구,서울특별시 종로구 대학로12길 63(동숭동),37.5812351,127.0040242
622,동광교회,1,0,공연장,0,기타(비공연장),0,서울,동작구,서울특별시 동작구 성대로1길 26(상도동),37.5018632,126.9348942
625,동국대학교,1,302,이해랑예술극장,302,민간(대학로 외),2008,서울,중구,서울특별시 중구 필동로1길 30 (필동3가),37.5592871,126.9985627
626,동네극장,1,0,동네극장,0,민간(대학로 외),0,서울,동대문구,서울특별시 동대문구 안암로6길 19(용두동),37.579172,127.0259363
627,동대문구민회관,1,548,대강당,548,공공(기타),1989,서울,동대문구,서울특별시 동대문구 장한로18길 82-9 (장안동),37.5672369,127.0733404
628,동대문구체육관,1,1500,동대문구체육관,1500,공공(기타),0,서울,동대문구,서울특별시 동대문구 답십리로 210-3 (답십리동),37.5722796,127.0639582
629,동덕여대공연예술센터,1,430,코튼홀,430,민간(대학로),2001,서울,종로구,서울특별시 종로구 동숭길 126 (동숭동),37.5837306,127.0033198
630,동덕여자대학교 백주년기념관,1,650,동덕여자대학교 백주년기념관,650,민간(대학로 외),0,서울,성북구,서울특별시 성북구 화랑로13길 60 (하월곡동),37.6045357,127.0376377
639,동서울아트홀,1,234,동서울아트홀,234,민간(대학로 외),2012,서울,광진구,서울특별시 광진구 구의강변로 38 (구의동),37.5341664,127.0918876
641,동숭무대소극장,1,120,동숭무대소극장,120,민간(대학로),2002,서울,종로구,서울특별시 종로구 혜화로 35 (명륜1가),37.5887814,126.999291
644,동양예술극장(구. 아트센터K),3,583,"1관(네모극장)
3관(세모극장)
2관(동그라미극장)","221
162
200",민간(대학로),2015,서울,종로구,서울특별시 종로구 대학로14길 29,37.5846112,127.002336
646,동자아트홀,1,157,동자아트홀,157,민간(대학로 외),2014,서울,용산구,"서울특별시 용산구 한강대로 372 (동자동, 센트레빌아스테리움서울)",37.5520713,126.9724315
647,동작문화원,1,0,동작문화원,0,공공(기타),0,서울,동작구,서울특별시 동작구 장승배기로10길 42(상도동),37.5044164,126.9411158
648,동작아트갤러리,1,0,동작아트갤러리,0,기타(비공연장),2019,서울,동작구,서울특별시 동작구 보라매로5길 28-1(신대방동),37.4926778,126.919139
652,동화소극장,1,60,동화소극장,60,민간(대학로),2015,서울,종로구,서울특별시 종로구 성균관로 6-5 (명륜2가),37.5846997,126.9990412
654,두리춤터,2,310,"Black Box
FOYER","150
160",민간(대학로 외),1990,서울,서초구,서울특별시 서초구 동광로19길 15 (방배동),37.4930985,126.9891351
655,두산아트센터,3,622,"Space111
연강홀
로비","0
622
0",민간(대학로 외),2007,서울,종로구,서울특별시 종로구 종로33길 15 (연지동),37.5748226,126.9994744
657,드림시어터 [대학로],1,125,드림시어터 [대학로],125,민간(대학로),2012,서울,종로구,서울특별시 종로구 대학로10길 15 - 11,37.5822895,127.0027902
662,디 마르가리따,1,40,디 마르가리따,40,기타(비공연장),2013,서울,서초구,서울특별시 서초구 효령로 202 (서초동),37.4828743,127.0064093
663,디뮤지엄,1,0,디뮤지엄,0,민간(대학로 외),0,서울,성동구,"서울특별시 성동구 왕십리로 83-21(성수동1가, 아크로 서울포레스트)",37.5445842,127.0439092
665,디엔지홀(DNG HALL),1,250,디엔지홀(DNG HALL),250,민간(대학로 외),2015,서울,송파구,서울특별시 송파구 오금로 195 (방이동),37.5127965,127.1233683
667,디큐브아트센터,2,1742,"디큐브씨어터
스페이스 신도림(폐관)","1,242
500",민간(대학로 외),2011,서울,구로구,"서울특별시 구로구 경인로 662 (신도림동, 디큐브시티)",37.5088514,126.8892373
671,뜻밖의 극장(구. 해우소소극장),1,65,뜻밖의 극장(구. 해우소소극장),65,민간(대학로 외),2018,서울,성북구,서울특별시 성북구 동소문로20나길 27 (동선동1가),37.5925057,127.0181445
672,라까사 호텔 [서울],1,30,라까사 호텔 [서울],30,기타(비공연장),0,서울,강남구,서울특별시 강남구 도산대로1길 83 (신사동),37.521989,127.0195488
674,라까사호텔 [압구정],1,0,라까사호텔 [압구정],0,기타(비공연장),0,서울,강남구,서울특별시 강남구 도산대로1길 83(신사동),37.521989,127.0195488
675,라온아트홀,1,206,라온아트홀,206,민간(대학로),0,서울,종로구,서울특별시 종로구 대학로10길 11 (동숭동),37.5818872,127.0028027
677,라율아트홀,1,60,라율아트홀,60,민간(대학로 외),0,서울,서초구,서울특별시 서초구 반포대로 20 (서초동) 2층,37.4824599,127.0126517
678,라이브 썸데이즈홀 (구. 이수ENT),2,346,"이수아트홀 (폐관)
라이브 썸데이즈홀 (구. 이수스타홀)","200
146",민간(대학로),2011,서울,종로구,서울특별시 종로구 대학로12길 10 지하1층,37.5824967,127.0026436
679,라이브 클럽 Amp,1,0,라이브 클럽 Amp,0,민간(대학로 외),0,서울,마포구,서울특별시 마포구 와우산로23길 8(서교동),37.5534693,126.924748
680,라이브앤라우드,1,70,라이브앤라우드,70,민간(대학로 외),2004,서울,마포구,서울특별시 마포구 동교로 191(동교동),37.5579695,126.9285154
683,라이브클럽 빵,1,0,라이브클럽 빵,0,민간(대학로 외),1994,서울,마포구,서울특별시 마포구 와우산로29길 12(서교동),37.5548581,126.9292869
684,라이트 하우스,1,0,라이트 하우스,0,민간(대학로 외),0,서울,성북구,서울특별시 성북구 삼선교로10다길 74(삼선동1가),37.5836747,127.0083701
685,라이트씨어터,1,30,라이트씨어터,30,민간(대학로 외),2017,서울,성북구,서울특별시 성북구 삼선교로14길 44 (삼선동2가),37.5862487,127.0102734
686,라이프 씨어터,1,136,라이프 씨어터,136,민간(대학로),2008,서울,종로구,서울특별시 종로구 창경궁로34길 26 (명륜2가),37.5837125,127.0009745
688,라임스퀘어,1,0,라임스퀘어,0,민간(대학로 외),0,서울,강남구,서울특별시 강남구 역삼로5길 5(역삼동),37.4941683,127.0321915
689,라트어린이극장,1,200,라트어린이극장,200,민간(대학로 외),2002,서울,강남구,서울특별시 강남구 논현로 164 (도곡동),37.4878966,127.0418197
691,락포티,1,0,락포티,0,민간(대학로 외),0,서울,용산구,서울특별시 용산구 두텁바위로40길 32(후암동),37.5472991,126.9822905
692,랑씨어터,1,77,랑씨어터,77,민간(대학로 외),2017,서울,동대문구,서울특별시 동대문구 회기로 129 (회기동),37.5915953,127.0509296
693,래리치,1,25,래리치,25,민간(대학로 외),0,서울,용산구,서울특별시 용산구 소월로 138 (후암동),37.5482225,126.9758552
694,레드빅스페이스,1,100,레드빅스페이스,100,민간(대학로 외),2015,서울,마포구,서울특별시 마포구 잔다리로6길 5 (서교동),37.5521401,126.9194351
697,레미어린이극장 [금천],1,194,레미어린이극장 [금천],194,민간(대학로 외),2012,서울,금천구,서울특별시 금천구 두산로 71 (독산동),37.4705934,126.8957132
704,로로스페이스,1,50,로로스페이스,50,민간(대학로 외),2018,서울,서초구,서울특별시 서초구 사평대로8길 6-3 (반포동),37.4976858,126.9910924
706,로얄아트홀,1,50,로얄아트홀,50,민간(대학로 외),0,서울,서초구,서울특별시 서초구 서초중앙로 56 (서초동),37.4868706,127.0154068
708,로우키커피 [성수],1,30,로우키커피,30,기타(비공연장),2010,서울,성동구,서울특별시 성동구 뚝섬로1나길 5(성수동1가),37.544442,127.0477666
709,로운아뜨리움(로운아트홀),3,981,"로운아트홀
아뜨리움홀
로운갤러리","619
200
162",민간(대학로 외),0,서울,양천구,서울특별시 양천구 목동서로 225 (목동),37.5270892,126.8706189
710,로즈아트홀,1,76,로즈아트홀,76,민간(대학로 외),2013,서울,노원구,서울특별시 노원구 석계로7길 12-8 (월계동),37.6164002,127.0632743
712,롤링홀,1,200,롤링홀,200,민간(대학로 외),1995,서울,마포구,서울특별시 마포구 어울마당로 35 (서교동) 지하 1층,37.548485,126.9201334
719,롯데백화점 [영등포],1,374,문화홀,374,민간(대학로 외),0,서울,중구,서울특별시 영등포구 경인로 846 (영등포동 618-496),37.5159228,126.9073727
721,롯데백화점 [청량리],1,600,8층 롯데문화센터,600,민간(대학로 외),0,서울,동대문구,서울특별시 동대문구 왕산로 214 (전농동),37.5797474,127.0557043
722,롯데백화점 문화홀 [김포공항],1,0,롯데백화점 문화홀 [김포공항],0,민간(대학로 외),0,서울,강서구,서울특별시 강서구 하늘길 지하77(방화동),37.5557019,126.8045874
728,롯데월드,1,0,민속박물관,0,기타(비공연장),0,서울,송파구,서울특별시 송파구 올림픽로 240 (잠실동),37.5079304,127.0861782
729,롯데콘서트홀,1,2036,롯데콘서트홀,2036,민간(대학로 외),2016,서울,송파구,서울특별시 송파구 올림픽로 300 (신천동) 롯데월드몰 8층 롯데문화재단,37.5137161,127.1051931
732,룸씨어터,1,0,룸씨어터,0,민간(대학로),0,서울,종로구,서울특별시 종로구 대학로10길 12(동숭동),37.5833494,127.0043501
733,룸어씨어터,1,0,룸어씨어터,0,민간(대학로),0,서울,종로구,서울특별시 종로구 대학로8가길 30 (동숭동),37.5822932,127.0025237
734,리엠아트센터 LEEAM ART CENTER,2,260,"A HALL
B HALL","150
110",민간(대학로 외),0,서울,강남구,서울특별시 강남구 학동로2길 56 (논현동),37.5079654,127.0236097
736,리코디아 아트홀,1,120,리코디아 아트홀,120,민간(대학로 외),2013,서울,서초구,"서울특별시 서초구 신반포로42길 14 (반포동, 벨라헤이븐)",37.5095815,127.018622
737,링크아트센터,2,900,"페이코홀
벅스홀","500
400",민간(대학로),2022,서울,종로구,서울특별시 종로구 대학로14길 29(혜화동),37.5846112,127.002336
738,마루아트홀,1,118,마루아트홀,118,민간(대학로),2018,서울,종로구,서울특별시 종로구 대학로8가길 30 (동숭동),37.5822932,127.0025237
740,마리아칼라스홀,1,51,마리아칼라스홀,51,민간(대학로 외),2008,서울,강남구,서울특별시 강남구 영동대로 315 (대치동),37.4991887,127.0633458
742,마이라이브홀,1,102,마이라이브홀,102,민간(대학로 외),0,서울,강남구,서울특별시 강남구 논현로 816 (신사동),37.5212749,127.0284551
744,마포구청,1,0,2층 대강당,0,공공(기타),0,서울,마포구,서울특별시 마포구 월드컵로 212 (성산동),37.5617416,126.9071175
745,마포아트센터,3,1054,"아트홀맥
플레이맥
스튜디오3","733
201
120",공공(문예회관),2002,서울,마포구,서울특별시 마포구 대흥로20길 28 (대흥동),37.5513857,126.9447087
746,마포음악창작소,1,50,라이브홀,50,민간(대학로 외),0,서울,마포구,서울특별시 마포구 마포대로 지하238(아현동),37.5544849,126.9562273
747,마포중앙도서관,1,396,마중홀,396,공공(기타),2017,서울,마포구,서울특별시 마포구 성산로 128 (성산동),37.5637867,126.9084724
749,만리동예술인주택,1,50,1층 큰 공간,50,기타(비공연장),2013,서울,중구,서울특별시 중구 만리재로27길 69 (만리동2가),37.5546933,126.9618791
751,맛있는 극장,1,90,맛있는 극장,90,민간(대학로),2010,서울,종로구,서울특별시 종로구 혜화로 4 (혜화동),37.5862367,127.0007573
753,매지클,1,18,매지클,18,민간(대학로 외),2004,서울,강남구,서울특별시 강남구 삼성로61길 30 (대치동),37.4989179,127.0580286
755,맥거핀 서교,1,0,맥거핀 서교,0,민간(대학로 외),0,서울,마포구,서울특별시 마포구 양화로7길 28(서교동),37.5519772,126.9146435
757,메이필드호텔,1,300,카라홀,300,기타(비공연장),2003,서울,강서구,서울특별시 강서구 방화대로 94 (외발산동),37.5471123,126.8181901
758,메인이더넷,1,0,와콘TV 공연장,0,민간(대학로 외),0,서울,강남구,서울특별시 강남구 봉은사로26길 7(역삼동),37.5064965,127.0332235
760,명동난타극장,1,386,명동난타극장,386,민간(대학로 외),2009,서울,중구,서울특별시 중구 명동길 26 (명동2가),37.5634537,126.9837623
761,명동대성당,3,650,"꼬스트홀
파밀리아 채플
대성전","450
200
0",기타(비공연장),2017,서울,중구,서울특별시 중구 명동길 74 (명동2가) 명동성당,37.563177,126.9873604
762,명보아트홀,5,1468,"하람홀
다온홀
가온홀
라온홀
와일드와일드 전용관","189
318
333
334
294",민간(대학로 외),2008,서울,중구,서울특별시 중구 마른내로 47 (초동),37.563508,126.9927314
764,명작극장 (구 아츠플레이씨어터),2,376,"명작극장 (구 아츠플레이씨어터)
명작극장(구. 명작극장 2관)","173
203",민간(대학로),2017,서울,종로구,서울특별시 종로구 대학로8가길 30 (동숭동),37.5822932,127.0025237
767,모차르트홀,1,201,모차르트홀,201,민간(대학로 외),2004,서울,서초구,서울특별시 서초구 명달로 104 (서초동),37.4864197,127.0045483
768,목동 아이스링크,1,5000,목동 아이스링크,5000,공공(기타),1989,서울,양천구,서울특별시 양천구 안양천 939 (목1동),37.5270981,126.8738365
769,목동청소년수련관,1,334,청소년극장,334,공공(기타),1988,서울,양천구,서울특별시 양천구 목동서로 143 (목동),37.5307355,126.8754829
770,목인박물관,1,0,목인박물관,0,기타(비공연장),0,서울,종로구,서울특별시 종로구 창의문로5길 46-1(부암동),37.5890069,126.9632586
776,몽향라이브홀,1,100,몽향라이브홀,100,기타(비공연장),0,서울,서대문구,서울특별시 서대문구 연세로5다길 10 (창천동),37.5565264,126.9350216
778,무계원,1,35,사랑채,35,기타(비공연장),2014,서울,종로구,서울특별시 종로구 창의문로5가길 2,37.5919416,126.9634808
780,무신사 개러지(구. 왓챠홀),1,230,무신사 개러지(구. 왓챠홀),230,민간(대학로 외),0,서울,마포구,서울특별시 마포구 잔다리로 32(서교동),37.5516113,126.9198371
784,문래예술공장,2,180,"박스씨어터
갤러리M30","100
80",공공(기타),2010,서울,영등포구,서울특별시 영등포구 경인로88길 5-4 (문래동1가) 문래예술공장,37.5131769,126.900143
785,문래재즈IN,1,60,문래재즈IN,60,민간(대학로 외),2012,서울,영등포구,서울특별시 영등포구 도림로 475 (문래동4가),37.5144561,126.889867
786,문릿아워,1,0,문릿아워,0,기타(비공연장),0,서울,마포구,서울특별시 마포구 와우산로11길 9-8 (상수동),37.5485704,126.9222782
788,문엔트리,1,0,문엔트리,0,기타(비공연장),0,서울,서초구,서울특별시 서초구 방배천로18길 10(방배동),37.4825912,126.9832251
793,문화공간 아이원,1,80,운당,80,민간(대학로 외),2013,서울,금천구,서울특별시 금천구 시흥대로 167 (시흥동),37.4487807,126.9023593
794,문화공간 엘림홀,1,230,문화공간 엘림홀,230,민간(대학로),2007,서울,종로구,서울특별시 종로구 이화장길 94 (동숭동),37.579389,127.004791
797,문화비축기지,6,11180,"문화마당
T1 1번 탱크 파빌리온
2번 탱크 실내공연장
T2 야외무대
4번 탱크
원형회의실","10,000
200
300
400
250
30",공공(기타),0,서울,마포구,서울특별시 마포구 증산로 87 (성산동),37.5713027,126.8939106
798,문화역 서울 284,1,100,RTO,100,국립,2011,서울,중구,서울특별시 중구 통일로 1 (봉래동2가),37.5593242,126.9703738
801,문화일보홀,1,260,문화일보홀 (청춘극장),260,민간(대학로 외),1995,서울,중구,서울특별시 중구 새문안로 22 (충정로1가),37.5665004,126.9682574
802,문화정원 아트홀,1,200,문화정원 아트홀,200,민간(대학로 외),2015,서울,금천구,서울특별시 금천구 가산로 61 (독산동),37.4718517,126.8959292
804,뭇(moot),1,0,뭇(moot) 3층,0,민간(대학로 외),0,서울,강남구,서울특별시 강남구 강남대로162길 41-15 (신사동),37.5217063,127.0210362
805,뭐든지 소극장,1,30,뭐든지 소극장,30,민간(대학로 외),2021,서울,종로구,서울특별시 종로구 창신길 119 (창신동),37.5766917,127.0100169
811,뮤직앤아트스튜디오,1,20,뮤직앤아트스튜디오,20,민간(대학로 외),0,서울,동작구,"서울특별시 동작구 사당로 300 (사당동, 이수자이)",37.4843975,126.9804278
812,뮤직클락홀,1,0,뮤직클락홀,0,민간(대학로 외),0,서울,서초구,서울특별시 서초구 사평대로 365 (반포동),37.5043052,127.022901
817,미마지아트센터,3,282,"물빛극장
풀빛극장(오아시스극장)
눈빛극장","0
0
282",민간(대학로),2008,서울,종로구,서울특별시 종로구 혜화로 17 (명륜1가),37.5871032,126.9997925
819,미아리고개예술극장(구 미아리예술극장),1,90,미아리고개예술극장(구 미아리예술극장),90,공공(기타),2009,서울,성북구,서울특별시 성북구 동소문로 177 (돈암동),37.5977955,127.0182829
824,민속극장풍류,1,164,민속극장풍류,164,공공(기타),1997,서울,강남구,서울특별시 강남구 봉은사로 406 (삼성동),37.5102289,127.0446484
825,민송아트홀 (구. 브로드웨이아트홀),2,466,"1관
2관","272
194",민간(대학로),2017,서울,종로구,서울특별시 종로구 대학로 144 (혜화동) 중원빌딩 6층,37.5839645,127.002167
831,바탕골소극장,1,192,바탕골소극장,192,민간(대학로),1986,서울,종로구,서울특별시 종로구 대학로10길 5 (동숭동),37.5836252,127.0048729
836,반쥴,1,70,반쥴,70,기타(비공연장),0,서울,종로구,서울특별시 종로구 삼일대로17길 23 (관철동),37.5692075,126.9883913
837,반포심산아트홀,1,405,반포심산아트홀,405,공공(기타),2011,서울,서초구,서울특별시 서초구 사평대로 55 (반포동),37.4988349,126.9912435
841,백남아트홀,1,208,백남아트홀,208,민간(대학로 외),2009,서울,성동구,서울특별시 성동구 살곶이길 200 (사근동) 한양여자대학 백남아트홀,37.5586668,127.0498872
844,백석예술대학교,1,376,백석아트홀,376,민간(대학로 외),0,서울,서초구,서울특별시 서초구 효령로 114 (방배동),37.4807628,126.9966612
845,백암아트홀,1,417,백암아트홀,417,민간(대학로 외),2004,서울,강남구,서울특별시 강남구 테헤란로113길 7 (삼성동),37.5105376,127.0659125
846,백지장 [신도림 지하철],1,40,백지장 [신도림 지하철],40,민간(대학로 외),0,서울,영등포구,서울특별시 영등포구 경인로72길 4 (문래동2가),37.5129548,126.8958894
849,버금아트센터,1,90,버금아트센터,90,민간(대학로 외),0,서울,광진구,서울특별시 광진구 능동로 259(군자동),37.5518371,127.0751318
851,번동 금강빌라,1,0,203호,0,기타(비공연장),0,서울,강북구,서울특별시 강북구 오현로25나길 34 (번동),37.6270119,127.0359191
854,베아오페라음악예술원,1,0,베어홀,0,민간(대학로 외),0,서울,서초구,서울특별시 서초구 강남대로 263 (서초동),37.4869088,127.0323646
856,베이스먼트원(VASSMENTONE),1,0,베이스먼트원(VASSMENTONE),0,민간(대학로 외),0,서울,강남구,서울특별시 강남구 선릉로 837(신사동),37.5233874,127.0291182
857,베짱이홀,1,200,베짱이홀,200,민간(대학로 외),2013,서울,마포구,서울특별시 마포구 독막로15길 3-12 (상수동),37.5485415,126.9216217
859,벨로주 [망원],1,65,벨로주 [망원],65,민간(대학로 외),2018,서울,마포구,서울특별시 마포구 포은로 117 (망원동),37.5574183,126.9042672
860,벨로주 [홍대] (구. 왓에버),1,123,벨로주 [홍대] (구. 왓에버),123,민간(대학로 외),2008,서울,마포구,서울특별시 마포구 잔다리로 46 (서교동),37.5524282,126.9188166
861,벨지움 재즈카페,1,0,벨지움 재즈카페,0,기타(비공연장),0,서울,강남구,서울특별시 강남구 테헤란로83길 20(삼성동),37.5087784,127.0576509
865,별빛소극장,1,110,별빛소극장,110,민간(대학로 외),0,서울,마포구,서울특별시 마포구 와우산로 117 (서교동),37.5536267,126.9263948
878,복합공간 에무,2,150,"팡타 개라지
야외 뒷뜰(은하수 공연장)","100
50",민간(대학로 외),2010,서울,종로구,서울특별시 종로구 경희궁1가길 7 (신문로2가),37.5720797,126.9690221
879,복합공간 우리누리아트홀,1,0,복합공간 우리누리아트홀,0,민간(대학로 외),0,서울,관악구,서울특별시 관악구 관악로 105 (봉천동),37.4746071,126.9526133
881,복합문화공간 미인도,1,50,복합문화공간 미인도,50,민간(대학로 외),2015,서울,성북구,서울특별시 성북구 동소문로28길 36 (동선동3가),37.5955046,127.0208066
882,복합문화공간 사유,1,0,복합문화공간 사유,0,민간(대학로 외),2017,서울,용산구,서울특별시 용산구 이태원로54길 5 (한남동),37.5380507,127.0019398
883,복합한옥공간 곳,1,0,복합한옥공간 곳,0,기타(비공연장),0,서울,종로구,서울특별시 종로구 계동길 52-11 (계동),37.5797001,126.9873574
884,봄날아트홀(구. 아리랑소극장),2,252,"2관(지하2층)
1관(지하1층)","129
123",민간(대학로),1996,서울,종로구,서울특별시 종로구 동숭길 39 (동숭동),37.5799967,127.0042474
891,부띠크 모나코 뮤지엄,1,0,부띠크 모나코 뮤지엄,0,기타(비공연장),0,서울,서초구,서울특별시 서초구 서초대로 397(서초동),37.4974995,127.0245281
906,부암아트홀,1,120,부암아트홀,120,민간(대학로 외),1995,서울,종로구,서울특별시 종로구 자하문로 242 (부암동),37.5930795,126.9652657
914,북극곰소극장(구.아뮤스소극장),1,37,북극곰소극장(구.아뮤스소극장),37,민간(대학로),2019,서울,종로구,서울특별시 종로구 이화장1길 24 (이화동),37.5773844,127.0057301
916,북쌔즈 복합문화공간,1,100,북쌔즈 복합문화공간,100,민간(대학로 외),2018,서울,강남구,서울특별시 강남구 테헤란로 311 (역삼동),37.5038296,127.044828
917,북아현아트홀,1,206,북아현아트홀,206,공공(기타),2021,서울,서대문구,서울특별시 서대문구 북아현로 51(북아현동),37.5618573,126.9554332
918,북촌나래홀,1,160,북촌나래홀,160,민간(대학로 외),2010,서울,종로구,서울특별시 종로구 창덕궁길 29 - 38,37.5788491,126.9884476
919,북촌아트홀,1,140,북촌아트홀,140,민간(대학로 외),2010,서울,종로구,서울특별시 종로구 창덕궁길 29-4 (원서동),37.5789636,126.9889818
920,북촌창우극장,1,100,북촌창우극장,100,민간(대학로 외),1993,서울,종로구,서울특별시 종로구 창덕궁길 29-6 (원서동),37.5789052,126.9888613
926,불과얼음 뮤지컬 워크숍극장,1,80,불과얼음 뮤지컬 워크숍극장,80,민간(대학로 외),2012,서울,마포구,서울특별시 마포구 포은로 14 (합정동) 수성빌딩 B102호,37.5494824,126.9093061
927,브람스앤리스트,1,0,B&L홀,0,민간(대학로 외),0,서울,서초구,서울특별시 서초구 반포대로 10 (서초동),37.4816551,127.0129882
928,브러쉬씨어터(롯데서울숲IT캐슬),1,120,브러쉬씨어터(롯데서울숲IT캐슬),120,민간(대학로 외),2018,서울,성동구,서울특별시 성동구 광나루로 130 (성수동1가),37.5509988,127.0447778
930,브릭스씨어터 (구. 콘텐츠 그라운드 구. 브로드웨이아트홀 [3관]),1,202,브릭스씨어터 (구. 콘텐츠 그라운드 구. 브로드웨이아트홀 [3관]),202,민간(대학로),2007,서울,종로구,서울특별시 종로구 대학로8길 25 (동숭동),37.5828177,127.0039219
931,블라인드아트홀,1,70,블라인드아트홀,70,민간(대학로 외),2019,서울,광진구,서울특별시 광진구 아차산로 331-1 (자양동),37.531692,127.074516
932,블루라이트 라이브 홀,1,100,블루라이트 라이브 홀,100,민간(대학로 외),2011,서울,마포구,서울특별시 마포구 어울마당로 94-8 (서교동),37.5531143,126.9221592
933,블루스퀘어,4,3405,"신한카드홀(구. 인터파크홀)
Mastercard Hall(구.아이마켓홀)
카오스홀
NEMO","1,766
1,373
266
0",민간(대학로 외),2011,서울,용산구,서울특별시 용산구 이태원로 294 (한남동),37.5407031,127.0026478
945,사다리움직임연구소,1,0,스튜디오,0,민간(대학로),1998,서울,성북구,서울특별시 성북구 창경궁로35다길 90 (성북동),37.5917075,127.0018514
946,사당역,1,0,사당역,0,기타(비공연장),0,서울,동작구,서울특별시 동작구 남부순환로 지하2089(사당동),37.485622,126.9723172
948,사랑의교회,1,0,사랑의교회,0,기타(비공연장),0,서울,서초구,서울특별시 서초구 반포대로 121(서초동),37.4913242,127.0073386
949,사랑하니까 이야기다,1,25,사랑하니까 이야기다,25,민간(대학로 외),2016,서울,마포구,서울특별시 마포구 동교로 240 (연남동)서울특별시 마포구 연남동  260-28 계림빌딩,37.5612973,126.9244542
954,산성교회,1,400,산성교회,400,기타(비공연장),1971,서울,마포구,서울특별시 마포구 마포대로 197-3 (아현동),37.5550693,126.9523719
955,산울림소극장,1,100,산울림소극장,100,민간(대학로 외),1985,서울,마포구,서울특별시 마포구 와우산로 157 (서교동),37.5550758,126.930102
957,살레시오교육영성센터,1,0,마리아홀,0,민간(대학로 외),0,서울,영등포구,서울특별시 영등포구 신길로 93(신길동),37.5015884,126.9090208
962,삼모아트센터,1,94,라비니아홀,94,민간(대학로 외),2012,서울,관악구,서울특별시 관악구 신원로 35 (신림동),37.4822382,126.9289185
963,삼일로창고극장,1,50,삼일로창고극장,50,민간(대학로 외),1975,서울,중구,서울특별시 중구 삼일대로9길 12 (저동1가),37.5650378,126.9882055
965,삼청각,1,150,일화당,150,기타(비공연장),1972,서울,성북구,서울특별시 성북구 대사관로 3,37.5971439,126.9843219
966,삼청로 146,1,50,삼청로 146,50,민간(대학로 외),2015,서울,종로구,서울특별시 종로구 삼청로 146 (삼청동),37.5882179,126.9819617
967,삼형제극장(환상극장),1,130,삼형제극장(환상극장),130,민간(대학로),2009,서울,종로구,서울특별시 종로구 이화장길 72 (동숭동),37.5785059,127.0046483
969,상명아트센터,2,1781,"계당홀
대신홀","1,464
317",민간(대학로 외),2009,서울,종로구,서울특별시 종로구 홍지문2길 20 (홍지동),37.602823,126.9550432
970,상명아트홀,2,270,"1관
2관","176
94",민간(대학로),2001,서울,종로구,서울특별시 종로구 동숭길 133 (동숭동),37.5833504,127.0027297
971,상상나라극장,1,212,상상나라극장,212,민간(대학로 외),0,서울,광진구,서울특별시 광진구 능동로 216 (능동),37.5495886,127.081578
974,상설무대 우리소리소극장,1,100,상설무대 우리소리소극장,100,민간(대학로 외),1993,서울,마포구,서울특별시 마포구 월드컵북로5가길 8-7 (서교동),37.556765,126.9182533
975,상암월드컵공원,1,200,수변무대,200,공공(기타),2002,서울,마포구,서울특별시 마포구 하늘공원로 108-1 (상암동),37.570908,126.8784506
978,샤론홀,1,150,샤론홀,150,민간(대학로 외),0,서울,서초구,서울특별시 서초구 서초대로40길 49(서초동),37.4894637,127.0082
979,샤롯데씨어터,1,1230,샤롯데씨어터,1230,민간(대학로 외),2006,서울,송파구,서울특별시 송파구 올림픽로 240 (잠실동),37.5079304,127.0861782
980,서강대 메리홀,2,528,"대극장
소극장","428
100",민간(대학로 외),1970,서울,마포구,서울특별시 마포구 백범로 35 서강대학교,37.5512304,126.9392743
981,서경대학교 공연예술센터,2,616,"스콘2관
스콘1관","264
352",민간(대학로),2018,서울,종로구,서울특별시 종로구 동숭길 148 (혜화동),37.5835156,127.0021666
982,서경대학교 문예관,1,439,문예홀,439,민간(대학로 외),1947,서울,성북구,서울특별시 성북구 서경로 124 (정릉동),37.6151112,127.0124279
986,서대문문화체육회관,2,739,"대극장
소극장","589
150",공공(문예회관),1993,서울,서대문구,서울특별시 서대문구 백련사길 39 (홍은동),37.5832608,126.9303605
988,서리풀 아트홀,1,100,서리풀 아트홀,100,민간(대학로 외),0,서울,서초구,서울특별시 서초구 반포대로9길 30(서초동),37.4831376,127.0099718
992,서서울예술교육센터,4,0,"미디어랩
스튜디오 A
스튜디오 B
스튜디오 C","0
0
0
0",민간(대학로 외),2016,서울,양천구,서울특별시 양천구 남부순환로64길 2(신월동),37.528504,126.8322143
993,서연아트홀(구. 인아소극장),1,154,서연아트홀(구. 인아소극장),154,민간(대학로),2013,서울,종로구,서울특별시 종로구 창경궁로 258 - 9,37.5839058,127.0005886
994,서완소극장(구. 씨어터고리),1,107,서완소극장(구. 씨어터고리),107,민간(대학로),2009,서울,종로구,서울특별시 종로구 창경궁로34길 18-12,37.5842084,127.0004516
995,서울고속버스터미널,1,0,FB씨어터,0,민간(대학로 외),0,서울,서초구,서울특별시 서초구 신반포로 194(반포동),37.5055182,127.0070626
996,서울교육대학교,1,454,종합문화관,454,공공(기타),2003,서울,서초구,서울특별시 서초구 서초중앙로 96 (서초동),37.4901737,127.0162346
997,서울글로벌문화체험센터,1,180,해치홀,180,공공(기타),2009,서울,중구,서울특별시 중구 명동8길 27 (명동2가),37.5624994,126.9851619
998,서울대학교,2,0,"대운동장
특설무대","0
0",국립,0,서울,관악구,서울특별시 관악구 관악로 1 (신림동),37.480967,126.953148
999,서울돈화문국악당,1,140,서울돈화문국악당,140,공공(기타),2016,서울,종로구,서울특별시 종로구 율곡로 102 - 0,37.5772505,126.9907318
1001,서울마포음악창작소(구.뮤지스땅스),1,50,라이브홀,50,민간(대학로 외),2014,서울,마포구,서울특별시 마포구 마포대로 238 (아현동) 지하,37.5552092,126.9577309
1002,서울문화재단 대학로극장 쿼드(예술청),2,422,"서울문화재단 대학로극장 쿼드(예술청)
프로젝트룸(5층)","372
50",공공(문예회관),2022,서울,종로구,서울특별시 종로구 동숭길 122(동숭동),37.5836681,127.0036988
1003,서울생활문화센터 서교,1,162,서교스퀘어,162,민간(대학로 외),2020,서울,마포구,서울특별시 마포구 양화로 72(서교동),37.5507977,126.9167221
1004,서울생활문화센터 신도림 지하 소극장,1,0,서울생활문화센터 신도림 지하 소극장,0,민간(대학로 외),0,서울,구로구,서울특별시 구로구 새말로 지하117-21(신도림동),37.5088099,126.8912061
1005,서울숲 스튜디오301,1,0,서울숲 스튜디오301,0,민간(대학로 외),2021,서울,성동구,서울특별시 성동구 서울숲길 36(성수동1가),37.5477087,127.0409978
1006,서울시립광진청소년수련관,2,370,"대극장
소극장","300
70",공공(기타),2008,서울,광진구,서울특별시 광진구 구천면로 2 (광장동) 광진청소년수련관,37.5463451,127.106152
1007,서울시립대학교,1,300,음악관,300,공공(기타),1987,서울,동대문구,서울특별시 동대문구 서울시립대로 163 (전농동),37.5834233,127.0600271
1008,서울시민청,1,100,바스락홀,100,공공(기타),0,서울,중구,서울특별시 중구 세종대로 110 (태평로1가),37.5677018,126.9772803
1009,서울시산악문화체험센터,2,80,"기획전시실
시청각실","0
80",기타(비공연장),0,서울,마포구,서울특별시 마포구 하늘공원로 112(상암동),37.5692914,126.8798324
1010,서울아트센터,1,1083,도암홀,1083,민간(대학로 외),2023,서울,종로구,서울특별시 종로구 평창문화로 70 (평창동),37.6055589,126.9693877
1011,서울애니메이션센터,1,179,애니시네마 상영관,179,공공(기타),2005,서울,중구,서울특별시 중구 소공로 48 서울애니메이션센터,37.5597724,126.9830438
1012,서울여자대학교,1,0,인문사회관 인사랑당,0,민간(대학로 외),0,서울,노원구,서울특별시 노원구 화랑로 621(공릉동),37.6277725,127.0904878
1014,서울월드컵경기장,1,0,서울월드컵경기장,0,기타(비공연장),0,서울,마포구,서울특별시 마포구 월드컵로 240(성산동),37.5592762,126.9138751
1016,서울호서예술실용전문학교,1,0,HAC 아트홀,0,민간(대학로 외),0,서울,강서구,서울특별시 강서구 강서로 505(가양동),37.5705787,126.8414148
1019,서초구청,1,0,특설무대,0,국립,0,서울,서초구,서울특별시 서초구 남부순환로 2584(서초동),37.4837426,127.0325868
1020,서초문화예술회관(구. 서초구민회관),1,690,아트홀(대강당),690,공공(문예회관),1989,서울,서초구,서울특별시 서초구 강남대로 201 (양재동) 서초구민회관,37.4701663,127.0326379
1021,서초아트센터,1,70,서초아트홀,70,민간(대학로 외),0,서울,서초구,서울특별시 서초구 효령로 349-5(서초동),37.4870198,127.0219546
1025,선돌극장,1,130,선돌극장,130,민간(대학로),2007,서울,종로구,서울특별시 종로구 혜화로5길 5 (명륜1가),37.5868263,126.9997671
1026,선릉문화공간 제이드409,1,80,선릉문화공간 제이드409,80,민간(대학로 외),2022,서울,강남구,서울특별시 강남구 테헤란로 409(삼성동),37.5054927,127.0504299
1027,선릉아트홀(구. 아트홀 가얏고을),1,77,선릉아트홀(구. 아트홀 가얏고을),77,민간(대학로 외),2017,서울,강남구,서울특별시 강남구 테헤란로 337 (역삼동),37.5047883,127.0484604
1028,선릉유아트홀,1,0,선릉유아트홀,0,민간(대학로 외),0,서울,강남구,서울특별시 강남구 선릉로 533(역삼동),37.5068696,127.0467575
1031,설렘아트홀,1,50,설렘아트홀,50,민간(대학로 외),0,서울,광진구,서울특별시 광진구 능동로19길 23(화양동),37.5469527,127.0672289
1032,설치극장 정미소 (폐관),1,168,설치극장 정미소 (폐관),168,민간(대학로),2002,서울,종로구,서울특별시 종로구 이화장길 66 (동숭동),37.5782395,127.0047332
1033,섬유센터,1,600,이벤트홀,600,민간(대학로 외),0,서울,강남구,서울특별시 강남구 테헤란로 518 (대치동),37.5074573,127.0606353
1035,성균관대학교 새천년홀,1,754,성균관대학교 새천년홀,754,민간(대학로 외),1999,서울,종로구,서울특별시 종로구 성균관로 25 - 2,37.5883924,126.9922151
1036,성균소극장,2,180,"성균소극장
스튜디오SK","100
80",민간(대학로),2006,서울,종로구,서울특별시 종로구 성균관로 12-3 (명륜2가),37.5846997,126.9990412
1041,성동청소년수련관,1,220,무지개극장,220,공공(기타),2004,서울,성동구,서울특별시 성동구 고산자로 260 (행당동),37.5632153,127.0367465
1042,성미산마을극장 향,1,97,성미산마을극장 향,97,민간(대학로 외),2009,서울,마포구,서울특별시 마포구 월드컵로26길 39 (성산동),37.5605182,126.9142807
1043,성북구민회관,1,750,대강당,750,공공(기타),1990,서울,성북구,서울특별시 성북구 성북로4길 177 - 0 성북구민회관,37.5951707,127.008438
1044,성북마을극장,1,80,성북마을극장,80,민간(대학로),2015,서울,성북구,서울특별시 성북구 동소문로20다길 10 (동선동1가),37.5916466,127.017342
1045,성북미디어문화마루 꿈빛극장,1,320,성북미디어문화마루 꿈빛극장,320,민간(대학로 외),2021,서울,성북구,서울특별시 성북구 길음로7길 20 (길음동),37.6037505,127.0221534
1046,성북정보도서관,1,80,천장산우화극장,80,공공(기타),0,서울,성북구,서울특별시 성북구 화랑로18자길 13 (상월곡동),37.6050025,127.0507423
1047,성북청소년수련관,1,167,팝콘홀,167,공공(기타),2003,서울,성북구,서울특별시 성북구 한천로95길 7 (장위동),37.6141359,127.0602483
1049,성수 소극장,1,100,성수 소극장,100,민간(대학로 외),2019,서울,성동구,서울특별시 성동구 성덕정길 135-1 (성수동2가),37.536674,127.0584053
1050,성수아트홀(성수문화복지회관),1,350,성수아트홀(성수문화복지회관),350,공공(문예회관),2012,서울,성동구,서울특별시 성동구 뚝섬로1길 43 (성수동1가),37.5454156,127.0469729
1051,성신여자대학교 돈암수정캠퍼스,1,100,수정홀,100,민간(대학로 외),1995,서울,성북구,서울특별시 성북구 보문로 34다길 2 (돈암동),37.591939,127.0220201
1052,성신여자대학교 운정그린캠퍼스 대강당,1,738,성신여자대학교 운정그린캠퍼스 대강당,738,민간(대학로 외),2011,서울,강북구,서울특별시 강북구 도봉로76가길 55 (미아동),37.6319498,127.027268
1054,성암아트센터,1,201,성암아트홀,201,민간(대학로 외),2005,서울,강남구,서울특별시 강남구 선릉로111길 6 (논현동),37.5186005,127.0401275
1058,세라믹팔레스홀,1,440,세라믹팔레스홀,440,민간(대학로 외),2003,서울,강남구,서울특별시 강남구 일원로 90 (일원동),37.4857714,127.0823193
1059,세르클 [한남],1,0,세르클,0,기타(비공연장),0,서울,용산구,서울특별시 용산구 이태원로 223-5 (한남동),37.5355977,126.9983601
1062,세븐파이프홀,1,71,세븐파이프홀,71,민간(대학로 외),2015,서울,마포구,서울특별시 강남구 논현로168길 39,37.5232365,127.0314776
1063,세빛섬,1,1000,플로팅아일랜드,1000,국립,2015,서울,서초구,서울특별시 서초구 올림픽대로 2085-14(반포동),37.5119827,126.9934223
1064,세상에서제일작은한평극장,1,20,세상에서제일작은한평극장,20,민간(대학로 외),2012,서울,종로구,"서울특별시 종로구 사직로8길 42 (내수동, 광화문시대)",37.5737408,126.9731114
1065,세실아트홀,1,100,세실아트홀,100,민간(대학로 외),2016,서울,강남구,서울특별시 강남구 언주로173길 20 (신사동),37.5281531,127.0318461
1066,세우아트센터,2,270,"1관
2관","168
102",민간(대학로),2002,서울,종로구,서울특별시 종로구 대학로12길 49 (동숭동),37.5819554,127.0039801
1073,세종대학교 대양홀,1,2029,세종대학교 대양홀,2029,민간(대학로 외),2012,서울,광진구,서울특별시 광진구 능동로 209 (군자동),37.5507345,127.0741314
1074,세종대학교 충무관,1,100,세종아트홀 혼,100,민간(대학로 외),1978,서울,광진구,서울특별시 광진구 능동로 209 (군자동),37.5507345,127.0741314
1077,세종문화회관,8,4618,"세종대극장
세종체임버홀
세종M씨어터
세종S씨어터
뜨락(야외공간)(폐관)
세종예술아카데미(스퀘어홀)
세종예술아카데미(서클홀)
세종예술아카데미(오픈스테이지)","3,022
443
609
300
0
94
50
100",공공(문예회관),1978,서울,종로구,서울특별시 종로구 세종대로 175 (세종로),37.5722356,126.9759338
1083,소극장 The켠,1,60,소극장 The켠,60,민간(대학로 외),2016,서울,강북구,서울특별시 강북구 도봉로13가길 6 (미아동),37.6148221,127.0291151
1088,소극장 꿈꾸는 공작소,1,80,소극장 꿈꾸는 공작소,80,민간(대학로),2011,서울,종로구,서울특별시 종로구 혜화로 14-1,37.586899,127.0002993
1090,소극장 다르게놀자,1,100,소극장 다르게놀자,100,민간(대학로),2007,서울,종로구,서울특별시 종로구 동숭길 39 (동숭동),37.5799967,127.0042474
1094,소극장 무극,1,80,소극장 무극,80,민간(대학로),0,서울,종로구,서울특별시 종로구 대학로9길 18(명륜4가),37.5832347,127.0014444
1097,소극장 선물,1,0,1관,0,민간(대학로),0,서울,종로구,서울특별시 종로구 동숭길 145 (동숭동),37.5831776,127.0022758
1105,소극장 창덕궁,1,80,소극장 창덕궁,80,민간(대학로 외),2008,서울,종로구,서울특별시 종로구 창경궁로 227(명륜4가),37.5822319,126.9998819
1106,소극장 축제,1,130,소극장 축제,130,민간(대학로),2003,서울,종로구,서울특별시 종로구 대학로9길 18 (명륜4가),37.5832347,127.0014444
1110,소극장 플랫폼74,1,101,소극장 플랫폼74,101,민간(대학로),2020,서울,종로구,서울특별시 종로구 동숭길 74 (동숭동),37.5815416,127.0043041
1112,소극장 혜화당(구. 까망소극장),1,105,소극장 혜화당(구. 까망소극장),105,민간(대학로),1993,서울,종로구,서울특별시 종로구 대학로12길 63 (동숭동),37.5812351,127.0040242
1113,소극장공유(구. 키작은소나무극장),1,80,소극장공유(구. 키작은소나무극장),80,민간(대학로),2009,서울,종로구,서울특별시 종로구 창경궁로 303 (혜화동),37.5875961,127.0032172
1117,소디스 펍,1,0,소디스 펍,0,기타(비공연장),0,서울,관악구,서울특별시 관악구 봉천로 544-1 (봉천동),37.4782159,126.9581726
1119,소리아트홀,3,607,"1관
2관
3관","240
188
179",민간(대학로),2010,서울,종로구,서울특별시 종로구 대학로 146 (혜화동),37.5842484,127.0020771
1121,소셜베뉴 라움,3,1562,"마제스틱볼룸
체임버홀
그라스가든","828
384
350",민간(대학로 외),2010,서울,강남구,서울특별시 강남구 언주로 564 (역삼동) 라움아트센터,37.5081914,127.0395701
1122,소울소극장,1,50,소울소극장,50,민간(대학로),2009,서울,종로구,서울특별시 종로구 대학로14길 6 (혜화동),37.5837378,127.0021417
1123,소월아트홀(성동문화회관),1,520,소월아트홀(성동문화회관),520,공공(문예회관),1989,서울,성동구,서울특별시 성동구 왕십리로 281,37.5593642,127.0361222
1124,소전서림,1,0,소전서림,0,기타(비공연장),0,서울,강남구,서울특별시 강남구 영동대로138길 23(청담동),37.5205993,127.0422861
1135,송파구민회관,1,607,대강당,607,공공(기타),1994,서울,송파구,서울특별시 송파구 백제고분로 242 (삼전동),37.5022976,127.0933147
1136,송파브이아트홀,1,101,송파브이아트홀,101,민간(대학로 외),0,서울,송파구,서울특별시 송파구 오금로 513 (거여동),37.4820017,127.1458016
1137,송파어린이문화회관,1,154,아이소리홀,154,공공(기타),2010,서울,송파구,서울특별시 송파구 중대로 235(오금동),37.5027491,127.128403
1141,수상한거리 워십센터,1,80,수상한거리 워십센터,80,민간(대학로 외),0,서울,마포구,서울특별시 마포구 홍익로5길 43 (서교동),37.5532646,126.9203365
1142,수상한창고,1,0,수상한창고,0,민간(대학로 외),0,서울,금천구,서울특별시 금천구 금하로24길 7(시흥동),37.4506619,126.9087194
1143,수서청소년수련관,1,200,청소년극장,200,공공(기타),1994,서울,강남구,서울특별시 강남구 광평로 144 (수서동),37.4832555,127.0893646
1156,수유문화공간 옐로우바스켓,1,30,수유문화공간 옐로우바스켓,30,민간(대학로 외),2017,서울,강북구,서울특별시 강북구 4.19로25길 13 (수유동),37.6435407,127.0046737
1158,순위아트홀(구. 네오아트홀) [강남],1,216,순위아트홀(구. 네오아트홀) [강남],216,민간(대학로 외),2013,서울,서초구,서울특별시 서초구 강남대로 439 (서초동) 유화빌딩,37.5015385,127.0253689
1159,순위아트홀1관 [대학로],1,221,순위아트홀1관 [대학로],221,민간(대학로),2014,서울,종로구,서울특별시 종로구 대학로10길 11 (동숭동),37.5818872,127.0028027
1166,순화동천,1,0,순화동천,0,민간(대학로 외),0,서울,중구,"서울특별시 중구 서소문로9길 28(순화동, 덕수궁롯데캐슬)",37.5637417,126.9704545
1167,숨 아트리움,1,0,숨 아트리움,0,민간(대학로 외),0,서울,광진구,서울특별시 광진구 능동로 442(중곡동),37.554937,127.0919282
1168,숭실대학교 한경직기념관,1,1150,대강당,1150,민간(대학로 외),1997,서울,동작구,서울특별시 동작구 상도로 369 (상도동),37.4963538,126.9572222
1170,숲세권 라이브,1,0,숲세권 라이브,0,민간(대학로 외),0,서울,영등포구,서울특별시 영등포구 선유로54길 11(당산동6가),37.5360593,126.899912
1171,슈피겐홀,1,200,슈피겐홀,200,민간(대학로 외),2018,서울,강남구,서울특별시 강남구 봉은사로 446 (삼성동),37.5113321,127.0484374
1172,슈필렌하우스 & 슈필렌아트홀,1,0,슈필렌아트홀,0,민간(대학로 외),0,서울,서초구,서울특별시 서초구 반포대로 304 (잠원동),37.5061614,127.0010832
1174,스와뉴 스튜디오,1,0,스와뉴 스튜디오,0,민간(대학로 외),0,서울,마포구,서울특별시 마포구 월드컵로25길 69(망원동),37.5575996,126.9038968
1175,스위스그랜드호텔,3,1500,"컨벤션홀
그랜드볼룸
에메랄드홀","800
400
300",기타(비공연장),1988,서울,서대문구,서울특별시 서대문구 연희로 353 (홍은동),37.5891802,126.935254
1177,스카이아트홀,1,980,스카이아트홀,980,민간(대학로 외),2022,서울,강서구,서울특별시 강서구 화곡로63길 65(등촌동),37.5579756,126.8492306
1178,스콘뮤직홀,1,200,스콘뮤직홀,200,민간(대학로),0,서울,종로구,서울특별시 종로구 동숭길 148 (혜화동),37.5835156,127.0021666
1180,스타스테이지,1,200,스타스테이지,200,민간(대학로),2022,서울,종로구,서울특별시 종로구 대학로12길 15(동숭동),37.5830537,127.0044298
1181,스튜디오 QDA(구. 춤공장),1,20,스튜디오 QDA(구. 춤공장),20,민간(대학로 외),2013,서울,영등포구,서울특별시 영등포구 도림로126길 1 (문래동3가),37.5153554,126.9023964
1182,스튜디오 낙원,1,0,스튜디오 낙원,0,민간(대학로 외),0,서울,종로구,서울특별시 종로구 삼일대로 428(낙원동),37.5725724,126.9886231
1183,스튜디오 다락,1,120,스튜디오 다락,120,민간(대학로 외),0,서울,종로구,서울특별시 종로구 대학로8길 7(동숭동),37.5831945,127.0047317
1184,스튜디오 리움,1,76,스튜디오 리움,76,민간(대학로 외),0,서울,서대문구,서울특별시 서대문구 성산로 533(대신동),37.5642199,126.9443096
1185,스튜디오 바이탈 바이브,1,25,스튜디오 바이탈 바이브,25,민간(대학로 외),0,서울,강남구,서울특별시 강남구 밤고개로34길 14 (세곡동),37.463769,127.1067137
1186,스튜디오 블루,1,0,스튜디오 블루,0,민간(대학로),0,서울,종로구,서울특별시 종로구 대학로8가길 80(동숭동),37.5824905,127.0032799
1187,스튜디오 아트모스,1,0,스튜디오 아트모스,0,기타(비공연장),0,서울,서초구,서울특별시 서초구 반포대로13길 7(서초동),37.4844208,127.0105519
1188,스튜디오 일상,1,0,스튜디오 일상,0,민간(대학로 외),0,서울,성북구,서울특별시 성북구 삼선교로10길 3(삼선동2가),37.5878581,127.0089443
1189,스튜디오 하늘,1,100,스튜디오 하늘,100,민간(대학로 외),0,서울,종로구,서울특별시 종로구 대학로10길 17(동숭동),37.58322,127.0043935
1190,스튜디오76(구 이랑씨어터),1,210,스튜디오76(구 이랑씨어터),210,민간(대학로),2013,서울,종로구,서울특별시 종로구 이화장길 99 (동숭동),37.5796956,127.0042901
1191,스튜디오SK,1,80,스튜디오SK,80,민간(대학로),2013,서울,종로구,서울특별시 종로구 성균관로 15-10 (명륜3가),37.5839069,126.997126
1192,스트라디움 스튜디오,1,50,스트라디움 스튜디오,50,민간(대학로 외),2015,서울,용산구,서울특별시 용산구 이태원로 251 (한남동),37.5372931,127.0004856
1194,스페이스 DO,1,0,스페이스 DO,0,민간(대학로 외),0,서울,중구,서울특별시 중구 퇴계로49길 24(충무로5가),37.5633042,126.9996065
1195,스페이스 G.I,1,0,스페이스 G.I,0,민간(대학로 외),0,서울,강남구,서울특별시 강남구 테헤란로20길 12(역삼동),37.4988991,127.034239
1197,스페이스 나인,1,0,스페이스 나인,0,기타(비공연장),2015,서울,영등포구,서울특별시 영등포구 경인로 739 (문래동2가),37.5127723,126.8930828
1200,스페이스 아이,1,50,스페이스 아이,50,민간(대학로),2014,서울,종로구,서울특별시 종로구 대학로11길 41-8 (명륜4가),37.5828011,127.0008018
1202,스페이스 청,1,80,스페이스 청,80,민간(대학로 외),0,서울,마포구,서울특별시 마포구 신촌로 170 (대흥동) 1층,37.5563726,126.9442794
1203,스페이스 홍,1,0,스페이스 홍,0,기타(비공연장),0,서울,마포구,서울특별시 마포구 동교로 144 (서교동),37.5551766,126.9181097
1205,스페이스T (SPACE T),1,128,스페이스T (SPACE T),128,민간(대학로 외),0,서울,영등포구,서울특별시 영등포구 당산로 34(문래동3가),37.5191247,126.8986088
1206,스페이스바움,1,120,스페이스바움,120,민간(대학로 외),2013,서울,강남구,서울특별시 강남구 강남대로 600 (논현동) 동신빌딩 B1,37.5153751,127.0201613
1207,스페이스한강,1,0,스페이스한강,0,민간(대학로 외),0,서울,마포구,서울특별시 마포구 와우산로 128(창전동),37.5492463,126.9315342
1208,슬로우시티,1,46,슬로우시티,46,민간(대학로 외),0,서울,서초구,서울특별시 서초구 서운로 162 (서초동),37.4979332,127.0240776
1209,시네코아 쉐프 전용관(구. 시네코아 비밥 전용관),1,378,시네코아 쉐프 전용관(구. 시네코아 비밥 전용관),378,민간(대학로 외),2006,서울,종로구,서울특별시 종로구 삼일대로 386 (관철동),37.5691245,126.9860044
1210,시대여관,1,0,시대여관,0,기타(비공연장),0,서울,종로구,서울특별시 종로구 종로46가길 9-4 (창신동),37.5711815,127.0113848
1211,시립마포청소년센터,1,180,열린공연나루,180,공공(기타),2008,서울,마포구,서울특별시 마포구 월드컵로 212 (성산동),37.5617416,126.9071175
1212,"시온아트홀 (구. JK아트홀, 샘아트홀)",1,134,"시온아트홀(구. JK아트홀, 샘아트홀)",134,민간(대학로),2017,서울,종로구,서울특별시 종로구 대학로8가길 52 (동숭동),37.5830042,127.0026459
1219,신도림 테크노마트,1,1000,그랜드볼룸,1000,기타(비공연장),0,서울,구로구,서울특별시 구로구 새말로 97(구로동),37.5069735,126.8903193
1222,신명나눔 공간 마루채,1,30,공간 마루채,30,민간(대학로),2003,서울,종로구,서울특별시 종로구 대명길 39 - 9 공간 마루채,37.5825888,126.9997447
1230,신영체임버홀,1,64,신영체임버홀,64,민간(대학로 외),2018,서울,영등포구,서울특별시 영등포구 국제금융로8길 16 (여의도동),37.5212291,126.9288914
1233,신촌 파랑고래,1,30,고래마당,30,민간(대학로 외),2019,서울,서대문구,서울특별시 서대문구 연세로5나길 19 (창천동),37.5568194,126.9355206
1234,신촌극장,1,40,신촌극장,40,민간(대학로 외),2017,서울,서대문구,서울특별시 서대문구 연세로13길 17 (창천동),37.5591228,126.9358546
1235,신촌문화발전소,1,80,소극장,80,공공(기타),2018,서울,서대문구,서울특별시 서대문구 연세로2나길 57 (창천동),37.5579585,126.9397595
1236,신촌아트레온,1,220,무빙온(갤러리콘서트홀),220,민간(대학로 외),2012,서울,서대문구,서울특별시 서대문구 신촌로 129 (창천동),37.5602336,126.930881
1238,신한pLay 스퀘어 (구. 신한카드 판스퀘어),2,723,"라이브홀
드림홀","424
299",민간(대학로 외),2012,서울,마포구,서울특별시 마포구 양화로11길 60 (서교동),37.5522367,126.9134893
1240,신한뮤직,1,0,신한뮤직,0,민간(대학로 외),0,서울,강남구,서울특별시 강남구 언주로 716 (논현동),37.5136787,127.0317124
1243,쌀롱드무지끄,1,20,쌀롱드무지끄,20,민간(대학로 외),2019,서울,종로구,서울특별시 종로구 창의문로 129 (부암동),37.5923633,126.965994
1246,썸컴퍼니앤 광태소극장,1,0,썸컴퍼니앤 광태소극장,0,민간(대학로 외),0,서울,관악구,서울특별시 관악구 호암로22길 51(신림동),37.468801,126.9356408
1251,씨어터 송,1,100,씨어터 송,100,민간(대학로 외),2012,서울,서초구,서울특별시 서초구 법원로3길 22 (서초동),37.4932388,127.0082602
1253,씨어터 쿰,1,111,씨어터 쿰,111,민간(대학로),0,서울,종로구,서울특별시 종로구 창경궁로 253-7 (명륜2가),37.5846997,126.9990412
1255,씨어터조이 (구. 마당세실극장),1,80,씨어터조이 (구. 마당세실극장),80,민간(대학로),1997,서울,종로구,서울특별시 종로구 이화장길 78 (동숭동),37.5786935,127.0046492
1256,아가파오미니스트리,1,0,아가파오홀,0,기타(비공연장),0,서울,강남구,서울특별시 강남구 압구정로32길 11(신사동),37.5269161,127.0302159
1260,아라리오뮤지엄,1,80,공간소극장,80,민간(대학로 외),2015,서울,종로구,서울특별시 종로구 율곡로 83,37.577738,126.9883615
1261,"아루또소극장(구. 소담소극장, 구. 코메디컬센터)",1,97,"아루또소극장(구. 소담소극장, 구. 코메디컬센터)",97,민간(대학로),2017,서울,종로구,서울특별시 종로구 대학로8가길 48 (동숭동),37.5829596,127.0024201
1263,아르코예술극장,5,710,"대극장
소극장
3층 테라스
1층 로비
스튜디오 다락","600
110
0
0
0",국립,2009,서울,종로구,서울특별시 종로구 대학로8길 7 (동숭동),37.5831945,127.0047317
1264,아름다운극장,1,100,아름다운극장,100,민간(대학로),2008,서울,종로구,서울특별시 종로구 성균관로4길 48 (명륜2가),37.5856618,126.9985383
1265,아만티호텔,1,0,아만티호텔,0,기타(비공연장),2016,서울,마포구,서울특별시 마포구 월드컵북로 31(서교동),37.557196,126.9185883
1272,아스가르드 씨어터(구. 낙산씨어터),1,100,아스가르드 씨어터(구. 낙산씨어터),100,민간(대학로),0,서울,종로구,서울특별시 종로구 동숭길 140(혜화동),37.5836774,127.002561
1273,아시아공원,1,300,원형극장,300,공공(기타),1986,서울,송파구,서울특별시 송파구 올림픽로 44 (잠실동),37.508561,127.0948204
1276,아우라 라이브카페,1,0,아우라 라이브카페,0,민간(대학로 외),0,서울,강서구,서울특별시 강서구 마곡중앙로 161-11(마곡동),37.567935,126.8267335
1277,아이러브아트홀,1,80,아이러브아트홀,80,민간(대학로 외),2018,서울,강남구,서울특별시 강남구 압구정로32길 30 (신사동),37.5258146,127.0297725
1279,아일랜드이너프 도산공원점,1,30,아일랜드이너프 도산공원점,30,기타(비공연장),0,서울,강남구,서울특별시 강남구 도산대로45길 16-8(신사동),37.5234472,127.0359871
1280,아일랜드이너프 마곡점,1,50,아일랜드이너프 마곡점,50,기타(비공연장),0,서울,강서구,서울특별시 강서구 강서로 486(가양동),37.5686863,126.8415969
1281,아일랜드이너프 사당점,1,50,아일랜드이너프 사당점,50,기타(비공연장),0,서울,관악구,서울특별시 관악구 남부순환로 2050(남현동),37.4763321,126.9766347
1282,아일랜드이너프 선릉점,1,40,아일랜드이너프 선릉점,40,기타(비공연장),0,서울,강남구,서울특별시 강남구 선릉로76길 25(대치동),37.502005,127.0525548
1283,아일랜드이너프 양재점,1,40,아일랜드이너프 양재점,40,기타(비공연장),0,서울,서초구,서울특별시 서초구 강남대로37길 40(서초동),37.4849419,127.0312883
1284,아일랜드이너프 연남점,1,30,아일랜드이너프 연남점,30,기타(비공연장),0,서울,마포구,서울특별시 마포구 연남로 97(연남동),37.566904,126.9174236
1285,아일랜드이너프 이태원점,1,32,아일랜드이너프 이태원점,32,기타(비공연장),0,서울,용산구,서울특별시 용산구 녹사평대로40나길 22(이태원동),37.5353839,126.9885298
1294,아트선재센터,1,238,아트홀,238,기타(비공연장),1998,서울,종로구,서울특별시 종로구 율곡로3길 87 (소격동),37.5799953,126.9810131
1302,아트씨어터 문(안톤체홉극장),1,0,아트씨어터 문(안톤체홉극장),0,민간(대학로),2007,서울,종로구,서울특별시 종로구 성균관로3길 23 (명륜3가),37.5830622,126.9969567
1303,아트코드갤러리,1,0,아트코드갤러리,0,기타(비공연장),0,서울,강남구,서울특별시 강남구 언주로126길 13(논현동),37.5124416,127.0274457
1306,아트포레스트 아트홀,2,367,"1관
2관","212
155",민간(대학로),2016,서울,종로구,서울특별시 종로구 대학로12길 22 (동숭동),37.5830847,127.0041879
1308,아트하우스,1,207,아트하우스,207,민간(대학로),0,서울,종로구,서울특별시 종로구 대학로10길 26(동숭동),37.5830555,127.004009
1311,아트홀제이,1,23,아트홀제이,23,민간(대학로 외),2016,서울,송파구,서울특별시 송파구 위례성대로 18 (방이동),37.5165349,127.1142546
1312,아틀리에 스톰프,1,0,아틀리에 스톰프,0,민간(대학로 외),0,서울,강남구,서울특별시 강남구 봉은사로74길 6(삼성동),37.5119787,127.0512746
1313,아티스탄홀,1,300,아티스탄홀,300,민간(대학로),2003,서울,종로구,서울특별시 종로구 대학로 132 (동숭동),37.581408,127.0048867
1315,아프리카 콜로세움,1,0,아프리카 콜로세움,0,민간(대학로 외),0,서울,마포구,서울특별시 마포구 매봉산로 31(상암동),37.5756374,126.890042
1316,아프리카TV 프릭업 스튜디오,1,0,아프리카TV 프릭업 스튜디오,0,민간(대학로 외),0,서울,강남구,서울특별시 강남구 테헤란로 626(대치동),37.509265,127.0663828
1334,알록 에피소드,1,0,알록 에피소드,0,민간(대학로 외),0,서울,용산구,서울특별시 용산구 백범로87길 26 (원효로1가),37.539083,126.9650434
1335,알카드 스튜디오,1,0,알카드 스튜디오,0,기타(비공연장),2020,서울,종로구,서울특별시 종로구 필운대로2길 14 (체부동),37.5787282,126.9697763
1337,암사어린이극장,1,250,암사어린이극장,250,민간(대학로 외),2005,서울,강동구,서울특별시 강동구 올림픽로 930 (암사동),37.5634545,127.1333618
1338,압구정예홀(압구정클럽),1,200,압구정예홀(압구정클럽),200,민간(대학로 외),2006,서울,강남구,서울특별시 강남구 언주로174길 30 (신사동) 한국국제예술원,37.527858,127.036409
1339,앙상블리안,1,40,앙상블홀,40,민간(대학로 외),0,서울,강남구,서울특별시 강남구 도곡로3길 13 (역삼동),37.4910463,127.0326814
1340,앙트레블,1,0,앙트레블,0,기타(비공연장),0,서울,강남구,서울특별시 강남구 강남대로102길 45(역삼동),37.503835,127.0282982
1342,앤트러사이트 [서교],1,0,앤트러사이트 [서교],0,민간(대학로 외),0,서울,마포구,서울특별시 마포구 월드컵로12길 11 (서교동),37.5554335,126.9117009
1343,앤트러사이트 [한남],1,0,앤트러사이트 [한남],0,기타(비공연장),0,서울,용산구,서울특별시 용산구 이태원로 240 (한남동),37.5361018,127.000136
1344,앤트러사이트 [합정],1,0,앤트러사이트 [합정],0,기타(비공연장),0,서울,마포구,서울특별시 마포구 토정로5길 10 (합정동),37.545828,126.9183845
1345,야기스튜디오,1,0,야기스튜디오,0,민간(대학로 외),0,서울,강남구,서울특별시 강남구 헌릉로569길 37(세곡동),37.466797,127.097602
1346,야마하아티스트서비스서울,1,100,야마하아티스트서비스서울,100,민간(대학로 외),2013,서울,서초구,서울특별시 서초구 남부순환로 2385 (서초동),37.480184,127.0113785
1356,양천문화회관,3,1320,"대극장
해누리홀
해바라기홀","684
406
230",공공(문예회관),1998,서울,양천구,서울특별시 양천구 목동서로 367 (신정동),37.5165519,126.8632631
1358,얘기아트씨어터,1,80,얘기아트씨어터,80,민간(대학로 외),2011,서울,마포구,서울특별시 마포구 고산길 30 (노고산동),37.5537481,126.9388142
1362,언더스탠드에비뉴(신한두드림스페이스),1,120,아트 스탠드,120,민간(대학로 외),2017,서울,성동구,서울특별시 성동구 왕십리로 63 (성수동1가),37.5386702,127.0487036
1363,언제라도 여행,1,0,언제라도 여행,0,기타(비공연장),0,서울,마포구,서울특별시 마포구 잔다리로 65(서교동),37.5534418,126.9170797
1364,언플러그드 [신촌],1,0,언플러그드 [신촌],0,민간(대학로 외),0,서울,서대문구,서울특별시 서대문구 연세로 13(창천동),37.5567652,126.9365776
1365,얼라이브홀(구. 크랙홀),1,130,얼라이브홀(구. 크랙홀),130,민간(대학로 외),2013,서울,마포구,서울특별시 마포구 독막로7길 20 (서교동) 지하1층,37.5487062,126.9191557
1366,업스테이지(UP Stage),1,153,업스테이지(UP Stage),153,민간(대학로),0,서울,종로구,서울특별시 종로구 동숭길 41 (동숭동),37.5801091,127.0042689
1370,에스파스클래식,1,0,에스파스클래식,0,민간(대학로 외),0,서울,서대문구,서울특별시 서대문구 충정로7길 31(충정로2가),37.5656173,126.965413
1371,에이치씨어터,1,180,익스트림씨어터 2관,180,민간(대학로),2012,서울,종로구,서울특별시 종로구 이화장길 54 (이화동),37.577632,127.0047108
1373,에일리하우스,1,0,에일리하우스,0,기타(비공연장),0,서울,강남구,서울특별시 강남구 압구정로11길 37-53 (압구정동),37.5305156,127.0181805
1376,에피소드 서초 393,1,0,에피소드 서초 393,0,기타(비공연장),0,서울,서초구,서울특별시 서초구 강남대로49길 10(서초동),37.4899828,127.0296707
1377,에피소드 성수 101,1,0,에피소드 성수 101,0,기타(비공연장),0,서울,성동구,서울특별시 성동구 뚝섬로 341 (성수동1가),37.5407707,127.0487516
1378,에피소드 신촌 369,1,0,에피소드 신촌 369,0,기타(비공연장),0,서울,마포구,서울특별시 마포구 신촌로16길 29(노고산동),37.5541234,126.9347524
1379,엑스스페이스,1,50,엑스스페이스,50,민간(대학로 외),2016,서울,강남구,서울특별시 강남구 논현로117길 17 (논현동),37.5153925,127.0201916
1382,엔써뮤직,1,10,엔써뮤직,10,민간(대학로 외),2020,서울,마포구,서울특별시 마포구 독막로6길 5(합정동),37.5477008,126.9177041
1384,엔터 스튜디오,1,0,엔터 스튜디오,0,민간(대학로 외),0,서울,마포구,서울특별시 마포구 독막로8길 30(합정동),37.5466408,126.9176078
1385,엔터식스 메두사 아트홀,3,560,"1홀
2홀
3홀","260
180
120",민간(대학로 외),2014,서울,성동구,"서울특별시 성동구 왕십리로 241 (행당동, 서울숲 더샵)",37.5576248,127.0359917
1386,엔플러그,1,30,엔플러그,30,민간(대학로 외),0,서울,강남구,서울특별시 강남구 봉은사로55길 20 (삼성동),37.5119126,127.0443654
1387,엘리에나 호텔,1,0,컨벤션홀,0,기타(비공연장),0,서울,강남구,서울특별시 강남구 논현로 645(논현동),37.5109129,127.0309883
1388,엘리펀트스페이스,1,40,엘리펀트스페이스,40,민간(대학로 외),2018,서울,마포구,서울특별시 마포구 성미산로29길 30 (연남동),37.5653174,126.9221981
1393,엠스테이지(구.인사아트홀),1,176,엠스테이지(구.인사아트홀),176,민간(대학로 외),2017,서울,종로구,서울특별시 종로구 인사동길 34-1 (관훈동),37.5741575,126.984682
1395,엠팟홀 (구. 삼익아트홀),2,150,"엠팟홀 (구. 삼익아트홀)
옥상정원 (8층)","150
0",민간(대학로 외),1995,서울,강남구,서울특별시 강남구 학동로 171 (논현동) 삼익악기빌딩 3층,37.5141299,127.0291812
1401,여의도 이랜드크루즈 제1터미널,1,20,여의도 이랜드크루즈 제1터미널,20,민간(대학로 외),1986,서울,영등포구,서울특별시 영등포구 여의동로 290 (여의도동),37.5290851,126.9362381
1402,여의도 한강공원,1,0,여의도 한강공원,0,기타(비공연장),0,서울,영등포구,서울특별시 영등포구 여의동로 330 (여의도동),37.52955,126.9201835
1403,여의도 한강공원 멀티플라자 그랑샤피토,1,500,여의도 한강공원 멀티플라자 그랑샤피토,500,공공(기타),0,서울,영등포구,서울특별시 영등포구 여의동로 330 (여의도동),37.52955,126.9201835
1406,여행자극장,1,100,여행자극장,100,민간(대학로),2016,서울,성북구,서울특별시 성북구 성북로5길 9-3 (성북동1가),37.5884338,127.0043079
1407,역삼1동문화센터,1,230,가족극장,230,공공(기타),2013,서울,강남구,서울특별시 강남구 역삼로7길 16 (역삼동),37.4953545,127.0332497
1408,연극실험실 일상지하,1,50,연극실험실 일상지하,50,민간(대학로 외),2010,서울,성북구,서울특별시 성북구 성북로 106 (성북동),37.5930817,126.9971955
1409,연극실험실 혜화동1번지,1,70,연극실험실 혜화동1번지,70,민간(대학로),1993,서울,종로구,서울특별시 종로구 창경궁로35길 7 (혜화동),37.589711,127.0003309
1410,연극플레이스 혜화,1,0,연극플레이스 혜화,0,민간(대학로),0,서울,종로구,서울특별시 종로구 대학로8가길 111(동숭동),37.5809974,127.0035224
1411,연남5701,1,0,연남5701,0,민간(대학로 외),2021,서울,마포구,서울특별시 마포구 동교로23길 64 (연남동),37.5585656,126.9189467
1412,연남스페이스,1,0,연남스페이스,0,민간(대학로 외),0,서울,마포구,서울특별시 마포구 성미산로22길 16(연남동),37.562169,126.9208592
1413,연동교회,1,0,연동교회,0,기타(비공연장),0,서울,종로구,서울특별시 종로구 김상옥로 37 (연지동),37.5735733,127.0016052
1415,연세대학교 대강당,1,1641,연세대학교 대강당,1641,민간(대학로 외),1958,서울,서대문구,서울특별시 서대문구 연세로 50 (신촌동),37.5646993,126.9394972
1416,연세대학교 루스채플,1,252,연세대학교 루스채플,252,민간(대학로 외),1974,서울,서대문구,서울특별시 서대문구 연세로 50 (신촌동),37.5646993,126.9394972
1417,연세대학교 무악극장,1,0,연세대학교 무악극장,0,민간(대학로 외),0,서울,서대문구,서울특별시 서대문구 연세로 50-1(신촌동),37.5646993,126.9394972
1418,연세대학교 백주년기념관,1,829,연세대학교 백주년기념관,829,민간(대학로 외),1988,서울,서대문구,서울특별시 서대문구 연세로 50 (신촌동),37.5646993,126.9394972
1419,연세대학교 음악대학 체임버홀,1,0,연세대학교 음악대학 체임버홀,0,민간(대학로 외),0,서울,서대문구,서울특별시 서대문구 연세로 50(신촌동),37.5646993,126.9394972
1422,연우소극장,1,80,연우소극장,80,민간(대학로),1987,서울,종로구,서울특별시 종로구 창경궁로35길 21 (혜화동),37.5869556,127.0018827
1425,연희예술극장,1,115,연희예술극장,115,민간(대학로 외),2018,서울,서대문구,서울특별시 서대문구 연희맛로 2-3 (연희동),37.5656249,126.928594
1426,연희정원,1,90,연희정원,90,민간(대학로 외),0,서울,서대문구,서울특별시 서대문구 연희로11라길 10-8 (연희동),37.5684896,126.9303632
1427,열린극장,1,160,열린극장,160,민간(대학로),1999,서울,종로구,서울특별시 종로구 창경궁로 258-12 (명륜2가),37.5846997,126.9990412
1433,영등포 타임스퀘어,1,50,키즈앤키즈 소극장(폐관),50,민간(대학로 외),2014,서울,영등포구,서울특별시 영등포구 영중로 15 (영등포동4가),37.5178903,126.9035759
1434,영등포아트홀,1,526,영등포아트홀,526,공공(문예회관),2009,서울,영등포구,서울특별시 영등포구 국회대로 596 (당산동3가),37.5258617,126.8971134
1435,영락교회,1,1500,베다니홀,1500,민간(대학로 외),1945,서울,중구,서울특별시 중구 수표로 33 (저동1가),37.5644296,126.9878054
1436,영산아트홀,1,598,영산아트홀,598,민간(대학로 외),1999,서울,영등포구,서울특별시 영등포구 여의공원로 101 (여의도동),37.5292525,126.9249131
1437,영산양재홀,1,195,영산양재홀,195,민간(대학로 외),2005,서울,서초구,서울특별시 서초구 바우뫼로37길 45 (양재동),37.4804761,127.0384054
1448,예그린씨어터,1,202,예그린씨어터,202,민간(대학로),2014,서울,종로구,서울특별시 종로구 동숭길 130-5 (동숭동),37.5838922,127.0030715
1451,예림당아트홀,1,468,예림당아트홀,468,민간(대학로 외),2011,서울,강남구,서울특별시 강남구 언주로 337 (역삼동),37.5000776,127.0385419
1455,예술가의 집,1,100,예술가의 집,100,국립,2010,서울,종로구,서울특별시 종로구 동숭길 3 (동숭동),37.5800891,127.0029816
1456,예술공간 라푸푸,1,40,예술공간 라푸푸,40,민간(대학로),2012,서울,종로구,서울특별시 종로구 동숭4길 4 (동숭동),37.5830555,127.004009
1457,예술공간 몬스덕,1,54,예술공간 몬스덕,54,민간(대학로 외),2015,서울,영등포구,서울특별시 영등포구 경인로77가길 7-1 (문래동2가),37.5118941,126.8925728
1458,예술공간 서울,1,120,예술공간 서울,120,민간(대학로),2012,서울,종로구,서울특별시 종로구 성균관로4길 19 (명륜2가),37.5843703,127.0009292
1459,예술공간 오르다(구. 우석레파토리극장),1,102,예술공간 오르다(구. 우석레파토리극장),102,민간(대학로),2002,서울,종로구,서울특별시 종로구 이화장길 86-11 (동숭동),37.5792349,127.0051596
1461,예술공간 유비누리 앱질 전용관,1,115,예술공간 유비누리 앱질 전용관,115,민간(대학로),2014,서울,종로구,서울특별시 종로구 대학로8가길 52 (동숭동),37.5830042,127.0026459
1462,예술공간 혜화,1,100,예술공간 혜화,100,민간(대학로),2012,서울,종로구,서울특별시 종로구 혜화로 10-3 성인빌딩 ,37.5865883,127.0004668
1463,예술공간도화,1,0,예술공간도화,0,민간(대학로 외),0,서울,마포구,서울특별시 마포구 잔다리로 113 (서교동),37.5570875,126.9137836
1465,예술극장 나무와물,1,154,예술극장 나무와물,154,민간(대학로),2003,서울,종로구,서울특별시 종로구 창경궁로 263 (명륜2가),37.5846997,126.9990412
1469,예술나무씨어터(구. 상상나눔씨어터),1,232,예술나무씨어터(구. 상상나눔씨어터),232,민간(대학로 외),2013,서울,구로구,"서울특별시 구로구 구로중앙로 134 (구로동, 신구로자이나인스에비뉴)",37.5000786,126.8840596
1472,예술의전당,11,8159,"CJ 토월극장
리사이틀홀
콘서트홀
자유소극장
IBK챔버홀
오페라극장
신세계스퀘어 야외무대
인춘아트홀
1101어린이라운지
서예박물관 
N스튜디오(국립예술단체공연연습장) 공용1","1,004
354
2,527
241
600
2,283
1,000
130
0
0
20",국립,1988,서울,서초구,서울특별시 서초구 남부순환로 2406 (서초동),37.4810859,127.0152453
1475,예스24 라이브홀 (구. 악스코리아),1,2500,예스24 라이브홀 (구. 악스코리아),2500,민간(대학로 외),2006,서울,광진구,서울특별시 광진구 구천면로 20 (광장동),37.545735,127.1080542
1476,예스24 스테이지(구. DCF대명문화공장),3,962,"1관
2관
3관(구. 수현재씨어터)","406
301
255",민간(대학로),2014,서울,종로구,서울특별시 종로구 대학로12길 21 (동숭동),37.5842964,127.0066348
1482,예한교회,1,0,예한교회,0,기타(비공연장),0,서울,송파구,서울특별시 송파구 올림픽로 417(신천동),37.5203898,127.1138584
1485,오드 포트(ODE PORT),1,70,라이브홀,70,민간(대학로 외),2018,서울,강남구,서울특별시 강남구 도산대로25길 15-10 (신사동),37.5206884,127.0263725
1486,오디오가이스튜디오,1,100,오디오가이스튜디오,100,민간(대학로 외),2000,서울,종로구,서울특별시 종로구 효자로23 (통의동),37.5787247,126.9723833
1488,오류아트홀,1,365,오류아트홀,365,공공(기타),2018,서울,구로구,서울특별시 구로구 경인로20가길 38 (오류동),37.4957808,126.8473739
1489,오마이갓 전용관,1,78,오마이갓 전용관,78,민간(대학로),2023,서울,종로구,서울특별시 종로구 동숭길 68 (동숭동),37.5813334,127.0043158
1491,오시선/지하극장,1,0,오시선/지하극장,0,민간(대학로 외),2017,서울,강남구,서울특별시 강남구 논현로6길 26 (개포동),37.4738815,127.0515291
1492,오씨어터,1,115,오씨어터,115,민간(대학로 외),2003,서울,종로구,서울특별시 종로구 대학로11길 38-23 (명륜4가),37.5827129,127.0008
1493,오아시스아트홀,1,120,오아시스아트홀,120,민간(대학로 외),2020,서울,강서구,"서울특별시 강서구 양천로73길 80 (염창동, 한강동아아파트)",37.5539725,126.8742099
1494,오온,1,0,오온,0,기타(비공연장),0,서울,송파구,서울특별시 송파구 백제고분로7길 16-16(잠실동),37.5097871,127.0807107
1496,오페라하우스 [신도림],1,73,지하소극장,73,공공(기타),2008,서울,구로구,서울특별시 구로구 새말로 107-32 (구로동),37.5079891,126.8909268
1502,올래홀,1,175,올래홀,175,민간(대학로),2005,서울,종로구,서울특별시 종로구 대학로10길 24 (동숭동),37.5830081,127.0041558
1503,올림픽공원,11,41356,"KSPO DOME(체조경기장)
SK핸드볼경기장(펜싱경기장)
올림픽홀
뮤즈라이브
우리금융아트홀(역도경기장)
K-아트홀
야외(88잔디마당)
야외(수변무대)
벨로드롬(경륜경기장)
평화광장
일대","15,000
5,003
2,432
237
1,184
500
10,000
1,000
6,000
0
0",공공(기타),1986,서울,송파구,서울특별시 송파구 올림픽로 424 올림픽공원 (방이동),37.5206868,127.1214941
1506,옵신 스페이스(구. 서촌공간 서로),1,70,옵신 스페이스(구. 서촌공간 서로),70,민간(대학로 외),2016,서울,종로구,서울특별시 종로구 필운대로7길 12 (옥인동),37.5815867,126.9678759
1508,와팝홀(구 돔아트홀) (폐관),1,2055,와팝홀(구 돔아트홀) (폐관),2055,민간(대학로 외),2003,서울,광진구,서울특별시 광진구 능동로 216 (능동),37.5495886,127.081578
1513,요기가 널판,1,0,요기가 널판,0,민간(대학로 외),0,서울,마포구,서울특별시 마포구 연남로13길 9(연남동),37.566704,126.9168215
1515,용산아트홀,2,1091,"대극장 미르
소극장 가람","787
304",공공(문예회관),2010,서울,용산구,서울특별시 용산구 녹사평대로 150(이태원동 34-87),37.5325615,126.990179
1516,용산전자랜드,1,100,랜드홀,100,민간(대학로 외),0,서울,용산구,서울특별시 용산구 청파로 74(한강로3가),37.5276547,126.9622041
1517,용산전쟁기념관,4,176,"평화의 광장
제3기획전시실
전쟁기념관 이병형홀(구. 문화극장)
평화홀(1층)","0
0
176
0",국립,1994,서울,용산구,서울특별시 용산구 이태원로 29 (용산동1가),37.5400116,126.9770276
1530,우란2경,2,120,"우란2경
리허설룸","120
0",민간(대학로 외),2014,서울,성동구,서울특별시 성동구 연무장7길 11 (성수동2가),37.5438054,127.0544306
1532,우리네 극장,1,100,우리네 극장,100,민간(대학로),2012,서울,종로구,서울특별시 종로구 동숭길 55 (동숭동) 5층,37.58077,127.0041608
1533,우리소극장 [대학로],1,0,우리소극장 [대학로],0,민간(대학로),0,서울,종로구,서울특별시 종로구 이화장길 86-11(동숭동),37.5792349,127.0051596
1535,우리열린극장,1,172,우리열린극장,172,민간(대학로 외),2007,서울,종로구,서울특별시 종로구 삼일대로 428 (낙원동),37.5725724,126.9886231
1536,우리옛돌박물관,1,0,우리옛돌박물관,0,기타(비공연장),0,서울,성북구,서울특별시 성북구 대사관로13길 66(성북동),37.6008585,126.9896787
1537,우미관극장(서울코미디클럽),1,0,우미관극장(서울코미디클럽),0,민간(대학로 외),0,서울,종로구,서울특별시 종로구 종로14길 4(관철동),37.5698283,126.986685
1541,우정아트센터,1,0,우정아트센터,0,기타(비공연장),0,서울,중구,서울특별시 중구 세종대로 55 (태평로2가),37.563735,126.9773483
1545,울림과 퍼짐,1,0,울림과 퍼짐,0,민간(대학로 외),0,서울,종로구,서울특별시 종로구 자하문로24길 12(효자동),37.5834498,126.9709781
1559,원더러스트에이앤씨 (Wonderlust A&C),1,0,원더러스트에이앤씨 (Wonderlust A&C),0,민간(대학로),0,서울,종로구,서울특별시 종로구 낙산길 19 (동숭동),37.5805513,127.0055959
1568,원패스아트홀,1,200,원패스아트홀,200,민간(대학로),2018,서울,종로구,서울특별시 종로구 대학로12길 15 (동숭동),37.5830537,127.0044298
1569,월드케이팝센터,1,0,글래스홀,0,민간(대학로 외),0,서울,중구,서울특별시 중구 장충단로 72(장충동2가),37.5515434,127.0025388
1570,월서울 (wall.seoul),1,110,월서울 (wall.seoul),110,기타(비공연장),2018,서울,성동구,서울특별시 성동구 성수이로 65 (성수동2가),37.5410195,127.0555027
1573,웨스트브릿지 라이브홀,1,150,웨스트브릿지 라이브홀,150,민간(대학로 외),2015,서울,마포구,서울특별시 마포구 와우산로25길 6 (서교동),37.5536507,126.9261539
1574,위워크 광화문,1,100,위워크 광화문,100,민간(대학로 외),2018,서울,종로구,서울특별시 종로구 종로1길 50 (중학동),37.5747575,126.9792977
1575,위코 스튜디오,1,0,위코 스튜디오,0,기타(비공연장),0,서울,영등포구,서울특별시 영등포구 양산로 91(당산동3가),37.5264471,126.8987258
1576,윈씨어터(구. 대학로갈갈이홀),1,168,윈씨어터(구. 대학로갈갈이홀),168,민간(대학로),2004,서울,종로구,서울특별시 종로구 대학로8가길 111 (동숭동),37.5809974,127.0035224
1577,유나이티드 컬쳐센터 & 갤러리,1,200,갤러리(음악홀),200,기타(비공연장),0,서울,강남구,서울특별시 강남구 강남대로102길 41 (역삼동),37.5036201,127.0280604
1578,유니버설아트센터,1,1084,유니버설아트센터,1084,민간(대학로 외),1981,서울,광진구,서울특별시 광진구 천호대로 664 (능동),37.5503951,127.087338
1579,유니언타운,1,150,유니언 마루 루프탑 라운지,150,기타(비공연장),2017,서울,영등포구,서울특별시 영등포구 당산로 241 (당산동6가),37.5346602,126.9028802
1580,유니플렉스,3,1100,"1관(대극장)
2관(중극장)
3관(소극장)","600
300
200",민간(대학로),2013,서울,종로구,서울특별시 종로구 대학로12길 64 (동숭동),37.5812002,127.0037165
1584,유시어터,1,229,유시어터,229,민간(대학로 외),1999,서울,강남구,서울특별시 강남구 도산대로58길 16 (청담동),37.5222431,127.0412593
1586,유영공간,1,0,유영공간,0,기타(비공연장),0,서울,성북구,서울특별시 성북구 성북로16가길 1(성북동),37.5939579,127.0003916
1587,윤당아트홀,2,410,"1관
2관","260
150",민간(대학로 외),2009,서울,강남구,서울특별시 강남구 언주로 844 (신사동),37.5256443,127.0338682
1588,윤보선 고택,1,150,윤보선 고택,150,기타(비공연장),0,서울,종로구,서울특별시 종로구 윤보선길 62 (안국동),37.5789459,126.9836997
1591,윤형빈소극장 [홍대],1,161,윤형빈소극장 [홍대],161,민간(대학로 외),2015,서울,마포구,서울특별시 마포구 와우산로21길 29 (서교동),37.552176,126.9223635
1593,은평문화예술회관,2,1051,"공연장
숲속극장","701
350",공공(문예회관),1996,서울,은평구,서울특별시 은평구 녹번로 16 (녹번동),37.6039156,126.9283637
1595,을지공간,1,45,을지공간,45,민간(대학로 외),2018,서울,중구,서울특별시 중구 창경궁로5길 5 (을지로4가),37.5671023,126.9976871
1597,음악공간 중력장,1,0,중력장,0,민간(대학로 외),0,서울,동작구,서울특별시 동작구 현충로 104(흑석동),37.5075622,126.9648731
1599,음악플러스 아트홀,1,50,음악플러스 아트홀,50,민간(대학로 외),0,서울,서초구,서울특별시 서초구 남부순환로317길 82-4(서초동),37.4832003,127.0107245
1605,의외의 조합,1,0,의외의 조합,0,기타(비공연장),0,서울,중구,서울특별시 중구 동호로17길 121 (신당동),37.5538047,127.0046332
1613,이수스타홀,1,0,이수스타홀,0,민간(대학로),0,서울,종로구,서울특별시 종로구 대학로12길 10(동숭동),37.5835416,127.0045686
1615,이수아트홀 [대학로] (폐관),1,204,이수아트홀 [대학로] (폐관),204,민간(대학로),2013,서울,종로구,서울특별시 종로구 이화장길 58 (이화동),37.5778949,127.0046297
1616,이어령 예술극장 (구. 석관동 예술극장),1,0,이어령 예술극장 (구. 석관동 예술극장),0,민간(대학로 외),0,서울,성북구,서울특별시 성북구 화랑로32길 146-37(석관동),37.6037986,127.0558626
1617,이웃집마녀,1,10,이웃집마녀,10,기타(비공연장),0,서울,마포구,서울특별시 마포구 동교로34길 6 (연남동),37.5609244,126.9246723
1621,이태원 해밀톤 호텔,2,0,"이태원 해밀톤 호텔
B1 라운지클럽","0
0",민간(대학로 외),0,서울,용산구,서울특별시 용산구 이태원로 179(이태원동),37.5438758,126.9942504
1623,이화여고 100주년 기념관,1,433,이화여고 100주년 기념관,433,민간(대학로 외),2004,서울,중구,서울특별시 중구 정동길 26 (정동),37.5658654,126.9713247
1624,이화여자대학교 김영의홀,1,380,이화여자대학교 김영의홀,380,민간(대학로 외),1981,서울,서대문구,서울특별시 서대문구 이화여대길 52 (대현동),37.5625607,126.9474535
1625,이화여자대학교 대강당,1,2900,이화여자대학교 대강당,2900,민간(대학로 외),1956,서울,서대문구,서울특별시 서대문구 이화여대길 52 (대현동),37.5625607,126.9474535
1626,이화여자대학교 리사이틀홀,1,200,이화여자대학교 리사이틀홀,200,민간(대학로 외),0,서울,서대문구,서울특별시 서대문구 이화여대길 52 (대현동),37.5625607,126.9474535
1627,이화여자대학교 삼성홀,1,708,이화여자대학교 삼성홀,708,민간(대학로 외),2010,서울,서대문구,서울특별시 서대문구 이화여대길 52 (대현동),37.5625607,126.9474535
1630,익스트림씨어터 3관,1,130,익스트림씨어터 3관,130,민간(대학로),2012,서울,종로구,서울특별시 종로구 창경궁로 227 (명륜4가),37.5822319,126.9998819
1631,인디아트홀 공,1,100,인디아트홀 공,100,민간(대학로 외),2013,서울,영등포구,서울특별시 영등포구 선유서로30길 30 (양평동1가),37.5228667,126.8911441
1654,일상비일상의틈,1,0,일상비일상의틈,0,기타(비공연장),0,서울,강남구,서울특별시 강남구 강남대로 426 (역삼동),37.5000776,127.0385419
1655,일신홀,1,189,일신홀,189,민간(대학로 외),2009,서울,용산구,서울특별시 용산구 한남대로 98 (한남동),37.5371739,127.0055791
1656,일지아트홀,1,240,일지아트홀,240,민간(대학로 외),2011,서울,강남구,서울특별시 강남구 선릉로 806 (청담동) 킹콩빌딩 지하2층,37.5238585,127.039623
1660,자양스테이션(파리뮤직포럼),1,50,자양스테이션(파리뮤직포럼),50,기타(비공연장),2019,서울,광진구,서울특별시 광진구 자양로11길 18 (자양동),37.5346172,127.0830323
1663,작은극장 광야(구. 대학로예술극장 3관) (폐관),1,30,작은극장 광야(구. 대학로예술극장 3관) (폐관),30,민간(대학로),2017,서울,종로구,서울특별시 종로구 이화장길 100 (동숭동) 쇳대박물관 지하1층,37.579769,127.004599
1666,작은극장 어린,1,65,작은극장 어린,65,민간(대학로 외),2009,서울,은평구,서울특별시 은평구 통일로 684 (녹번동),37.6079794,126.9331676
1668,잠실종합운동장,8,81813,"FB빅탑시어터
실내체육관
특설링
보조경기장
주경기장
로열씨어터
서문주차장
빅탑","500
11,032
0
1,782
65,599
500
0
2,400",공공(기타),1984,서울,송파구,서울특별시 송파구 올림픽로 25 (잠실동),37.5170238,127.0876104
1669,잠실학생체육관,1,5400,본관,5400,공공(기타),1977,서울,송파구,서울특별시 송파구 올림픽로 25 (잠실동),37.5170238,127.0876104
1671,장로회신학대학교 세계교회협력센터,1,352,국제회의장,352,민간(대학로 외),0,서울,광진구,서울특별시 광진구 광장로5길 25-1(광장동),37.5501984,127.1037288
1675,장충체육관,1,4507,장충체육관,4507,공공(기타),1963,서울,중구,서울특별시 중구 동호로 241 (장충동2가),37.5581571,127.0068191
1678,재단법인 기지,1,0,재단법인 기지,0,기타(비공연장),2019,서울,서대문구,서울특별시 서대문구 연희로24길 9-2(연희동),37.5715012,126.9355716
1679,재머스(JAMMERS),1,0,재머스(JAMMERS),0,민간(대학로 외),1996,서울,마포구,서울특별시 마포구 와우산로 120(창전동),37.5489479,126.9313399
1681,재즈클럽 그루브,1,70,재즈클럽 그루브,70,민간(대학로 외),2006,서울,서초구,서울특별시 서초구 신반포로47길 52 (잠원동),37.5126845,127.0184524
1697,전태일기념관,1,62,울림터,62,공공(기타),2019,서울,종로구,서울특별시 종로구 청계천로 105 (관수동),37.5692791,126.9912153
1698,전통공연창작마루 광무대,1,0,전통공연창작마루 광무대,0,민간(대학로 외),2020,서울,종로구,서울특별시 종로구 종로 272(종로6가),37.5710513,127.0077232
1700,"정극장 (구. M시어터, 구.하모니아트홀)",1,120,"정극장 (구. M시어터, 구.하모니아트홀)",120,민간(대학로),2012,서울,종로구,서울특별시 종로구 대학로12길 69 (동숭동),37.5810306,127.00396
1701,정동1928아트센터,1,150,이벤트홀,150,민간(대학로 외),2019,서울,중구,서울특별시 중구 덕수궁길 130 (정동),37.5679082,126.9738857
1702,정보소극장,1,108,정보소극장,108,민간(대학로),1993,서울,종로구,서울특별시 종로구 대학로12길 38 (동숭동),37.5824904,127.0037339
1710,정태호소극장 comedy maker,1,100,정태호소극장 comedy maker,100,민간(대학로 외),2016,서울,마포구,서울특별시 마포구 어울마당로 94-8 (서교동),37.5531143,126.9221592
1711,정효아트센터,1,100,음악당,100,민간(대학로 외),2015,서울,서초구,서울특별시 서초구 사임당로18길 52-2 (서초동),37.4875412,127.0196197
1712,제1 서울창의예술교육센터,1,180,하늘공연장,180,공공(기타),2014,서울,은평구,서울특별시 은평구 가좌로 208 (응암동),37.5893038,126.9192094
1716,제이엘 씨어터,1,130,제이엘 씨어터,130,민간(대학로 외),0,서울,마포구,서울특별시 마포구 어울마당로 94-8(서교동),37.5531143,126.9221592
1717,제일라아트홀,1,250,제일라아트홀,250,민간(대학로 외),2014,서울,마포구,서울특별시 마포구 월드컵북로 323 (상암동),37.5750454,126.8954797
1743,졸탄극장,1,179,졸탄극장,179,민간(대학로),0,서울,종로구,서울특별시 종로구 이화장길 58 (이화동),37.5778949,127.0046297
1744,종로구민회관,1,440,강당,440,공공(문예회관),2000,서울,종로구,서울특별시 종로구 지봉로5길 7-5 (창신동),37.5735118,127.0144845
1745,종로아이들극장,1,281,종로아이들극장,281,공공(기타),2016,서울,종로구,서울특별시 종로구 성균관로 91 - 0 국민생활관,37.5903566,126.9988422
1746,종로여가,1,0,종로여가,0,기타(비공연장),0,서울,종로구,서울특별시 종로구 창신길 55(창신동),37.5741627,127.0104472
1747,종로예술극장,1,22,종로예술극장,22,민간(대학로 외),2011,서울,종로구,서울특별시 종로구 동호로 406-2 (종로5가),37.5706436,127.0024085
1749,주말극장,1,0,주말극장,0,민간(대학로 외),0,서울,영등포구,서울특별시 영등포구 도림로126길 1(문래동3가),37.5153554,126.9023964
1753,중랑구민회관,2,614,"대공연장
소공연장","494
120",공공(기타),1994,서울,중랑구,서울특별시 중랑구 면목로 238 (면목동),37.5737227,127.0847565
1755,중앙대학교 공연예술원,1,130,스튜디오시어터,130,민간(대학로),2002,서울,종로구,서울특별시 종로구 이화장길 86-8 (동숭동),37.5789279,127.0049257
1756,중앙대학교 아트센터,2,595,"대극장(중앙아트홀)
소극장(100주년기념관 대신홀)","491
104",민간(대학로 외),1999,서울,동작구,서울특별시 동작구 흑석로 84 (흑석동),37.5045563,126.9569379
1757,중앙성결교회,1,0,중앙성결교회,0,기타(비공연장),0,서울,종로구,서울특별시 종로구 충신길 22 (종로6가),37.5739072,127.0082267
1765,지블레싱소극장,1,0,지블레싱소극장,0,민간(대학로 외),0,서울,마포구,서울특별시 마포구 신촌로14길 24(노고산동),37.5539298,126.9411521
1766,지식방앗간 B밀,1,0,지식방앗간 B밀,0,민간(대학로 외),0,서울,중구,서울특별시 중구 퇴계로18길 77(남산동2가),37.5577193,126.9849295
1767,지인시어터(구. 알과핵소극장),1,176,지인시어터(구. 알과핵소극장),176,민간(대학로),1998,서울,종로구,서울특별시 종로구 동숭길 25 (동숭동),37.5799187,127.0035083
1768,지즐소극장,1,84,지즐소극장,84,민간(대학로),2007,서울,종로구,서울특별시 종로구 성균관로4길 42 (명륜2가),37.5861394,126.9987258
1769,진건아트홀,1,70,진건아트홀,70,민간(대학로),2014,서울,종로구,서울특별시 종로구 대학로11길 39 (명륜4가),37.5827063,127.0008806
1784,창덕궁,1,0,창덕궁,0,국립,0,서울,종로구,서울특별시 종로구 율곡로 99(와룡동),37.5760698,126.9906121
1785,창동극장,1,100,창동극장,100,민간(대학로 외),2014,서울,도봉구,서울특별시 도봉구 노해로 391 (창동),37.6528407,127.0516203
1786,창동문화체육센터,1,188,공연장,188,공공(기타),2005,서울,도봉구,서울특별시 도봉구 노해로69길 132 (창동),37.6581765,127.0507402
1792,창작플랫폼 경험과 상상,1,50,창작플랫폼 경험과 상상,50,민간(대학로 외),2017,서울,영등포구,서울특별시 영등포구 선유동2로 46 (당산동5가),37.533081,126.8983856
1794,창조소극장 (구. 민아트홀),1,100,창조소극장 (구. 민아트홀),100,민간(대학로),2018,서울,종로구,서울특별시 종로구 창경궁로 259 (명륜2가),37.5846997,126.9990412
1809,청년극장 (구. 대학로 아트홀 1관 구. 서울문화예술대학교 대학로 극장),1,114,청년극장 (구. 대학로 아트홀 1관 구. 서울문화예술대학교 대학로 극장),114,민간(대학로),2010,서울,종로구,서울특별시 종로구 동숭길 47 (동숭동),37.5803593,127.0042622
1810,청년예술청 SAPY,1,0,청년예술청 SAPY,0,민간(대학로 외),0,서울,서대문구,"서울특별시 서대문구 경기대로 26-26 (충정로3가, 더스타일하우스디센트럴)",37.5613001,126.962259
1812,청담 예인아트홀,1,0,청담 예인아트홀,0,민간(대학로 외),0,서울,강남구,서울특별시 강남구 도산대로81길 45(청담동),37.5270391,127.0461894
1813,청담 프리데카,1,0,청담 프리데카,0,기타(비공연장),0,서울,강남구,서울특별시 강남구 도산대로57길 8(청담동),37.5241419,127.0414176
1819,청운예술극장(구. 글로브극장),1,110,청운예술극장(구. 글로브극장),110,민간(대학로),2004,서울,종로구,서울특별시 종로구 대학로 60 (연건동),37.5790557,127.0010269
1828,초록씨어터,1,160,초록씨어터,160,민간(대학로),0,서울,종로구,서울특별시 종로구 대학로 128(동숭동),37.5813334,127.0043158
1830,총신대학교 신관,1,453,콘서트홀,453,민간(대학로 외),2013,서울,동작구,서울특별시 동작구 사당로 143 (사당동),37.4891828,126.9666401
1831,최순우 옛집,1,30,최순우 옛집,30,기타(비공연장),2004,서울,성북구,서울특별시 성북구 성북로15길 9 (성북동),37.5929066,127.0003577
1832,최일화 스튜디오,1,50,최일화 스튜디오,50,민간(대학로),2011,서울,종로구,서울특별시 종로구 이화장1길 24 (이화동),37.5773844,127.0057301
1844,충동소극장,1,30,충동소극장,30,민간(대학로 외),0,서울,광진구,서울특별시 광진구 뚝섬로36길 49 (자양동),37.5322572,127.070648
1845,충무아트센터,4,1998,"소극장 블루
대공연장
중극장 블랙
컨벤션센터","218
1,255
325
200",공공(문예회관),2005,서울,중구,서울특별시 중구 퇴계로 387 (흥인동),37.56731,127.0163823
1856,카비네,1,10,카비네,10,기타(비공연장),0,서울,종로구,서울특별시 종로구 북촌로6길 30 (계동),37.5823513,126.9874765
1861,카페 야카모즈,1,0,카페 야카모즈,0,민간(대학로 외),0,서울,마포구,서울특별시 마포구 월드컵북로 88 (성산동),37.5658416,126.9106535
1862,카페 어느새 봄,1,0,카페 어느새 봄,0,기타(비공연장),0,서울,서초구,서울특별시 서초구 강남대로2길 70 (양재동),37.4770572,127.0364799
1863,카페 콘체르토,1,0,카페 콘체르토,0,기타(비공연장),2018,서울,강남구,서울특별시 강동구 명일로 167 (둔촌동),37.5338893,127.1445381
1864,카페 포레스트,1,0,카페 포레스트,0,민간(대학로 외),0,서울,양천구,서울특별시 양천구 목동동로 33(신정동),37.5145513,126.8594633
1866,카페극장 칸,1,20,카페극장 칸,20,민간(대학로 외),2014,서울,종로구,서울특별시 종로구 삼일대로32길 55 - 3,37.5756813,126.9899165
1870,컬쳐씨어터(구. 휴먼시어터),1,120,컬쳐씨어터(구. 휴먼시어터),120,민간(대학로),2016,서울,종로구,서울특별시 종로구 대학로8가길 80 (동숭동),37.5824905,127.0032799
1871,컬쳐파크209,1,50,컬쳐파크209,50,민간(대학로 외),2019,서울,강남구,서울특별시 강남구 역삼로20길 9(역삼동),37.4947046,127.0376598
1872,케이아트 디딤홀,1,120,케이아트 디딤홀,120,민간(대학로 외),2017,서울,마포구,서울특별시 마포구 와우산로18길 30 (서교동) 지층,37.551465,126.9240704
1873,코델아트홀,1,120,코델아트홀,120,민간(대학로),2016,서울,종로구,서울특별시 종로구 동숭길 78 (동숭동) 지하1층,37.5817566,127.0042887
1874,코리아나호텔,1,0,다이아몬드 홀,0,기타(비공연장),1972,서울,중구,서울특별시 중구 세종대로 135(태평로1가),37.5677018,126.9772803
1876,코리아블루스씨어터,1,50,코리아블루스씨어터,50,민간(대학로 외),0,서울,용산구,서울특별시 용산구 청파로45길 5 (청파동3가),37.5441514,126.9701872
1877,코미디헤이븐,1,40,코미디헤이븐,40,민간(대학로 외),2018,서울,강남구,서울특별시 강남구 강남대로110길 19,37.5041391,127.0265566
1878,코사이어티,1,0,코사이어티,0,민간(대학로 외),0,서울,성동구,서울특별시 성동구 왕십리로 82-20 (성수동1가),37.5390049,127.0483453
1879,코스모스아트홀,1,220,코스모스아트홀,220,민간(대학로 외),2006,서울,서초구,서울특별시 서초구 반포대로 27(서초동),37.4828485,127.0115268
1880,코엑스,8,11534,"신한카드 아티움
아트홀
오디토리움
컨퍼런스룸(남)
K팝 광장(동문)
D홀
그랜드볼룸
Hall C","1,004
200
1,080
450
0
7,000
1,800
0",민간(대학로 외),2009,서울,강남구,서울특별시 강남구 영동대로 513 (삼성동),37.5125207,127.0588194
1881,코쿤홀,1,80,코쿤홀,80,민간(대학로 외),2016,서울,중구,서울특별시 중구 퇴계로30길 15-1 (필동1가),37.5603396,126.9921345
1884,콘텐츠박스(구. 르메이에르 씨어터),1,197,콘텐츠박스(구. 르메이에르 씨어터),197,민간(대학로),2006,서울,종로구,서울특별시 종로구 동숭길 55 (동숭동),37.58077,127.0041608
1885,콜드슬립(koldsleep),1,0,콜드슬립(koldsleep),0,민간(대학로 외),0,서울,강북구,서울특별시 강북구 인수봉로 301(수유동),37.6456168,127.0104488
1886,콜링아트센터,1,0,콜링아트센터,0,기타(비공연장),0,서울,관악구,서울특별시 관악구 관악로14길 110 (봉천동),37.4777137,126.9584146
1888,퀸라이브홀,1,100,퀸라이브홀,100,기타(비공연장),1999,서울,서대문구,서울특별시 서대문구 신촌역로 13 (대현동),37.5578067,126.9425345
1889,큐씨어터(구. 수상한흥신소전용관),1,250,큐씨어터(구. 수상한흥신소전용관),250,민간(대학로),2016,서울,종로구,서울특별시 종로구 대학로8가길 79 (동숭동),37.5824918,127.0035427
1890,크리에이터스 홀,1,100,크리에이터스 홀,100,민간(대학로 외),2019,서울,동대문구,서울특별시 동대문구 안암로 86-1(제기동),37.5834826,127.0305777
1892,클럽 MUTE(뮤트),1,0,클럽 MUTE(뮤트),0,민간(대학로 외),0,서울,용산구,서울특별시 용산구 이태원로27가길 26(이태원동),37.5351557,126.993515
1894,클럽 마스 CLUB MARS,1,0,클럽 마스 CLUB MARS,0,민간(대학로 외),0,서울,마포구,서울특별시 마포구 와우산로 76-1 (서교동),37.5512727,126.9235667
1895,클럽 벨류(Value),1,0,클럽 벨류(Value),0,기타(비공연장),0,서울,마포구,서울특별시 마포구 잔다리로 6(서교동),37.5509205,126.9225296
1896,클럽 샤프,1,100,클럽 샤프,100,민간(대학로 외),2016,서울,마포구,서울특별시 마포구 동교로 63 (망원동),37.5536255,126.9092443
1897,클럽 페이더,1,0,클럽 페이더,0,기타(비공연장),0,서울,용산구,서울특별시 용산구 우사단로 43 (이태원동) 지하1층,37.5341513,126.9954299
1898,클럽 프리버드,1,0,클럽 프리버드,0,기타(비공연장),0,서울,마포구,서울특별시 마포구 와우산로17길 19-22(서교동),37.5493802,126.9213852
1900,클럽블랙홀(Blackhall) [홍대],1,0,클럽블랙홀(Blackhall) [홍대],0,기타(비공연장),0,서울,마포구,서울특별시 마포구 잔다리로 19-6 (서교동),37.5504962,126.9208626
1901,클럽온에어,1,0,클럽온에어,0,기타(비공연장),0,서울,마포구,서울특별시 마포구 잔다리로 44(서교동),37.5523164,126.9189471
1905,타이니앨리스,1,144,타이니앨리스,144,민간(대학로),0,서울,종로구,서울특별시 종로구 대학로11길 23 (명륜4가),37.5828114,127.0013435
1906,탈영역우정국,1,80,탈영역우정국,80,기타(비공연장),2015,서울,마포구,서울특별시 마포구 독막로20길 42 (창전동),37.548976,126.9282763
1907,탑아트홀,1,101,탑아트홀,101,민간(대학로),2003,서울,종로구,서울특별시 종로구 동숭길 72 - 0,37.581449,127.0043088
1913,텐더리커피앤디저트,1,0,텐더리커피앤디저트,0,기타(비공연장),0,서울,마포구,서울특별시 마포구 성미산로29길 35(연남동),37.5655021,126.9216686
1921,통의동클래식,1,40,Hall(홀),40,민간(대학로 외),2019,서울,종로구,서울특별시 종로구 자하문로10길 16 (통의동),37.5792213,126.9727214
1924,트레이프조이드,1,0,트레이프조이드,0,민간(대학로 외),0,서울,마포구,서울특별시 마포구 동교로 137(서교동),37.5553708,126.9173334
1927,티오엠씨어터(구. 문화공간필링),3,584,"1관
2관
연습실A","335
249
0",민간(대학로),2014,서울,종로구,서울특별시 종로구 대학로8가길 85 (동숭동),37.5822871,127.0036354
1928,틴틴홀,1,228,틴틴홀,228,민간(대학로),2003,서울,종로구,서울특별시 종로구 대학로10길 24 (동숭동),37.5830081,127.0041558
1931,파랑새극장(구. 샘터파랑새극장),1,180,1관,180,민간(대학로),1984,서울,종로구,서울특별시 종로구 대학로 116 (동숭동),37.581408,127.0048867
1932,"파랑씨어터 (구. 도향아트홀, 뮤디스홀)",1,163,"파랑씨어터 (구. 도향아트홀, 뮤디스홀)",163,민간(대학로),2017,서울,종로구,서울특별시 종로구 대학로8가길 36 (동숭동),37.5825008,127.0024538
1933,파인트리 시어터,1,100,파인트리 시어터,100,민간(대학로 외),0,서울,강남구,서울특별시 강남구 선릉로 547 (역삼동),37.5075917,127.0457613
1936,판시어터,1,388,판시어터,388,민간(대학로 외),0,서울,종로구,서울특별시 종로구 삼일대로 386 (관철동),37.5691245,126.9860044
1939,퍼즐인형극장 다락극장,1,30,퍼즐인형극장 다락극장,30,민간(대학로 외),2014,서울,마포구,서울특별시 마포구 독막로6길 27 (합정동),37.5467301,126.9172116
1941,펀타스틱씨어터,1,0,펀타스틱씨어터,0,민간(대학로 외),0,서울,용산구,서울특별시 용산구 한강대로48길 17-6(한강로2가),37.5319594,126.9653776
1942,페리지홀,1,202,페리지홀,202,민간(대학로 외),2013,서울,서초구,서울특별시 서초구 반포대로 18 (서초동),37.482219,127.0126653
1943,페이지명동,1,150,커뮤니티하우스 마실(라이브홀),150,민간(대학로 외),0,서울,중구,서울특별시 중구 명동11길 20(명동1가),37.5648909,126.9861364
1944,페인터즈 히어로 종로전용관(서울극장),1,488,페인터즈히어로 전용관,488,민간(대학로 외),2010,서울,종로구,서울특별시 종로구 돈화문로 13 (관수동) 서울극장,37.5697471,126.9916915
1953,포스트극장,1,200,포스트극장,200,민간(대학로 외),1992,서울,마포구,서울특별시 마포구 와우산로 148 (창전동),37.5462849,126.9314574
1964,푸르지오아트홀,1,283,푸르지오아트홀,283,민간(대학로 외),2019,서울,중구,서울특별시 중구 을지로 170 (을지로4가),37.565864,126.9996925
1967,프라임아트홀,1,400,프라임아트홀,400,민간(대학로 외),2007,서울,구로구,서울특별시 구로구 새말로 97 (구로동),37.5069735,126.8903193
1969,프란치스코 교육회관,2,275,"1층성당
체칠리아홀","200
75",민간(대학로 외),1987,서울,중구,서울특별시 중구 정동길 9 (정동),37.5676211,126.9702748
1970,프리마베라 459,1,0,프리마베라 459,0,민간(대학로 외),0,서울,영등포구,서울특별시 영등포구 도림로 459(문래동4가),37.5144561,126.889867
1972,플랫폼 창동 61,1,150,레드박스,150,공공(기타),2016,서울,도봉구,서울특별시 도봉구 마들로11길 74 (창동),37.6542381,127.0485317
1973,플랫폼-엘 컨템포러리 아트센터,1,172,플랫폼 라이브,172,민간(대학로 외),2016,서울,강남구,서울특별시 강남구 언주로133길 11 (논현동),37.5113471,127.0288101
1975,플러스씨어터(구. 컬처스페이스 엔유 구. 쁘티첼 씨어터),1,359,플러스씨어터(구. 컬처스페이스 엔유 구. 쁘티첼 씨어터),359,민간(대학로),2010,서울,종로구,서울특별시 종로구 대학로12길 73 (동숭동),37.5807735,127.003972
1978,플레이스 막(PALCE MAK)1,1,27,플레이스 막사(PLACE MAKSA),27,민간(대학로 외),2012,서울,마포구,서울특별시 마포구 성미산로 198 (연남동),37.5623843,126.9267281
1979,플레이스비브,1,90,플레이스비브,90,기타(비공연장),0,서울,성동구,서울특별시 성동구 아차산로7나길 14 (성수동2가),37.5479258,127.0569359
1981,플레이클라우드(클라우드그라운드),1,0,클라우드홀,0,민간(대학로 외),0,서울,동작구,서울특별시 동작구 남부순환로 2019 (사당동),37.4763016,126.9729807
1982,"플렉스라운지 (구. 스테이라운지, 인디팍)",1,150,"플렉스라운지 (구. 스테이라운지, 인디팍)",150,민간(대학로 외),2015,서울,마포구,서울특별시 마포구 양화로 100-10 (서교동),37.5525159,126.9189826
1985,피움스튜디오,1,40,피움스튜디오,40,민간(대학로 외),2018,서울,영등포구,서울특별시 영등포구 영등포로34길 3 (영등포동4가),37.5199483,126.9024612
1986,피카소소극장,1,109,1관,109,민간(대학로),2008,서울,종로구,서울특별시 종로구 대학로11길 38-11 (명륜4가),37.5827129,127.0008
1992,하나투어 브이홀,1,250,하나투어 브이홀,250,민간(대학로 외),2008,서울,마포구,서울특별시 마포구 홍익로 25 (서교동),37.5544355,126.922117
1997,하다아트홀,1,0,하다아트홀,0,민간(대학로 외),0,서울,강남구,서울특별시 강남구 선릉로108길 7(삼성동),37.5158515,127.0428835
1999,하땅세극장,1,0,하땅세극장,0,민간(대학로 외),0,서울,성북구,서울특별시 성북구 성북로 5-7(성북동1가),37.5880964,127.0044361
2000,하마씨어터(구. 가든씨어터),1,190,하마씨어터(구. 가든씨어터),190,민간(대학로),1995,서울,종로구,서울특별시 종로구 대학로10길 15 - 11,37.5822895,127.0027902
2003,하트리사이틀홀,1,67,하트리사이틀홀,67,민간(대학로 외),2013,서울,송파구,서울특별시 송파구 송이로23길 34 (가락동),37.4969442,127.1257535
2006,학전,2,374,"블루소극장
그린소극장(폐관)","194
180",민간(대학로),1991,서울,종로구,서울특별시 종로구 대학로12길 46 (동숭동),37.5820849,127.0037287
2008,한국가곡예술마을 나음아트홀,1,120,한국가곡예술마을 나음아트홀,120,민간(대학로 외),0,서울,강남구,서울특별시 강남구 논현로10길 28 (개포동),37.4748778,127.0508164
2013,한국문화의집 KOUS,1,234,한국문화의집 KOUS,234,공공(기타),2003,서울,강남구,서울특별시 강남구 테헤란로92길 12-9 (대치동),37.506839,127.0604679
2015,한국방송통신대학교,2,142,"대공연장
열린관 소극장","82
60",민간(대학로),0,서울,종로구,서울특별시 종로구 대학로 86 (동숭동),37.581408,127.0048867
2016,한국방송회관 코바코홀 (구. 브로드홀),1,290,한국방송회관 코바코홀 (구. 브로드홀),290,공공(기타),1998,서울,양천구,서울특별시 양천구 목동동로 233 (목동) 한국방송회관,37.5269334,126.8713879
2017,한국불교역사문화기념관,1,275,전통문화예술공연장,275,민간(대학로 외),2005,서울,종로구,서울특별시 종로구 우정국로 55 (견지동),37.5734238,126.9827448
2020,한국예술종합학교,2,840,"예술소극장
예술극장","314
526",국립,2007,서울,성북구,서울특별시 성북구 화랑로32길 146-37 (석관동),37.6037986,127.0558626
2021,한국예술종합학교 [서초],1,368,이강숙홀(구. 크누아홀),368,공공(기타),1999,서울,서초구,서울특별시 서초구 남부순환로 2374 (서초동),37.4776487,127.0104477
2022,한국의집,2,296,"민속극장
중정마당","146
150",공공(기타),1981,서울,중구,서울특별시 중구 퇴계로36길 10 (필동2가),37.5614603,126.9939265
2025,한국즉흥극장,1,60,한국즉흥극장,60,민간(대학로 외),2017,서울,용산구,서울특별시 용산구 한강대로48길 17-6 (한강로2가),37.5319594,126.9653776
2026,한국콘텐츠진흥원 CKL스테이지,1,190,한국콘텐츠진흥원 CKL스테이지,190,국립,2015,서울,중구,서울특별시 중구 청계천로 40,37.5704461,127.0087332
2029,한남대로 158(극단 성북동 비둘기),1,40,한남대로 158(극단 성북동 비둘기),40,민간(대학로 외),2016,서울,용산구,서울특별시 용산구 한남대로 158 (한남동),37.5424234,127.0026856
2038,한성아트홀(구. 인켈아트홀),2,400,"2관
1관","155
245",민간(대학로),1990,서울,종로구,서울특별시 종로구 창경궁로 254 (명륜2가),37.5846997,126.9990412
2040,한양대학교 노천극장,1,5000,한양대학교 노천극장,5000,민간(대학로 외),1980,서울,성동구,서울특별시 성동구 왕십리로 222 (사근동),37.5623475,127.0468637
2041,한양대학교 올림픽체육관,1,7000,한양대학교 올림픽체육관,7000,민간(대학로 외),1980,서울,성동구,서울특별시 성동구 왕십리로 222 (사근동),37.5623475,127.0468637
2042,한양레퍼토리씨어터,1,0,한양레퍼토리씨어터,0,민간(대학로),2003,서울,종로구,서울특별시 종로구 대학로 144 (혜화동) 중원빌딩 지하1층,37.5839645,127.002167
2043,한얼소극장,1,50,한얼소극장,50,민간(대학로),2002,서울,종로구,서울특별시 종로구 창경궁로35길 17 (혜화동),37.5867512,127.0016484
2045,한예극장,1,200,한예극장,200,민간(대학로),0,서울,종로구,서울특별시 종로구 이화장길 66(동숭동),37.5782395,127.0047332
2047,한우리정보문화센터,1,180,한우리홀,180,공공(기타),2009,서울,서초구,서울특별시 서초구 남부순환로340길 15 (서초동) 서초구립한우리정보문화센터,37.4820175,127.0250356
2049,한전아트센터,1,999,한전아트센터,999,공공(기타),2001,서울,서초구,서울특별시 서초구 효령로72길 60 (서초동),37.4856988,127.0279981
2066,해바라기소극장(구. 훈아트홀),1,61,해바라기소극장(구. 훈아트홀),61,민간(대학로),2013,서울,종로구,서울특별시 종로구 동숭길 76 (동숭동),37.5816496,127.0042682
2067,해봄연습실,1,0,해봄연습실,0,민간(대학로 외),0,서울,관악구,서울특별시 관악구 관천로 58(신림동),37.4845786,126.9261068
2068,해오름 예술극장,1,170,해오름 예술극장,170,민간(대학로),2014,서울,종로구,서울특별시 종로구 창경궁로 260 (명륜2가),37.5846997,126.9990412
2071,해피씨어터,1,250,해피씨어터,250,민간(대학로),2008,서울,종로구,서울특별시 종로구 대학로10길 5 (동숭동),37.5836252,127.0048729
2076,허수아비소극장,1,83,허수아비소극장,83,민간(대학로),2018,서울,종로구,서울특별시 종로구 성균관로3길 20-4 (명륜3가),37.5833749,126.9970172
2077,헤르만아트홀,1,120,헤르만아트홀,120,민간(대학로 외),2022,서울,성동구,"서울특별시 성동구 상원6나길 24(성수동1가, 청호 서울숲 뜨레피움 오피스텔)",37.5478774,127.0500656
2079,헤이그라운드 성수시작점,1,0,스카이라운지,0,민간(대학로 외),0,서울,성동구,서울특별시 성동구 뚝섬로1나길 5(성수동1가),37.544442,127.0477666
2080,헬덴뮤직,1,0,헬덴홀,0,민간(대학로 외),0,서울,서초구,서울특별시 서초구 반포대로14길 29(서초동),37.4857907,127.0127033
2082,현대백화점 문화홀 [목동],1,530,현대백화점 문화홀 [목동],530,민간(대학로 외),0,서울,양천구,"서울특별시 양천구 목동동로 257 (목동, 현대하이페리온) ",37.527149,126.875036
2083,현대백화점 문화홀 [미아],1,480,현대백화점 문화홀 [미아],480,민간(대학로 외),2001,서울,성북구,서울특별시 성북구 동소문로 315 (길음동),37.6083741,127.0287248
2084,현대백화점 문화홀 [신촌],1,410,현대백화점 문화홀 [신촌],410,민간(대학로 외),2013,서울,서대문구,서울특별시 서대문구 신촌로 83 (창천동),37.5595023,126.9362846
2085,현대백화점 문화홀 [압구정],1,300,토파즈홀 (컬처파크 4층),300,민간(대학로 외),1985,서울,강남구,서울특별시 강남구 압구정로29길 21,37.5286573,127.0276853
2088,현대백화점 문화홀 [천호],1,400,현대백화점 문화홀 [천호],400,민간(대학로 외),0,서울,강동구,서울특별시 강동구 천호대로 1005 (천호동),37.5390258,127.1244577
2093,현대카드 언더스테이지,2,375,"스튜디오
Vinyl ＆ Plastic(뮤직라이브러리)","350
25",민간(대학로 외),2015,서울,용산구,서울특별시 용산구 이태원로 246 (한남동),37.5366281,127.0006807
2096,혜화아트센터,1,0,혜화아트센터,0,민간(대학로),0,서울,종로구,서울특별시 종로구 대학로 156(혜화동),37.5852449,127.0024442
2098,호원아트홀,1,462,호원아트홀,462,민간(대학로 외),2011,서울,강동구,서울특별시 강동구 성안로 30 (성내동),37.5262936,127.1303276
2099,호은아트홀(구 키득키득아트홀),1,200,호은아트홀(구 키득키득아트홀),200,민간(대학로),2013,서울,종로구,서울특별시 종로구 동숭길 41 (동숭동),37.5801091,127.0042689
2106,홀로키즈파크 롤리팝아트홀,1,0,홀로키즈파크 롤리팝아트홀,0,민간(대학로 외),2020,서울,서초구,서울특별시 서초구 본마을4길 3 (신원동),37.4536058,127.0553371
2109,홍대 stay.round.GEE,1,0,홍대 stay.round.GEE,0,민간(대학로 외),0,서울,마포구,서울특별시 마포구 양화로 100-10(서교동),37.5525159,126.9189826
2110,홍대 the STUMP(더 스텀프),1,100,홍대 the STUMP(더 스텀프),100,민간(대학로 외),2015,서울,마포구,서울특별시 마포구 와우산로21길 20-11 (서교동),37.5528491,126.9227217
2111,홍대난타극장(구. 뮤직쇼웨딩 전용관),1,323,홍대난타극장(구. 뮤직쇼웨딩 전용관),323,민간(대학로 외),2011,서울,마포구,서울특별시 마포구 양화로16길 29 (서교동),37.5531355,126.9211429
2112,홍대우주정거장,1,0,홍대우주정거장,0,기타(비공연장),2017,서울,마포구,서울특별시 마포구 와우산로29길 16(서교동),37.5550354,126.929
2113,홍대파티룸벨라뷰,1,0,홍대파티룸벨라뷰,0,기타(비공연장),0,서울,서대문구,서울특별시 서대문구 연희로26길 20 (연희동),37.5727947,126.9367476
2115,홍익대 대학로 아트센터,2,852,"대극장
소극장","702
150",민간(대학로),2013,서울,종로구,서울특별시 종로구 대학로 57 (연건동),37.5765378,127.0014599
2120,홍해성 소극장,1,0,소극장,0,민간(대학로),0,서울,종로구,서울특별시 종로구 동숭길 64 (동숭동),37.5811167,127.00436
2129,횃불선교회관,1,0,사랑성전,0,기타(비공연장),0,서울,서초구,서울특별시 서초구 바우뫼로31길 70(양재동),37.4792984,127.0337959
2133,효천아트센터 그라운드씬,1,201,효천아트센터 그라운드씬,201,민간(대학로),2010,서울,종로구,서울특별시 종로구 성균관로 87 (명륜1가),37.589108,126.9974918
2134,후암스테이지,2,115,"1관 (구. 마라카 3관, 오씨어터)
2관","115
0",민간(대학로),0,서울,종로구,서울특별시 종로구 대학로11길 23 (명륜4가),37.5828114,127.0013435
2135,후암스튜디오(후암아트홀),1,170,후암스튜디오(후암아트홀),170,민간(대학로),0,서울,종로구,서울특별시 종로구 대학로11길 23 (명륜4가),37.5828114,127.0013435
2136,후암씨어터(콘텐츠룸),1,209,후암씨어터(콘텐츠룸),209,민간(대학로),0,서울,종로구,서울특별시 종로구 대학로11길 23 (명륜4가),37.5828114,127.0013435
2138,후케즈,1,140,공연장,140,민간(대학로 외),0,서울,영등포구,서울특별시 영등포구 경인로 715(문래동2가),37.5127723,126.8930828
2139,흰물결아트센터,3,975,"화이트홀
아트홀
예술극장","475
200
300",민간(대학로 외),2007,서울,서초구,서울특별시 서초구 반포대로 150 (서초동),37.4934292,127.0072492
2140,히브루스홀,1,0,히브루스홀,0,민간(대학로 외),0,서울,마포구,서울특별시 마포구 서강로 144(노고산동),37.5543865,126.9377806