,시설명,공연장수,총객석수,공연장명,객석수,시설특성,개관연도,지역,Unnamed: 8,주소
4,1M SPACE,1.0,55.0,1M SPACE,55,민간(대학로 외),2019.0,서울,서대문구,서울특별시 서대문구 연세로4길 27 (창천동)
5,1m클래식아트홀,1.0,130.0,1m클래식아트홀,130,민간(대학로),2008.0,서울,종로구,서울 종로구 종로1길 50 (중학동)더케이트윈타워
8,2001 아울렛키즈홀 [구로],1.0,100.0,2001 아울렛키즈홀 [구로],100,민간(대학로 외),2008.0,서울,구로구,서울특별시 구로구 중앙로1길 36 (고척동)
10,20세기소년,1.0,0.0,20세기소년,0,민간(대학로 외),0.0,서울,중구,서울특별시 중구 동호로24길 27-5(장충동2가)
11,242,1.0,0.0,242,0,기타(비공연장),0.0,서울,용산구,서울특별시 용산구 이태원로 242 (한남동) 2층
14,369마실,1.0,0.0,369마실,0,기타(비공연장),0.0,서울,성북구,서울특별시 성북구 삼선교로4가길 13-1 (삼선동1가)
15,4560designhaus (디자인하우스),1.0,0.0,4560designhaus(디자인하우스),0,기타(비공연장),0.0,서울,서초구,서울특별시 서초구 매헌로 16 (양재동)
17,57th gallery(57갤러리),1.0,0.0,57th gallery(57갤러리),0,기타(비공연장),0.0,서울,종로구,서울특별시 종로구 율곡로3길 17 (송현동)
18,63아트홀,1.0,467.0,63아트홀,467,민간(대학로 외),2009.0,서울,영등포구,서울특별시 영등포구 63로 50 (여의도동)
19,640아트타워,1.0,92.0,640아트홀,92,민간(대학로 외),2016.0,서울,강남구,서울특별시 강남구 언주로172길 25 (신사동)
33,CJ아지트 광흥창,1.0,250.0,CJ아지트 광흥창,250,민간(대학로 외),2009.0,서울,마포구,서울특별시 마포구 창전로 14 (신정동) CJ아지트
34,CJ아지트 대학로 (구. SM아트홀),1.0,190.0,CJ아지트 대학로 (구. SM아트홀),190,민간(대학로),2016.0,서울,종로구,서울특별시 종로구 대학로12길 69 (동숭동)
36,CLUB bender(클럽 벤더),1.0,0.0,CLUB bender(클럽 벤더),0,민간(대학로 외),0.0,서울,마포구,서울특별시 마포구 와우산로14길 4 (상수동) 지하1층
38,CTS아트홀,1.0,404.0,CTS아트홀,404,민간(대학로 외),2005.0,서울,동작구,서울특별시 동작구 노량진로 100 (노량진동)
40,D:BASE (디:베이스),1.0,212.0,D:BASE (디:베이스),212,민간(대학로),2015.0,서울,종로구,서울특별시 종로구 대학로10길 26 (동숭동)
43,DS ART HALL(창선당),1.0,137.0,DS ART HALL(창선당),137,민간(대학로 외),2014.0,서울,종로구,서울특별시 종로구 청계천로 279 (종로6가)
44,Ean Hall For Jazz (이안홀),1.0,0.0,Ean Hall For Jazz (이안홀),0,민간(대학로 외),0.0,서울,강남구,서울특별시 강남구 테헤란로77길 11-19(삼성동)
47,GBB스페이스홀(구. 임혁필소극장),1.0,100.0,GBB스페이스홀(구. 임혁필소극장),100,민간(대학로 외),2012.0,서울,마포구,서울특별시 마포구 포은로 14 (합정동)
49,G스페이스홀(지스페이스홀),1.0,55.0,G스페이스홀(지스페이스홀),55,민간(대학로 외),2020.0,서울,마포구,서울특별시 마포구 포은로 14 (합정동)
50,H-스테이지,1.0,0.0,H-스테이지,0,민간(대학로 외),0.0,서울,마포구,서울특별시 마포구 와우산로 97(서교동)
55,IMCL MUSIC STUDIO,1.0,0.0,IMCL MUSIC STUDIO,0,민간(대학로 외),2022.0,서울,강서구,서울특별시 강서구 공항대로42길 23-3(내발산동)
56,IPAC홀(인터내셔널퍼포밍아트센터),1.0,0.0,IPAC홀(인터내셔널퍼포밍아트센터),0,민간(대학로 외),0.0,서울,서초구,서울특별시 서초구 효령로52길 16 (서초동)
60,JCC 아트센터,4.0,175.0,"콘서트홀
4전시장
오디토리움
크리에이티브 스튜디오","175
0
0
0",민간(대학로),2015.0,서울,종로구,서울특별시 종로구 창경궁로35길 29 (혜화동) JCC 아트센터
61,JCC크리에이티브센터,1.0,0.0,스튜디오,0,민간(대학로 외),0.0,서울,종로구,서울특별시 종로구 창경궁로35길 45(혜화동)
62,JDB스퀘어,1.0,120.0,JDB스퀘어,120,민간(대학로 외),2018.0,서울,마포구,서울특별시 마포구 잔다리로 31 (서교동)
63,JH아트홀,1.0,155.0,JH아트홀,155,민간(대학로),2012.0,서울,종로구,서울특별시 종로구 대학로8가길 64 (동숭동)
64,JS아트홀 (구. 고스트씨어터 구.다소니씨어터),1.0,194.0,JS아트홀 (구. 고스트씨어터 구.다소니씨어터),194,민간(대학로),2018.0,서울,종로구,서울특별시 종로구 동숭길 94 (동숭동)
65,JTN 아트홀(구. 대학로예술마당),4.0,856.0,"2관
1관
4관
3관","210
230
208
208",민간(대학로),2016.0,서울,종로구,서울특별시 종로구 이화장길 26 (이화동) 
66,JnJ아트컨벤션,1.0,0.0,JnJ아트컨벤션,0,민간(대학로 외),0.0,서울,영등포구,서울특별시 영등포구 문래로 164 (문래동3가)
69,KBEC발레시어터,1.0,75.0,소극장,75,민간(대학로 외),2017.0,서울,송파구,서울특별시 송파구 양재대로71길 8 (방이동) KBEC발레시어터
73,KBS스포츠월드(아레나),1.0,2222.0,KBS아레나,2222,공공(기타),2015.0,서울,강서구,서울특별시 강서구 공항대로 376 (화곡동) kbs스포츠월드
74,KBS홀,1.0,1661.0,KBS홀,1661,공공(기타),1991.0,서울,영등포구,서울특별시 영등포구 여의공원로 13 (여의도동)
79,KB아트홀 [강남] (구. LIG아트홀 강남),1.0,147.0,KB아트홀 [강남] (구. LIG아트홀 강남),147,민간(대학로 외),2006.0,서울,강남구,서울특별시 강남구 테헤란로 117 (역삼동) KB손해보험빌딩
83,KOCCA콘텐츠문화광장,1.0,193.0,스테이지66,193,공공(기타),2017.0,서울,동대문구,서울특별시 동대문구 회기로 66 (청량리동)
84,KOMCA홀,1.0,0.0,KOMCA홀,0,민간(대학로 외),0.0,서울,강서구,서울특별시 강서구 공항대로 332(내발산동)
85,KOTE(코트),1.0,0.0,KOTE Live,0,민간(대학로 외),0.0,서울,종로구,서울특별시 종로구 인사동길 7 (인사동)
88,KT&G 상상마당 대치아트홀,1.0,422.0,KT&G 상상마당 대치아트홀,422,민간(대학로 외),2006.0,서울,강남구,서울특별시 강남구 영동대로 416 (대치동)
89,KT&G 상상마당 라이브홀 [마포],1.0,185.0,KT&G 상상마당 라이브홀 [마포],185,민간(대학로 외),2007.0,서울,마포구,서울특별시 마포구 어울마당로 65 (서교동)
91,KT체임버홀,1.0,403.0,KT체임버홀,403,민간(대학로 외),2009.0,서울,양천구,서울특별시 양천구 목동서로 201 (목동)
92,Kuonechan Object Vinyl Sign Event,1.0,100.0,Kuonechan Object Vinyl Sign Event,100,민간(대학로 외),0.0,서울,마포구,서울특별시 마포구 와우산로33길 27 (서교동)
93,L&S아트홀(빛과소리아트홀),1.0,280.0,L&S아트홀(빛과소리아트홀),280,민간(대학로 외),2007.0,서울,서초구,서울특별시 서초구 서초중앙로24길 55 (서초동) 서초프라자 지하3층
94,LG아트센터 서울,2.0,1700.0,"LG SIGNATURE 홀
U+ 스테이지","1,335
365",민간(대학로 외),2022.0,서울,강서구,서울특별시 강서구 마곡중앙로 136(마곡동)
95,LIG아트홀 [합정],1.0,190.0,LIG아트홀 [합정],190,민간(대학로 외),2013.0,서울,마포구,서울특별시 마포구 양화로 19 (합정동)
96,LP Sound Studio,1.0,0.0,LP Sound Studio,0,민간(대학로 외),0.0,서울,서초구,서울특별시 서초구 바우뫼로41길 16(양재동)
97,M Stage(엠스테이지),2.0,260.0,"1관
2관","180
80",민간(대학로 외),0.0,서울,종로구,서울특별시 종로구 인사동길 34-1 (관훈동)
98,M50클럽,1.0,0.0,M50클럽,0,민간(대학로),0.0,서울,마포구,서울특별시 마포구 월드컵북로6길 60 (동교동)
102,MHN STAGE,1.0,80.0,MHN STAGE,80,민간(대학로 외),0.0,서울,마포구,서울특별시 마포구 와우산로 117 (서교동)
103,MILDEYES,1.0,0.0,MILDEYES,0,기타(비공연장),2019.0,서울,용산구,서울특별시 용산구 녹사평대로 210-7(이태원동)
104,MODE 127,1.0,0.0,MODE 127,0,민간(대학로 외),0.0,서울,용산구,서울특별시 용산구 이태원로 190(이태원동)
105,Mfor 아트스페이스,1.0,72.0,소극장,72,민간(대학로 외),0.0,서울,강남구,서울특별시 강남구 학동로30길 43-7 (논현동)
106,Moor Seoul,1.0,0.0,Moor Seoul,0,민간(대학로 외),0.0,서울,용산구,서울특별시 용산구 한남대로20길 28 (한남동) 
107,Muno Studio,1.0,60.0,Muno Studio,60,민간(대학로 외),0.0,서울,서초구,서울특별시 서초구 강남대로8길 15-1(양재동)
108,M극장,1.0,150.0,M극장,150,민간(대학로 외),2006.0,서울,강남구,서울특별시 강남구 논현로4길 36 (개포동)
111,NC소극장 [강서],1.0,100.0,NC소극장 [강서],100,민간(대학로 외),2009.0,서울,강서구,서울특별시 강서구 강서로56길 17 (등촌동)
114,NH아트홀 판타스틱 전용관,1.0,405.0,NH아트홀 판타스틱 전용관,405,민간(대학로 외),2011.0,서울,중구,서울특별시 중구 통일로 120 (충정로1가)
115,NVM,1.0,0.0,NVM,0,기타(비공연장),0.0,서울,마포구,서울특별시 마포구 동교로22길 14(서교동)
117,Provoke Seoul(프로보크 서울),1.0,0.0,Provoke Seoul(프로보크 서울),0,민간(대학로 외),0.0,서울,영등포구,서울특별시 영등포구 영신로 87(문래동3가)
118,R&J씨어터(구. 연진아트홀),1.0,130.0,R&J씨어터(구. 연진아트홀),130,민간(대학로),2006.0,서울,종로구,서울특별시 종로구 낙산길 14 (동숭동)
119,SAC 아트홀,1.0,295.0,SAC 아트홀,295,민간(대학로 외),2017.0,서울,강남구,서울특별시 강남구 삼성로 534 (삼성동) 
120,SCC 선 아트홀,1.0,75.0,SCC 선 아트홀,75,민간(대학로 외),0.0,서울,서초구,서울특별시 서초구 동산로 44(양재동)
121,"SCC홀(구. DS홀, 서울바로크챔버홀)",1.0,200.0,"SCC홀(구. DS홀, 서울바로크챔버홀)",200,민간(대학로 외),2005.0,서울,서초구,서울특별시 서초구 남부순환로325길 9
123,SETEC,1.0,1000.0,제3전시실,1000,기타(비공연장),2014.0,서울,강남구,서울특별시 강남구 남부순환로 3104(대치동)
124,SH아트홀,1.0,262.0,SH아트홀,262,민간(대학로),2011.0,서울,종로구,서울특별시 종로구 동숭길 25 (동숭동)
125,SILICA GEL VINYL POP-UP,1.0,100.0,SILICA GEL VINYL POP-UP,100,민간(대학로 외),0.0,서울,마포구,서울특별시 마포구 와우산로33길 27 (서교동)
126,SJA HALL,1.0,120.0,SJA HALL,120,민간(대학로),2013.0,서울,종로구,서울특별시 종로구 대학로 89 - 0 대학로SJA빌딩
127,SJ비보이극장(구. 비보이전용극장),1.0,356.0,SJ비보이극장(구. 비보이전용극장),356,민간(대학로 외),2005.0,서울,마포구,서울특별시 마포구 와우산로 121 (서교동)
128,SPACE B1(스페이스비원),1.0,30.0,SPACE B1(스페이스비원),30,기타(비공연장),2018.0,서울,서초구,서울특별시 서초구 남부순환로347길 28 (서초동) 
129,SPACE BRICK (스페이스브릭),1.0,0.0,SPACE BRICK (스페이스브릭),0,민간(대학로 외),0.0,서울,마포구,서울특별시 마포구 잔다리로 31(서교동)
131,T'able 비엘106 [강남],1.0,0.0,T'able 비엘106 [강남],0,기타(비공연장),0.0,서울,강남구,서울특별시 강남구 역삼로 106 (역삼동)
132,TCC 아트센터,1.0,150.0,TCC 아트홀,150,민간(대학로 외),2011.0,서울,영등포구,서울특별시 영등포구 국회대로 539
133,TINC This is Not a Church(구. 명성교회),1.0,0.0,TINC,0,민간(대학로 외),2020.0,서울,성북구,서울특별시 성북구 동소문로10길 34-16 (삼선동4가)
135,The Nora stage Y(더노라 스테이지와이),1.0,100.0,The Nora stage Y(더노라 스테이지와이),100,민간(대학로 외),0.0,서울,마포구,서울특별시 마포구 와우산로29바길 19 (서교동) 1층
136,VERY(베리컴퍼니),2.0,270.0,"2관
1관","135
135",민간(대학로),0.0,서울,종로구,서울특별시 종로구 동숭3길 30 (동숭동)
138,WILD WILD 전용관,1.0,179.0,WILD WILD 전용관,179,민간(대학로 외),0.0,서울,강남구,서울특별시 강남구 도산대로51길 19(신사동)
139,We.AN (갤러리위안),1.0,0.0,We.AN (갤러리위안),0,기타(비공연장),0.0,서울,마포구,서울특별시 마포구 양화로16길 14-16(서교동)
143,entry55,1.0,88.0,entry55,88,민간(대학로 외),2022.0,서울,동작구,서울특별시 동작구 동작대로1길 18(사당동)
144,가나의집열림홀,1.0,143.0,가나의집열림홀,143,민간(대학로 외),2005.0,서울,종로구,서울특별시 종로구 대학로3길 9 (연지동)
148,가온스테이지,1.0,60.0,가온스테이지,60,민간(대학로 외),0.0,서울,마포구,서울특별시 마포구 잔다리로 59(서교동)
154,가톨릭청년회관,1.0,200.0,"다리소극장 (구, CY씨어터)",200,민간(대학로 외),2010.0,서울,마포구,서울특별시 마포구 월드컵북로2길 49 (동교동)
157,갈산문화예술센터,2.0,299.0,"아이누리홀
아트홀","200
99",공공(문예회관),2022.0,서울,양천구,서울특별시 양천구 목동남로 106(신정동)
159,강남구민회관,1.0,516.0,강당,516,공공(기타),2005.0,서울,강남구,서울특별시 강남구 삼성로 154 (대치동)
161,강남씨어터,1.0,232.0,강남씨어터,232,공공(기타),2007.0,서울,강남구,서울특별시 강남구 역삼로7길 16 (역삼동)
162,강남아트홀,2.0,270.0,"1관
2관","150
120",민간(대학로 외),2010.0,서울,서초구,"서울특별시 서초구 서초대로73길 30 (서초동, 서초성우빌리지)"
163,강동구민회관,1.0,608.0,대강당,608,공공(기타),1989.0,서울,강동구,서울특별시 강동구 상암로 168 (천호동) 강동구민회관
165,강동아트센터,5.0,3256.0,"소극장 드림
대극장 한강
스튜디오#1
스튜디오#3(폐관)
잔디마당(바람꽃마당)(폐관)","254
862
100
40
2,000",공공(문예회관),2011.0,서울,강동구,서울특별시 강동구 동남로 870 (상일동)
166,강동어린이회관,1.0,162.0,아이누리홀,162,공공(기타),2007.0,서울,강동구,서울특별시 강동구 성내로6길 16 (성내동)
174,강북문화예술회관,1.0,668.0,대공연장,668,공공(문예회관),2001.0,서울,강북구,서울특별시 강북구 삼각산로 85 (수유동)
175,강북문화예술회관 강북진달래홀,1.0,171.0,강북문화예술회관 강북진달래홀,171,공공(기타),2022.0,서울,강북구,서울특별시 강북구 삼각산로 85(수유동)
176,강북솔밭국악당,1.0,100.0,솔밭국악당,100,민간(대학로 외),0.0,서울,강북구,서울특별시 강북구 삼양로 579 (우이동)
177,강서구민회관,2.0,694.0,"우장홀
노을극장","609
85",공공(문예회관),1989.0,서울,강서구,서울특별시 강서구 우장산로 66 (내발산동)
178,강서아트리움,1.0,215.0,아리홀,215,공공(문예회관),0.0,서울,강서구,서울특별시 강서구 가로공원로 195 (화곡동)
183,갤러리 반포대로5,1.0,0.0,갤러리 반포대로5,0,기타(비공연장),0.0,서울,서초구,서울특별시 서초구 반포대로 5(서초동)
186,거암아트홀,1.0,144.0,거암아트홀,144,민간(대학로 외),2022.0,서울,강남구,서울특별시 강남구 강남대로 652(신사동)
193,건국대학교 새천년관,1.0,805.0,대공연장,805,민간(대학로 외),2000.0,서울,광진구,서울특별시 광진구 능동로 120 (화양동) 건국대학교
196,게토얼라이브,1.0,75.0,게토얼라이브,75,민간(대학로 외),0.0,서울,성동구,서울특별시 성동구 왕십리로 104 (성수동1가) 정일빌딩
198,경기대학교 [서울],1.0,100.0,실습동,100,민간(대학로 외),2012.0,서울,서대문구,서울특별시 서대문구 경기대로9길 24 (충정로2가) 
206,경동교회,1.0,450.0,경동교회,450,기타(비공연장),1945.0,서울,중구,서울특별시 중구 장충단로 204 (장충동1가) 
208,경복궁,1.0,0.0,경회루,0,기타(비공연장),0.0,서울,종로구,서울특별시 종로구 사직로 161 (세종로)
209,경복궁아트홀,1.0,180.0,경복궁아트홀,180,민간(대학로 외),2012.0,서울,종로구,서울특별시 종로구 자하문로 82 (효자동)
228,경향아트힐,6.0,1652.0,"4관
6관
1관
2관
썬앤문전용관
5관","347
174
292
327
300
212",민간(대학로 외),2003.0,서울,중구,서울특별시 중구 정동길 3 (정동)
229,경희대학교 평화의전당,1.0,4500.0,경희대학교 평화의전당,4500,민간(대학로 외),1999.0,서울,동대문구,서울특별시 동대문구 경희대로6길 7-13 (회기동)
236,고라니 특공대,1.0,0.0,고라니 특공대,0,기타(비공연장),0.0,서울,마포구,서울특별시 마포구 토정로 136(상수동)
237,고려사이버대학교,1.0,250.0,대강당,250,기타(비공연장),2001.0,서울,종로구,서울특별시 종로구 북촌로 106 (계동)
255,골드레이블 매직,1.0,0.0,골드레이블 매직,0,민간(대학로 외),0.0,서울,강남구,서울특별시 강남구 도산대로12길 6(논현동)
257,공간 222,1.0,33.0,공간 222,33,민간(대학로 외),2016.0,서울,성북구,서울특별시 성북구 동소문로 24 (동소문동2가)
258,공간 만차,1.0,0.0,공간 만차,0,민간(대학로 외),0.0,서울,용산구,서울특별시 용산구 이태원로54길 5(한남동)
259,공간 아진,1.0,0.0,공간 아진,0,민간(대학로 외),0.0,서울,동작구,서울특별시 동작구 사당로30길 163(사당동)
260,공간 와디즈,1.0,0.0,공간 와디즈,0,민간(대학로 외),0.0,서울,성동구,서울특별시 성동구 연무장1길 7-1(성수동2가)
262,공간 하제,1.0,0.0,공간 하제,0,민간(대학로 외),0.0,서울,중구,서울특별시 중구 필동로1길 10-6(필동3가)
268,공간아울,1.0,172.0,공간아울,172,민간(대학로),2010.0,서울,종로구,서울특별시 종로구 대학로 120 (동숭동)
271,공감M아트센터,1.0,30.0,소극장,30,민간(대학로 외),2018.0,서울,성북구,서울특별시 성북구 보문로40길 11 (동소문동5가)
272,공감센터,1.0,1024.0,공감홀,1024,민간(대학로 외),2006.0,서울,중구,서울특별시 중구 퇴계로88길 38 (신당동)
273,공공그라운드,1.0,90.0,001스테이지,90,민간(대학로),2017.0,서울,종로구,서울특별시 종로구 대학로 116 (동숭동)
274,공덕교회,1.0,1000.0,공덕교회,1000,기타(비공연장),2010.0,서울,마포구,서울특별시 마포구 마포대로11길 30 (공덕동) 
275,공상온도,1.0,80.0,공상온도,80,기타(비공연장),2016.0,서울,마포구,서울특별시 마포구 동교로23길 40 (동교동) 
280,관악아트홀(구. 관악문화관),1.0,698.0,관악아트홀(구. 관악문화관),698,공공(문예회관),2002.0,서울,관악구,서울특별시 관악구 신림로3길 35 (신림동)
282,광림아트센터,2.0,1639.0,"장천홀
BBCH홀","613
1,026",민간(대학로 외),2005.0,서울,강남구,서울특별시 강남구 논현로163길 33 (신사동)
291,광야아트센터,1.0,212.0,광야아트센터,212,민간(대학로 외),2019.0,서울,강남구,서울특별시 강남구 선릉로 806 (청담동)
295,광운대학교 동해문화예술관,2.0,2432.0,"대극장
소극장","2,029
403",민간(대학로 외),1994.0,서울,노원구,서울특별시 노원구 광운로 20(월계동)
320,광진어린이공연장,1.0,0.0,광진어린이공연장,0,민간(대학로 외),0.0,서울,광진구,서울특별시 광진구 능동로 400(중곡동)
323,광화문아트홀,1.0,278.0,광화문아트홀,278,공공(문예회관),2008.0,서울,종로구,서울특별시 종로구 인왕산로1길 21 (사직동)
325,구. LG아트센터,1.0,1103.0,구. LG아트센터,1103,민간(대학로 외),2000.0,서울,강남구,서울특별시 강남구 논현로 508 (역삼동)
328,구로구민회관,1.0,531.0,구로구민회관,531,공공(문예회관),1989.0,서울,구로구,서울특별시 구로구 가마산로25길 21 (구로동)
329,구로아트밸리,1.0,579.0,예술극장,579,공공(문예회관),2008.0,서울,구로구,서울특별시 구로구 가마산로25길 9-24 (구로동)
330,구름아래소극장,1.0,200.0,구름아래소극장,200,민간(대학로 외),2019.0,서울,마포구,서울특별시 마포구 와우산로29가길 15 (서교동)
338,구세군아트홀,1.0,0.0,구세군아트홀,0,민간(대학로 외),0.0,서울,서대문구,서울특별시 서대문구 충정로 7 (충정로3가)
339,국기원,1.0,3000.0,국기원,3000,기타(비공연장),1972.0,서울,강남구,서울특별시 강남구 테헤란로7길 32 (역삼동) 
343,국립국악원,5.0,2367.0,"예악당
우면당
풍류사랑방
연희마당
진악당(폐관)","706
231
130
700
600",국립,1951.0,서울,서초구,서울특별시 서초구 남부순환로 2364 (서초동) 국립국악원
344,국립극단 [명동],1.0,558.0,명동예술극장,558,국립,2009.0,서울,중구,서울특별시 중구 명동길 35 (명동1가)
345,국립극단 [용산],8.0,332.0,"백성희장민호극장
소극장판
등나무
스튜디오 둘
스튜디오하나
야외마당
작은숲속 극장
블록블록 극장","182
100
0
50
0
0
0
0",국립,2010.0,서울,용산구,서울특별시 용산구 청파로 373 (서계동)
346,국립극장,5.0,2460.0,"하늘극장
별오름극장
해오름극장
달오름극장
연습실","627
100
1,221
512
0",국립,1973.0,서울,중구,서울특별시 중구 장충단로 59 (장충동2가)
355,국립정동극장,2.0,386.0,"국립정동극장
정동마루","326
60",국립,1995.0,서울,중구,서울특별시 중구 정동길 43 (정동)
356,국립정동극장 세실 (구.세실극장),1.0,234.0,국립정동극장 세실 (구.세실극장),234,국립,1976.0,서울,중구,서울특별시 중구 세종대로19길 16 (정동)
358,국립중앙박물관,1.0,416.0,대강당,416,국립,2005.0,서울,용산구,서울특별시 용산구 서빙고로 137 (용산동6가) 
359,국립중앙박물관 극장 용,1.0,805.0,국립중앙박물관 극장 용,805,국립,2005.0,서울,용산구,서울특별시 용산구 서빙고로 137 (용산동6가)
363,국민대학교 예술대학,1.0,400.0,대극장,400,민간(대학로 외),2001.0,서울,성북구,서울특별시 성북구 정릉로 77 - 0 국민대학교 
364,국민대학교 제로원디자인센터,1.0,40.0,국민대학교 제로원디자인센터,40,민간(대학로),2004.0,서울,종로구,서울특별시 종로구 동숭길 122-6 (동숭동)
365,국제아트홀,1.0,170.0,국제아트홀,170,민간(대학로 외),0.0,서울,강남구,서울특별시 강남구 압구정로 162 (신사동)
367,국화소극장,1.0,60.0,국화소극장,60,민간(대학로 외),2014.0,서울,동작구,서울특별시 동작구 상도로30길 8 (상도동)
375,굿씨어터,1.0,369.0,굿씨어터,369,민간(대학로),2004.0,서울,종로구,서울특별시 종로구 대학로 144 (혜화동)
377,그랜드 워커힐 서울(비스타 워커힐 서울),2.0,1420.0,"워커힐 시어터
비스타홀","720
700",민간(대학로 외),2002.0,서울,광진구,서울특별시 광진구 워커힐로 177 (광장동)
379,그레뱅뮤지엄,1.0,120.0,그레뱅뮤지엄,120,기타(비공연장),0.0,서울,중구,서울특별시 중구 을지로 23 (을지로1가) 
383,극단 작은곰 연습실,1.0,0.0,극단 작은곰 연습실,0,민간(대학로 외),0.0,서울,강남구,서울특별시 강남구 일원로3길 28 (일원동)
384,극단 제이와이,1.0,0.0,극단 제이와이,0,민간(대학로 외),0.0,서울,서대문구,서울특별시 서대문구 신촌로 173-2 (대현동)
385,극장 PLOT,1.0,0.0,극장 PLOT,0,민간(대학로 외),0.0,서울,서대문구,서울특별시 서대문구 연세로4길 27(창천동)
386,극장 동국,1.0,84.0,극장 동국,84,민간(대학로),2014.0,서울,종로구,서울특별시 종로구 창경궁로 259
387,극장 봄 (봄소극장),1.0,55.0,극장 봄,55,민간(대학로),2011.0,서울,성북구,서울특별시 성북구 삼선교로 14 (삼선동1가)
388,극장 칸테움,1.0,140.0,극장 칸테움,140,민간(대학로 외),0.0,서울,구로구,서울특별시 구로구 디지털로 32가길 25 (구로동)
394,글루호텔 블루레인라운지,1.0,0.0,글루호텔 블루레인라운지,0,민간(대학로),0.0,서울,종로구,서울특별시 종로구 율곡로 228(이화동)
396,금나래아트홀,1.0,552.0,금나래아트홀,552,공공(문예회관),2008.0,서울,금천구,서울특별시 금천구 시흥대로73길 70 (시흥동)
402,금천구민문화체육센터,1.0,286.0,소극장,286,공공(기타),2001.0,서울,금천구,서울특별시 금천구 독산로54길 188 (독산동)
403,금천문화원(금천문화회관),1.0,194.0,금천문화원(금천문화회관),194,공공(기타),1999.0,서울,금천구,서울특별시 금천구 시흥대로38길 61 (시흥동) 금천문화원
404,금천뮤지컬센터,1.0,197.0,금천예술극장,197,공공(기타),2021.0,서울,금천구,서울특별시 금천구 시흥대로115길 48(독산동)
405,금호아트홀 연세,1.0,390.0,금호아트홀 연세,390,민간(대학로 외),2015.0,서울,서대문구,서울특별시 서대문구 연세로 50 (신촌동) 연세대학교 백양누리 B1 금호아트홀 연세
411,긱라이브하우스,1.0,60.0,긱라이브하우스,60,민간(대학로 외),2003.0,서울,마포구,서울특별시 마포구 신촌로10길 7(동교동)
433,김희수아트센터,1.0,198.0,SPACE 1(다목적홀),198,민간(대학로 외),2010.0,서울,동대문구,서울특별시 동대문구 홍릉로 118 (청량리동)
439,꿈나무극장,1.0,153.0,꿈나무극장,153,공공(기타),2016.0,서울,구로구,서울특별시 구로구 구로동로26길 54 (구로동)
440,꿈의숲아트센터,3.0,584.0,"퍼포먼스홀
콘서트홀
야외 볼프라자","283
301
0",공공(기타),2009.0,서울,강북구,서울특별시 강북구 월계로 173 (번동)
441,꿈희망미래빌딩,1.0,0.0,꿈희망미래빌딩 ,0,민간(대학로 외),0.0,서울,강남구,서울특별시 강남구 논현로76길 25(역삼동)
445,나루아트센터,3.0,768.0,"소공연장
대공연장
갤러리(전시실)","167
601
0",공공(문예회관),2005.0,서울,광진구,서울특별시 광진구 능동로 76 (자양동)
447,나온씨어터,1.0,95.0,나온씨어터,95,민간(대학로),2008.0,서울,종로구,서울특별시 종로구 혜화로9길 7 (명륜1가)
450,낙타브루잉 [강남],1.0,0.0,낙타브루잉 [강남],0,기타(비공연장),0.0,서울,강남구,서울특별시 강남구 강남대로106길 14 (역삼동)
452,난지한강공원,2.0,0.0,"난지한강공원
젊음의 광장","0
0",공공(기타),2002.0,서울,마포구,서울특별시 마포구 한강난지로 162 (상암동)
453,남대문교회,1.0,400.0,남대문교회,400,민간(대학로 외),1885.0,서울,중구,서울특별시 중구 퇴계로 6 (남대문로5가)
458,남산골한옥마을,6.0,452.0,"서울남산국악당 크라운해태홀
민씨가옥
천우각무대
일대
서울남산국악당 야외마당
체험실","302
50
100
0
0
0",공공(기타),2007.0,서울,중구,서울특별시 중구 퇴계로34길 28 (필동2가)
459,남산예술센터 드라마센터,1.0,0.0,남산예술센터 드라마센터,0,민간(대학로 외),0.0,서울,중구,서울특별시 중구 소파로 138 (예장동)
460,남서울교회,1.0,0.0,남서울교회,0,기타(비공연장),1975.0,서울,서초구,서울특별시 서초구 신반포로19길 36 (반포동)
461,남서울대학교 아트센터 갤러리 이앙,1.0,100.0,남서울대학교 아트센터 갤러리 이앙,100,기타(비공연장),2008.0,서울,종로구,서울특별시 종로구 대학로 146 (혜화동)
468,낭만극장,1.0,300.0,낭만극장,300,민간(대학로 외),2009.0,서울,종로구,서울특별시 종로구 삼일대로 428 (낙원동)
469,내유외강씨어터(구. 익스트림씨어터 1관),1.0,177.0,내유외강씨어터(구. 익스트림씨어터 1관),177,민간(대학로),2012.0,서울,종로구,서울특별시 종로구 대학로 128 (동숭동)
473,노들섬,5.0,1366.0,"잔디마당
라이브하우스
뮤직라운지: 류
다목적 홀: 숲
3층 테라스","616
750
0
0
0",공공(기타),0.0,서울,용산구,서울특별시 용산구 양녕로 445 (이촌동)
474,노들장애인야학,1.0,130.0,대강당,130,민간(대학로),1994.0,서울,종로구,서울특별시 종로구 동숭길 25 (동숭동)
475,노무현시민센터,1.0,0.0,다목적홀 가치하다,0,민간(대학로 외),0.0,서울,종로구,서울특별시 종로구 창덕궁길 73(원서동)
476,노원구민의전당(구. 노원구민회관),1.0,679.0,노원구민의전당(구. 노원구민회관),679,공공(기타),1989.0,서울,노원구,서울특별시 노원구 동일로 1229 (중계동)
477,노원문화예술회관,2.0,900.0,"대공연장
소공연장","608
292",공공(문예회관),2004.0,서울,노원구,서울특별시 노원구 중계로 181 (중계동)
478,노원어린이극장(구.노원어울림극장),1.0,282.0,노원어린이극장(구.노원어울림극장),282,공공(기타),2020.0,서울,노원구,서울특별시 노원구 노해로 502 (상계동)
479,노을소극장,1.0,80.0,노을소극장,80,민간(대학로),2011.0,서울,종로구,서울특별시 종로구 대학로8가길 66 (동숭동)
482,논현1 문화센터,1.0,192.0,다목적강당,192,공공(기타),2005.0,서울,강남구,서울특별시 강남구 학동로20길 25 (논현동)
483,놀터예술공방,1.0,50.0,놀터예술공방,50,민간(대학로),2014.0,서울,성북구,서울특별시 성북구 성북로2길 21 - 0 태고종선부암
492,능동 어린이회관,3.0,450.0,"무지개극장
이벤트홀
유니아트센터","350
100
0",민간(대학로 외),1975.0,서울,광진구,서울특별시 광진구 광나루로 441 (능동)
495,다락방극장,1.0,0.0,다락방극장,0,민간(대학로 외),0.0,서울,중구,서울특별시 중구 을지로 170(을지로4가)
496,다락스페이스,1.0,40.0,다락스튜디오,40,민간(대학로 외),0.0,서울,성동구,서울특별시 성동구 성수이로7길 24 (성수동2가) 
497,다락원체육공원,1.0,400.0,야외무대 / 평화문화진지 일대,400,공공(기타),0.0,서울,도봉구,서울특별시 도봉구 마들로 932(도봉동)
498,다리 소극장,1.0,200.0,다리 소극장,200,민간(대학로 외),0.0,서울,마포구,서울특별시 마포구 월드컵북로2길 49(동교동)
501,달밤엔씨어터,1.0,111.0,달밤엔씨어터,111,민간(대학로),2014.0,서울,종로구,서울특별시 종로구 대학로14길 18-2 (혜화동)
502,달밤엔씨어터 (구. 푸른달극장),1.0,98.0,달밤엔씨어터 (구. 푸른달극장),98,민간(대학로),2013.0,서울,성북구,서울특별시 성북구 성북로26가길 14-1 (성북동)
503,달빛극장,1.0,96.0,달빛극장,96,민간(대학로),2012.0,서울,종로구,서울특별시 종로구 대학로 133 - 6
509,달식당 (Lunar Pub & Music),1.0,100.0,달식당 (Lunar Pub & Music),100,기타(비공연장),0.0,서울,종로구,서울특별시 종로구 인사동5길 42 (관훈동)
510,달콤한음악실,1.0,50.0,달콤한음악실,50,민간(대학로 외),0.0,서울,마포구,"서울특별시 마포구 양화로6길 57-13 (서교동, 동궁빌리지) 202호"
518,대교타워 아이레벨홀,1.0,274.0,대교타워 아이레벨홀,274,민간(대학로 외),2013.0,서울,관악구,서울특별시 관악구 보라매로3길 23 (봉천동)
549,대안공간 루프,1.0,0.0,대안공간 루프,0,민간(대학로 외),0.0,서울,마포구,서울특별시 마포구 와우산로29나길 20 (서교동)
550,대원 팝콘D 스퀘어,1.0,196.0,대원 콘텐츠 라이브,196,민간(대학로 외),0.0,서울,용산구,서울특별시 용산구 한강대로23길 55 (한강로3가)
568,대학로 A아트홀(구. 신연아트홀),1.0,162.0,대학로 A아트홀(구. 신연아트홀),162,민간(대학로),2005.0,서울,종로구,서울특별시 종로구 동숭길 143 (동숭동)
569,"대학로 극장가게 (구. 문씨어터, 지구인씨어터)",1.0,204.0,"대학로 극장가게 (구. 문씨어터, 지구인씨어터)",204,민간(대학로),2015.0,서울,종로구,서울특별시 종로구 대학로10길 12 (동숭동)
570,대학로 김대범소극장,1.0,60.0,대학로 김대범소극장,60,민간(대학로),2012.0,서울,종로구,서울특별시 종로구 대학로11길 43 (명륜4가)
571,대학로 달달씨어터,1.0,100.0,대학로 달달씨어터,100,민간(대학로),2014.0,서울,종로구,서울특별시 종로구 대명1길 20 (명륜4가)
572,대학로 두레홀 3관,1.0,220.0,대학로 두레홀 3관,220,민간(대학로),2006.0,서울,종로구,서울특별시 종로구 대학로8가길 80 (동숭동)
573,대학로 드림아트센터,4.0,980.0,"1관
2관 더블케이씨어터
3관 나몰라홀
4관","352
210
210
208",민간(대학로),2016.0,서울,종로구,서울특별시 종로구 동숭길 123 (동숭동) 드림아트센터
574,대학로 마로니에소극장(플레이더씨어터),1.0,130.0,대학로 마로니에소극장(플레이더씨어터),130,민간(대학로),1987.0,서울,종로구,서울특별시 종로구 동숭길 50 (동숭동)
575,대학로 뮤지컬센터,3.0,1845.0,"대극장
중극장
공간 피꼴로","1,042
528
275",민간(대학로),2013.0,서울,종로구,서울특별시 종로구 동숭길 100
576,대학로 스카이씨어터,2.0,300.0,"대학로 스카이씨어터 1관
대학로 스카이씨어터 2관(5층 구 JK아트홀)","160
140",민간(대학로),2010.0,서울,종로구,서울특별시 종로구 대학로8가길 52 (동숭동)
577,대학로 위로홀(구. 몬스터홀),1.0,123.0,대학로 위로홀(구. 몬스터홀),123,민간(대학로),2014.0,서울,종로구,서울특별시 종로구 동숭길 74 (동숭동)
578,대학로 이음센터,2.0,120.0,"이음홀
이음갤러리","80
40",공공(기타),2015.0,서울,종로구,서울특별시 종로구 대학로 112 (동숭동)
579,대학로 자유극장 (자유문화발전소),1.0,233.0,대학로 자유극장 (자유문화발전소),233,민간(대학로),2005.0,서울,종로구,서울특별시 종로구 대학로12길 31 (동숭동)
580,대학로 판타스틱전용관,1.0,401.0,대학로 판타스틱전용관,401,민간(대학로),0.0,서울,종로구,서울특별시 종로구 대학로 146 (혜화동) 4층
581,대학로단막극장,1.0,66.0,대학로단막극장,66,민간(대학로),1996.0,서울,종로구,서울특별시 종로구 동숭4길 16-3 (동숭동)
582,대학로스타시티,6.0,494.0,"콘텐츠룸(7층 구 마리카1관, SM스타홀)
타이니앨리스 (B1 구 아트홀 마리카2관)
후암스테이지 1관(B2 구 마리카3관, 구 오씨어터)
후암스튜디오 (6층)
TM스테이지
카지노 전용관","209
0
115
170
0
0",민간(대학로),2007.0,서울,종로구,서울특별시 종로구 대학로11길 23 (명륜4가)
583,대학로아트원씨어터,3.0,773.0,"1관
2관
3관","365
250
158",민간(대학로),2009.0,서울,종로구,서울특별시 종로구 대학로12길 83 (동숭동)
584,대학로예술극장,3.0,799.0,"대극장
소극장
3관 [폐관]","504
132
163",국립,2009.0,서울,종로구,서울특별시 종로구 대학로10길 17 (동숭동)
585,대한성공회 서울주교좌성당,1.0,200.0,대한성공회 서울주교좌성당,200,민간(대학로 외),1891.0,서울,중구,서울특별시 중구 세종대로21길 15 (정동)
587,댕로홀,1.0,83.0,댕로홀,83,민간(대학로),2005.0,서울,종로구,서울특별시 종로구 대학로12길 50 (동숭동)
588,더 그란데 파티 앤 뮤직 스튜디오,1.0,0.0,더 그란데,0,민간(대학로 외),2020.0,서울,서초구,서울특별시 서초구 서초대로51길 13 (서초동)
589,더 그레잇 컬렉션,1.0,0.0,더 그레잇 컬렉션,0,민간(대학로 외),0.0,서울,서초구,서울특별시 서초구 나루터로 65(잠원동)
590,더 리버사이드 호텔,1.0,450.0,콘서트홀,450,민간(대학로 외),0.0,서울,서초구,서울특별시 서초구 강남대로107길 6(잠원동)
593,더 서울 라운지,1.0,0.0,더 서울 라운지,0,민간(대학로 외),0.0,서울,용산구,서울특별시 용산구 이태원로19길 6-4(이태원동)
595,더 서울라이티움 (갤러리아포레),2.0,800.0,"G층 전용관
더페이지 갤러리","800
0",민간(대학로 외),2017.0,서울,성동구,서울특별시 성동구 서울숲2길 32-14 (성수동1가)
596,더 씨어터,1.0,96.0,더 씨어터,96,민간(대학로),2011.0,서울,종로구,서울특별시 종로구 대학로3길 10 (효제동) 고운빌딩
597,더 줌 아트센터,1.0,128.0,더 줌 아트센터,128,민간(대학로 외),2013.0,서울,용산구,서울특별시 용산구 독서당로 111 (한남동)
602,더블듀스,1.0,0.0,더블듀스,0,민간(대학로 외),0.0,서울,서대문구,서울특별시 서대문구 연세로7안길 52(창천동)
603,더샵갤러리,1.0,0.0,갤러리 3층,0,민간(대학로 외),0.0,서울,강남구,서울특별시 강남구 언주로 832(신사동)
604,더쇼 씨어터(THE SHOW THEATER),1.0,0.0,더쇼 씨어터(THE SHOW THEATER),0,민간(대학로 외),0.0,서울,강동구,서울특별시 강동구 성내로10길 12(성내동)
605,더스크블루,1.0,0.0,더스크블루,0,기타(비공연장),0.0,서울,영등포구,서울특별시 영등포구 당산로38길 10(당산동4가)
607,더스튜디오HBC (The Studio HBC),1.0,0.0,더스튜디오HBC (The Studio HBC),0,민간(대학로 외),0.0,서울,용산구,서울특별시 용산구 신흥로7길 1 (용산동2가)
608,더케이아트홀,1.0,998.0,더케이아트홀,998,민간(대학로 외),1991.0,서울,서초구,서울특별시 서초구 바우뫼로12길 70 (양재동)
609,더켠 소극장,1.0,64.0,더켠 소극장,64,민간(대학로 외),2015.0,서울,강북구,서울특별시 강북구 도봉로13가길 6 (미아동) 
615,덜위치 칼리지 서울 영국학교,1.0,300.0,덜위치 칼리지 서울 영국학교,300,기타(비공연장),2010.0,서울,서초구,서울특별시 서초구 신반포로15길 6 (반포동)
616,도곡 율하우스,1.0,0.0,도곡 율하우스,0,민간(대학로 외),0.0,서울,강남구,서울특별시 강남구 논현로26길 46-6 (도곡동)
617,도곡2문화센터,1.0,143.0,오유아트홀,143,공공(기타),2010.0,서울,강남구,서울특별시 강남구 남부순환로378길 34-9 (도곡동)
618,도봉구민회관,2.0,742.0,"대강당(하모니홀)
소공연장","552
190",공공(문예회관),1993.0,서울,도봉구,서울특별시 도봉구 도봉로 552 (창동)
619,도토리씨어터,2.0,232.0,"핫식스 1관
너목들 2관","126
106",민간(대학로),0.0,서울,종로구,서울특별시 종로구 대학로12길 63(동숭동)
622,동광교회,1.0,0.0,공연장,0,기타(비공연장),0.0,서울,동작구,서울특별시 동작구 성대로1길 26(상도동)
625,동국대학교,1.0,302.0,이해랑예술극장,302,민간(대학로 외),2008.0,서울,중구,서울특별시 중구 필동로1길 30 (필동3가)
626,동네극장,1.0,0.0,동네극장,0,민간(대학로 외),0.0,서울,동대문구,서울특별시 동대문구 안암로6길 19(용두동)
627,동대문구민회관,1.0,548.0,대강당,548,공공(기타),1989.0,서울,동대문구,서울특별시 동대문구 장한로18길 82-9 (장안동)
628,동대문구체육관,1.0,1500.0,동대문구체육관,1500,공공(기타),0.0,서울,동대문구,서울특별시 동대문구 답십리로 210-3 (답십리동) 
629,동덕여대공연예술센터,1.0,430.0,코튼홀,430,민간(대학로),2001.0,서울,종로구,서울특별시 종로구 동숭길 126 (동숭동)
630,동덕여자대학교 백주년기념관,1.0,650.0,동덕여자대학교 백주년기념관,650,민간(대학로 외),0.0,서울,성북구,서울특별시 성북구 화랑로13길 60 (하월곡동) 
639,동서울아트홀,1.0,234.0,동서울아트홀,234,민간(대학로 외),2012.0,서울,광진구,서울특별시 광진구 구의강변로 38 (구의동)
641,동숭무대소극장,1.0,120.0,동숭무대소극장,120,민간(대학로),2002.0,서울,종로구,서울특별시 종로구 혜화로 35 (명륜1가)
644,동양예술극장(구. 아트센터K),3.0,583.0,"1관(네모극장)
3관(세모극장)
2관(동그라미극장)","221
162
200",민간(대학로),2015.0,서울,종로구,서울특별시 종로구 대학로14길 29
646,동자아트홀,1.0,157.0,동자아트홀,157,민간(대학로 외),2014.0,서울,용산구,"서울특별시 용산구 한강대로 372 (동자동, 센트레빌아스테리움서울)"
647,동작문화원,1.0,0.0,동작문화원,0,공공(기타),0.0,서울,동작구,서울특별시 동작구 장승배기로10길 42(상도동)
648,동작아트갤러리,1.0,0.0,동작아트갤러리,0,기타(비공연장),2019.0,서울,동작구,서울특별시 동작구 보라매로5길 28-1(신대방동)
652,동화소극장,1.0,60.0,동화소극장,60,민간(대학로),2015.0,서울,종로구,서울특별시 종로구 성균관로 6-5 (명륜2가)
654,두리춤터,2.0,310.0,"Black Box
FOYER","150
160",민간(대학로 외),1990.0,서울,서초구,서울특별시 서초구 동광로19길 15 (방배동)
655,두산아트센터,3.0,622.0,"Space111
연강홀
로비","0
622
0",민간(대학로 외),2007.0,서울,종로구,서울특별시 종로구 종로33길 15 (연지동)
657,드림시어터 [대학로],1.0,125.0,드림시어터 [대학로],125,민간(대학로),2012.0,서울,종로구,서울특별시 종로구 대학로10길 15 - 11
662,디 마르가리따,1.0,40.0,디 마르가리따,40,기타(비공연장),2013.0,서울,서초구,서울특별시 서초구 효령로 202 (서초동)
663,디뮤지엄,1.0,0.0,디뮤지엄,0,민간(대학로 외),0.0,서울,성동구,"서울특별시 성동구 왕십리로 83-21(성수동1가, 아크로 서울포레스트)"
665,디엔지홀(DNG HALL),1.0,250.0,디엔지홀(DNG HALL),250,민간(대학로 외),2015.0,서울,송파구,서울특별시 송파구 오금로 195 (방이동)
667,디큐브아트센터,2.0,1742.0,"디큐브씨어터
스페이스 신도림(폐관)","1,242
500",민간(대학로 외),2011.0,서울,구로구,"서울특별시 구로구 경인로 662 (신도림동, 디큐브시티)"
671,뜻밖의 극장(구. 해우소소극장),1.0,65.0,뜻밖의 극장(구. 해우소소극장),65,민간(대학로 외),2018.0,서울,성북구,서울특별시 성북구 동소문로20나길 27 (동선동1가)
672,라까사 호텔 [서울],1.0,30.0,라까사 호텔 [서울],30,기타(비공연장),0.0,서울,강남구,서울특별시 강남구 도산대로1길 83 (신사동)
674,라까사호텔 [압구정],1.0,0.0,라까사호텔 [압구정],0,기타(비공연장),0.0,서울,강남구,서울특별시 강남구 도산대로1길 83(신사동)
675,라온아트홀,1.0,206.0,라온아트홀,206,민간(대학로),0.0,서울,종로구,서울특별시 종로구 대학로10길 11 (동숭동)
677,라율아트홀,1.0,60.0,라율아트홀,60,민간(대학로 외),0.0,서울,서초구,서울특별시 서초구 반포대로 20 (서초동) 2층
678,라이브 썸데이즈홀 (구. 이수ENT),2.0,346.0,"이수아트홀 (폐관)
라이브 썸데이즈홀 (구. 이수스타홀)","200
146",민간(대학로),2011.0,서울,종로구,서울특별시 종로구 대학로12길 10 지하1층
679,라이브 클럽 Amp,1.0,0.0,라이브 클럽 Amp,0,민간(대학로 외),0.0,서울,마포구,서울특별시 마포구 와우산로23길 8(서교동)
680,라이브앤라우드,1.0,70.0,라이브앤라우드,70,민간(대학로 외),2004.0,서울,마포구,서울특별시 마포구 동교로 191(동교동)
683,라이브클럽 빵,1.0,0.0,라이브클럽 빵,0,민간(대학로 외),1994.0,서울,마포구,서울특별시 마포구 와우산로29길 12(서교동)
684,라이트 하우스,1.0,0.0,라이트 하우스,0,민간(대학로 외),0.0,서울,성북구,서울특별시 성북구 삼선교로10다길 74(삼선동1가)
685,라이트씨어터,1.0,30.0,라이트씨어터,30,민간(대학로 외),2017.0,서울,성북구,서울특별시 성북구 삼선교로14길 44 (삼선동2가)
686,라이프 씨어터,1.0,136.0,라이프 씨어터,136,민간(대학로),2008.0,서울,종로구,서울특별시 종로구 창경궁로34길 26 (명륜2가)
688,라임스퀘어,1.0,0.0,라임스퀘어,0,민간(대학로 외),0.0,서울,강남구,서울특별시 강남구 역삼로5길 5(역삼동)
689,라트어린이극장,1.0,200.0,라트어린이극장,200,민간(대학로 외),2002.0,서울,강남구,서울특별시 강남구 논현로 164 (도곡동)
691,락포티,1.0,0.0,락포티,0,민간(대학로 외),0.0,서울,용산구,서울특별시 용산구 두텁바위로40길 32(후암동)
692,랑씨어터,1.0,77.0,랑씨어터,77,민간(대학로 외),2017.0,서울,동대문구,서울특별시 동대문구 회기로 129 (회기동)
693,래리치,1.0,25.0,래리치,25,민간(대학로 외),0.0,서울,용산구,서울특별시 용산구 소월로 138 (후암동)
694,레드빅스페이스,1.0,100.0,레드빅스페이스,100,민간(대학로 외),2015.0,서울,마포구,서울특별시 마포구 잔다리로6길 5 (서교동)
697,레미어린이극장 [금천],1.0,194.0,레미어린이극장 [금천],194,민간(대학로 외),2012.0,서울,금천구,서울특별시 금천구 두산로 71 (독산동)
704,로로스페이스,1.0,50.0,로로스페이스,50,민간(대학로 외),2018.0,서울,서초구,서울특별시 서초구 사평대로8길 6-3 (반포동)
706,로얄아트홀,1.0,50.0,로얄아트홀,50,민간(대학로 외),0.0,서울,서초구,서울특별시 서초구 서초중앙로 56 (서초동)
708,로우키커피 [성수],1.0,30.0,로우키커피,30,기타(비공연장),2010.0,서울,성동구,서울특별시 성동구 뚝섬로1나길 5(성수동1가)
709,로운아뜨리움(로운아트홀),3.0,981.0,"로운아트홀
아뜨리움홀
로운갤러리","619
200
162",민간(대학로 외),0.0,서울,양천구,서울특별시 양천구 목동서로 225 (목동)
710,로즈아트홀,1.0,76.0,로즈아트홀,76,민간(대학로 외),2013.0,서울,노원구,서울특별시 노원구 석계로7길 12-8 (월계동) 
712,롤링홀,1.0,200.0,롤링홀,200,민간(대학로 외),1995.0,서울,마포구,서울특별시 마포구 어울마당로 35 (서교동) 지하 1층
719,롯데백화점 [영등포],1.0,374.0,문화홀,374,민간(대학로 외),0.0,서울,중구,서울특별시 영등포구 경인로 846 (영등포동 618-496)
721,롯데백화점 [청량리],1.0,600.0,8층 롯데문화센터,600,민간(대학로 외),0.0,서울,동대문구,서울특별시 동대문구 왕산로 214 (전농동) 
722,롯데백화점 문화홀 [김포공항],1.0,0.0,롯데백화점 문화홀 [김포공항],0,민간(대학로 외),0.0,서울,강서구,서울특별시 강서구 하늘길 지하77(방화동)
728,롯데월드,1.0,0.0,민속박물관 ,0,기타(비공연장),0.0,서울,송파구,서울특별시 송파구 올림픽로 240 (잠실동)
729,롯데콘서트홀,1.0,2036.0,롯데콘서트홀,2036,민간(대학로 외),2016.0,서울,송파구,서울특별시 송파구 올림픽로 300 (신천동) 롯데월드몰 8층 롯데문화재단
732,룸씨어터,1.0,0.0,룸씨어터,0,민간(대학로),0.0,서울,종로구,서울특별시 종로구 대학로10길 12(동숭동)
733,룸어씨어터,1.0,0.0,룸어씨어터,0,민간(대학로),0.0,서울,종로구,서울특별시 종로구 대학로8가길 30 (동숭동)
734,리엠아트센터 LEEAM ART CENTER,2.0,260.0,"A HALL
B HALL","150
110",민간(대학로 외),0.0,서울,강남구,서울특별시 강남구 학동로2길 56 (논현동)
736,리코디아 아트홀,1.0,120.0,리코디아 아트홀,120,민간(대학로 외),2013.0,서울,서초구,"서울특별시 서초구 신반포로42길 14 (반포동, 벨라헤이븐)"
737,링크아트센터,2.0,900.0,"페이코홀
벅스홀","500
400",민간(대학로),2022.0,서울,종로구,서울특별시 종로구 대학로14길 29(혜화동)
738,마루아트홀,1.0,118.0,마루아트홀,118,민간(대학로),2018.0,서울,종로구,서울특별시 종로구 대학로8가길 30 (동숭동)
740,마리아칼라스홀,1.0,51.0,마리아칼라스홀,51,민간(대학로 외),2008.0,서울,강남구,서울특별시 강남구 영동대로 315 (대치동)
742,마이라이브홀,1.0,102.0,마이라이브홀,102,민간(대학로 외),0.0,서울,강남구,서울특별시 강남구 논현로 816 (신사동) 
744,마포구청,1.0,0.0,2층 대강당,0,공공(기타),0.0,서울,마포구,서울특별시 마포구 월드컵로 212 (성산동)
745,마포아트센터,3.0,1054.0,"아트홀맥
플레이맥
스튜디오3","733
201
120",공공(문예회관),2002.0,서울,마포구,서울특별시 마포구 대흥로20길 28 (대흥동)
746,마포음악창작소,1.0,50.0,라이브홀,50,민간(대학로 외),0.0,서울,마포구,서울특별시 마포구 마포대로 지하238(아현동)
747,마포중앙도서관,1.0,396.0,마중홀,396,공공(기타),2017.0,서울,마포구,서울특별시 마포구 성산로 128 (성산동)
749,만리동예술인주택,1.0,50.0,1층 큰 공간,50,기타(비공연장),2013.0,서울,중구,서울특별시 중구 만리재로27길 69 (만리동2가)
751,맛있는 극장,1.0,90.0,맛있는 극장,90,민간(대학로),2010.0,서울,종로구,서울특별시 종로구 혜화로 4 (혜화동)
753,매지클,1.0,18.0,매지클,18,민간(대학로 외),2004.0,서울,강남구,서울특별시 강남구 삼성로61길 30 (대치동)
755,맥거핀 서교,1.0,0.0,맥거핀 서교,0,민간(대학로 외),0.0,서울,마포구,서울특별시 마포구 양화로7길 28(서교동)
757,메이필드호텔,1.0,300.0,카라홀,300,기타(비공연장),2003.0,서울,강서구,서울특별시 강서구 방화대로 94 (외발산동) 
758,메인이더넷,1.0,0.0,와콘TV 공연장,0,민간(대학로 외),0.0,서울,강남구,서울특별시 강남구 봉은사로26길 7(역삼동)
760,명동난타극장,1.0,386.0,명동난타극장,386,민간(대학로 외),2009.0,서울,중구,서울특별시 중구 명동길 26 (명동2가)
761,명동대성당,3.0,650.0,"꼬스트홀
파밀리아 채플
대성전","450
200
0",기타(비공연장),2017.0,서울,중구,서울특별시 중구 명동길 74 (명동2가) 명동성당
762,명보아트홀,5.0,1468.0,"하람홀
다온홀
가온홀
라온홀
와일드와일드 전용관","189
318
333
334
294",민간(대학로 외),2008.0,서울,중구,서울특별시 중구 마른내로 47 (초동)
764,명작극장 (구 아츠플레이씨어터),2.0,376.0,"명작극장 (구 아츠플레이씨어터)
명작극장(구. 명작극장 2관)","173
203",민간(대학로),2017.0,서울,종로구,서울특별시 종로구 대학로8가길 30 (동숭동)
767,모차르트홀,1.0,201.0,모차르트홀,201,민간(대학로 외),2004.0,서울,서초구,서울특별시 서초구 명달로 104 (서초동)
768,목동 아이스링크,1.0,5000.0,목동 아이스링크,5000,공공(기타),1989.0,서울,양천구,서울특별시 양천구 안양천 939 (목1동)
769,목동청소년수련관,1.0,334.0,청소년극장,334,공공(기타),1988.0,서울,양천구,서울특별시 양천구 목동서로 143 (목동)
770,목인박물관,1.0,0.0,목인박물관,0,기타(비공연장),0.0,서울,종로구,서울특별시 종로구 창의문로5길 46-1(부암동)
776,몽향라이브홀,1.0,100.0,몽향라이브홀,100,기타(비공연장),0.0,서울,서대문구,서울특별시 서대문구 연세로5다길 10 (창천동)
778,무계원,1.0,35.0,사랑채,35,기타(비공연장),2014.0,서울,종로구,서울특별시 종로구 창의문로5가길 2 
780,무신사 개러지(구. 왓챠홀),1.0,230.0,무신사 개러지(구. 왓챠홀),230,민간(대학로 외),0.0,서울,마포구,서울특별시 마포구 잔다리로 32(서교동)
784,문래예술공장,2.0,180.0,"박스씨어터
갤러리M30","100
80",공공(기타),2010.0,서울,영등포구,서울특별시 영등포구 경인로88길 5-4 (문래동1가) 문래예술공장
785,문래재즈IN,1.0,60.0,문래재즈IN,60,민간(대학로 외),2012.0,서울,영등포구,서울특별시 영등포구 도림로 475 (문래동4가)
786,문릿아워,1.0,0.0,문릿아워,0,기타(비공연장),0.0,서울,마포구,서울특별시 마포구 와우산로11길 9-8 (상수동)
788,문엔트리,1.0,0.0,문엔트리,0,기타(비공연장),0.0,서울,서초구,서울특별시 서초구 방배천로18길 10(방배동)
793,문화공간 아이원,1.0,80.0,운당,80,민간(대학로 외),2013.0,서울,금천구,서울특별시 금천구 시흥대로 167 (시흥동)
794,문화공간 엘림홀,1.0,230.0,문화공간 엘림홀,230,민간(대학로),2007.0,서울,종로구,서울특별시 종로구 이화장길 94 (동숭동)
797,문화비축기지,6.0,11180.0,"문화마당
T1 1번 탱크 파빌리온
2번 탱크 실내공연장
T2 야외무대
4번 탱크
원형회의실","10,000
200
300
400
250
30",공공(기타),0.0,서울,마포구,서울특별시 마포구 증산로 87 (성산동)
798,문화역 서울 284,1.0,100.0,RTO,100,국립,2011.0,서울,중구,서울특별시 중구 통일로 1 (봉래동2가)
801,문화일보홀,1.0,260.0,문화일보홀 (청춘극장),260,민간(대학로 외),1995.0,서울,중구,서울특별시 중구 새문안로 22 (충정로1가)
802,문화정원 아트홀,1.0,200.0,문화정원 아트홀,200,민간(대학로 외),2015.0,서울,금천구,서울특별시 금천구 가산로 61 (독산동)
804,뭇(moot),1.0,0.0,뭇(moot) 3층,0,민간(대학로 외),0.0,서울,강남구,서울특별시 강남구 강남대로162길 41-15 (신사동)
805,뭐든지 소극장,1.0,30.0,뭐든지 소극장,30,민간(대학로 외),2021.0,서울,종로구,서울특별시 종로구 창신길 119 (창신동)
811,뮤직앤아트스튜디오,1.0,20.0,뮤직앤아트스튜디오,20,민간(대학로 외),0.0,서울,동작구,"서울특별시 동작구 사당로 300 (사당동, 이수자이)"
812,뮤직클락홀,1.0,0.0,뮤직클락홀,0,민간(대학로 외),0.0,서울,서초구,서울특별시 서초구 사평대로 365 (반포동)
817,미마지아트센터,3.0,282.0,"물빛극장
풀빛극장(오아시스극장)
눈빛극장","0
0
282",민간(대학로),2008.0,서울,종로구,서울특별시 종로구 혜화로 17 (명륜1가)
819,미아리고개예술극장(구 미아리예술극장),1.0,90.0,미아리고개예술극장(구 미아리예술극장),90,공공(기타),2009.0,서울,성북구,서울특별시 성북구 동소문로 177 (돈암동)
824,민속극장풍류,1.0,164.0,민속극장풍류,164,공공(기타),1997.0,서울,강남구,서울특별시 강남구 봉은사로 406 (삼성동)
825,민송아트홀 (구. 브로드웨이아트홀),2.0,466.0,"1관
2관","272
194",민간(대학로),2017.0,서울,종로구,서울특별시 종로구 대학로 144 (혜화동) 중원빌딩 6층
831,바탕골소극장,1.0,192.0,바탕골소극장,192,민간(대학로),1986.0,서울,종로구,서울특별시 종로구 대학로10길 5 (동숭동)
836,반쥴,1.0,70.0,반쥴,70,기타(비공연장),0.0,서울,종로구,서울특별시 종로구 삼일대로17길 23 (관철동) 
837,반포심산아트홀,1.0,405.0,반포심산아트홀,405,공공(기타),2011.0,서울,서초구,서울특별시 서초구 사평대로 55 (반포동) 
841,백남아트홀,1.0,208.0,백남아트홀,208,민간(대학로 외),2009.0,서울,성동구,서울특별시 성동구 살곶이길 200 (사근동) 한양여자대학 백남아트홀
844,백석예술대학교,1.0,376.0,백석아트홀,376,민간(대학로 외),0.0,서울,서초구,서울특별시 서초구 효령로 114 (방배동) 
845,백암아트홀,1.0,417.0,백암아트홀,417,민간(대학로 외),2004.0,서울,강남구,서울특별시 강남구 테헤란로113길 7 (삼성동)
846,백지장 [신도림 지하철],1.0,40.0,백지장 [신도림 지하철],40,민간(대학로 외),0.0,서울,영등포구,서울특별시 영등포구 경인로72길 4 (문래동2가)
849,버금아트센터,1.0,90.0,버금아트센터,90,민간(대학로 외),0.0,서울,광진구,서울특별시 광진구 능동로 259(군자동)
851,번동 금강빌라,1.0,0.0,203호,0,기타(비공연장),0.0,서울,강북구,서울특별시 강북구 오현로25나길 34 (번동)
854,베아오페라음악예술원,1.0,0.0,베어홀,0,민간(대학로 외),0.0,서울,서초구,서울특별시 서초구 강남대로 263 (서초동)
856,베이스먼트원(VASSMENTONE),1.0,0.0,베이스먼트원(VASSMENTONE),0,민간(대학로 외),0.0,서울,강남구,서울특별시 강남구 선릉로 837(신사동)
857,베짱이홀,1.0,200.0,베짱이홀,200,민간(대학로 외),2013.0,서울,마포구,서울특별시 마포구 독막로15길 3-12 (상수동)
859,벨로주 [망원],1.0,65.0,벨로주 [망원],65,민간(대학로 외),2018.0,서울,마포구,서울특별시 마포구 포은로 117 (망원동) 
860,벨로주 [홍대] (구. 왓에버),1.0,123.0,벨로주 [홍대] (구. 왓에버),123,민간(대학로 외),2008.0,서울,마포구,서울특별시 마포구 잔다리로 46 (서교동)
861,벨지움 재즈카페,1.0,0.0,벨지움 재즈카페,0,기타(비공연장),0.0,서울,강남구,서울특별시 강남구 테헤란로83길 20(삼성동)
865,별빛소극장,1.0,110.0,별빛소극장,110,민간(대학로 외),0.0,서울,마포구,서울특별시 마포구 와우산로 117 (서교동)
878,복합공간 에무,2.0,150.0,"팡타 개라지
야외 뒷뜰(은하수 공연장)","100
50",민간(대학로 외),2010.0,서울,종로구,서울특별시 종로구 경희궁1가길 7 (신문로2가)
879,복합공간 우리누리아트홀,1.0,0.0,복합공간 우리누리아트홀,0,민간(대학로 외),0.0,서울,관악구,서울특별시 관악구 관악로 105 (봉천동)
881,복합문화공간 미인도,1.0,50.0,복합문화공간 미인도,50,민간(대학로 외),2015.0,서울,성북구,서울특별시 성북구 동소문로28길 36 (동선동3가)
882,복합문화공간 사유,1.0,0.0,복합문화공간 사유,0,민간(대학로 외),2017.0,서울,용산구,서울특별시 용산구 이태원로54길 5 (한남동)
883,복합한옥공간 곳,1.0,0.0,복합한옥공간 곳,0,기타(비공연장),0.0,서울,종로구,서울특별시 종로구 계동길 52-11 (계동)
884,봄날아트홀(구. 아리랑소극장),2.0,252.0,"2관(지하2층)
1관(지하1층)","129
123",민간(대학로),1996.0,서울,종로구,서울특별시 종로구 동숭길 39 (동숭동)
891,부띠크 모나코 뮤지엄,1.0,0.0,부띠크 모나코 뮤지엄,0,기타(비공연장),0.0,서울,서초구,서울특별시 서초구 서초대로 397(서초동)
906,부암아트홀,1.0,120.0,부암아트홀,120,민간(대학로 외),1995.0,서울,종로구,서울특별시 종로구 자하문로 242 (부암동)
914,북극곰소극장(구.아뮤스소극장),1.0,37.0,북극곰소극장(구.아뮤스소극장),37,민간(대학로),2019.0,서울,종로구,서울특별시 종로구 이화장1길 24 (이화동) 
916,북쌔즈 복합문화공간,1.0,100.0,북쌔즈 복합문화공간,100,민간(대학로 외),2018.0,서울,강남구,서울특별시 강남구 테헤란로 311 (역삼동)
917,북아현아트홀,1.0,206.0,북아현아트홀,206,공공(기타),2021.0,서울,서대문구,서울특별시 서대문구 북아현로 51(북아현동)
918,북촌나래홀,1.0,160.0,북촌나래홀,160,민간(대학로 외),2010.0,서울,종로구,서울특별시 종로구 창덕궁길 29 - 38
919,북촌아트홀,1.0,140.0,북촌아트홀,140,민간(대학로 외),2010.0,서울,종로구,서울특별시 종로구 창덕궁길 29-4 (원서동)
920,북촌창우극장,1.0,100.0,북촌창우극장,100,민간(대학로 외),1993.0,서울,종로구,서울특별시 종로구 창덕궁길 29-6 (원서동)
926,불과얼음 뮤지컬 워크숍극장,1.0,80.0,불과얼음 뮤지컬 워크숍극장,80,민간(대학로 외),2012.0,서울,마포구,서울특별시 마포구 포은로 14 (합정동) 수성빌딩 B102호
927,브람스앤리스트,1.0,0.0,B&L홀,0,민간(대학로 외),0.0,서울,서초구,서울특별시 서초구 반포대로 10 (서초동)
928,브러쉬씨어터(롯데서울숲IT캐슬),1.0,120.0,브러쉬씨어터(롯데서울숲IT캐슬),120,민간(대학로 외),2018.0,서울,성동구,서울특별시 성동구 광나루로 130 (성수동1가)
930,브릭스씨어터 (구. 콘텐츠 그라운드 구. 브로드웨이아트홀 [3관]),1.0,202.0,브릭스씨어터 (구. 콘텐츠 그라운드 구. 브로드웨이아트홀 [3관]),202,민간(대학로),2007.0,서울,종로구,서울특별시 종로구 대학로8길 25 (동숭동)
931,블라인드아트홀,1.0,70.0,블라인드아트홀,70,민간(대학로 외),2019.0,서울,광진구,서울특별시 광진구 아차산로 331-1 (자양동)
932,블루라이트 라이브 홀,1.0,100.0,블루라이트 라이브 홀,100,민간(대학로 외),2011.0,서울,마포구,서울특별시 마포구 어울마당로 94-8 (서교동)
933,블루스퀘어,4.0,3405.0,"신한카드홀(구. 인터파크홀)
Mastercard Hall(구.아이마켓홀)
카오스홀
NEMO","1,766
1,373
266
0",민간(대학로 외),2011.0,서울,용산구,서울특별시 용산구 이태원로 294 (한남동)
945,사다리움직임연구소,1.0,0.0,스튜디오,0,민간(대학로),1998.0,서울,성북구,서울특별시 성북구 창경궁로35다길 90 (성북동)
946,사당역,1.0,0.0,사당역,0,기타(비공연장),0.0,서울,동작구,서울특별시 동작구 남부순환로 지하2089(사당동)
948,사랑의교회,1.0,0.0,사랑의교회,0,기타(비공연장),0.0,서울,서초구,서울특별시 서초구 반포대로 121(서초동)
949,사랑하니까 이야기다,1.0,25.0,사랑하니까 이야기다,25,민간(대학로 외),2016.0,서울,마포구,서울특별시 마포구 동교로 240 (연남동)서울특별시 마포구 연남동  260-28 계림빌딩
954,산성교회,1.0,400.0,산성교회,400,기타(비공연장),1971.0,서울,마포구,서울특별시 마포구 마포대로 197-3 (아현동) 
955,산울림소극장,1.0,100.0,산울림소극장,100,민간(대학로 외),1985.0,서울,마포구,서울특별시 마포구 와우산로 157 (서교동)
957,살레시오교육영성센터,1.0,0.0,마리아홀,0,민간(대학로 외),0.0,서울,영등포구,서울특별시 영등포구 신길로 93(신길동)
962,삼모아트센터,1.0,94.0,라비니아홀,94,민간(대학로 외),2012.0,서울,관악구,서울특별시 관악구 신원로 35 (신림동)
963,삼일로창고극장,1.0,50.0,삼일로창고극장,50,민간(대학로 외),1975.0,서울,중구,서울특별시 중구 삼일대로9길 12 (저동1가)
965,삼청각,1.0,150.0,일화당,150,기타(비공연장),1972.0,서울,성북구,서울특별시 성북구 대사관로 3
966,삼청로 146,1.0,50.0,삼청로 146,50,민간(대학로 외),2015.0,서울,종로구,서울특별시 종로구 삼청로 146 (삼청동)
967,삼형제극장(환상극장),1.0,130.0,삼형제극장(환상극장),130,민간(대학로),2009.0,서울,종로구,서울특별시 종로구 이화장길 72 (동숭동)
969,상명아트센터,2.0,1781.0,"계당홀
대신홀","1,464
317",민간(대학로 외),2009.0,서울,종로구,서울특별시 종로구 홍지문2길 20 (홍지동)
970,상명아트홀,2.0,270.0,"1관
2관","176
94",민간(대학로),2001.0,서울,종로구,서울특별시 종로구 동숭길 133 (동숭동)
971,상상나라극장,1.0,212.0,상상나라극장,212,민간(대학로 외),0.0,서울,광진구,서울특별시 광진구 능동로 216 (능동)
974,상설무대 우리소리소극장,1.0,100.0,상설무대 우리소리소극장,100,민간(대학로 외),1993.0,서울,마포구,서울특별시 마포구 월드컵북로5가길 8-7 (서교동)
975,상암월드컵공원,1.0,200.0,수변무대,200,공공(기타),2002.0,서울,마포구,서울특별시 마포구 하늘공원로 108-1 (상암동) 
978,샤론홀,1.0,150.0,샤론홀,150,민간(대학로 외),0.0,서울,서초구,서울특별시 서초구 서초대로40길 49(서초동)
979,샤롯데씨어터,1.0,1230.0,샤롯데씨어터,1230,민간(대학로 외),2006.0,서울,송파구,서울특별시 송파구 올림픽로 240 (잠실동)
980,서강대 메리홀,2.0,528.0,"대극장
소극장","428
100",민간(대학로 외),1970.0,서울,마포구,서울특별시 마포구 백범로 35 서강대학교
981,서경대학교 공연예술센터,2.0,616.0,"스콘2관
스콘1관","264
352",민간(대학로),2018.0,서울,종로구,서울특별시 종로구 동숭길 148 (혜화동)
982,서경대학교 문예관,1.0,439.0,문예홀,439,민간(대학로 외),1947.0,서울,성북구,서울특별시 성북구 서경로 124 (정릉동) 
986,서대문문화체육회관,2.0,739.0,"대극장
소극장","589
150",공공(문예회관),1993.0,서울,서대문구,서울특별시 서대문구 백련사길 39 (홍은동)
988,서리풀 아트홀,1.0,100.0,서리풀 아트홀,100,민간(대학로 외),0.0,서울,서초구,서울특별시 서초구 반포대로9길 30(서초동)
992,서서울예술교육센터,4.0,0.0,"미디어랩
스튜디오 A
스튜디오 B
스튜디오 C","0
0
0
0",민간(대학로 외),2016.0,서울,양천구,서울특별시 양천구 남부순환로64길 2(신월동)
993,서연아트홀(구. 인아소극장),1.0,154.0,서연아트홀(구. 인아소극장),154,민간(대학로),2013.0,서울,종로구,서울특별시 종로구 창경궁로 258 - 9
994,서완소극장(구. 씨어터고리),1.0,107.0,서완소극장(구. 씨어터고리),107,민간(대학로),2009.0,서울,종로구,서울특별시 종로구 창경궁로34길 18-12
995,서울고속버스터미널,1.0,0.0,FB씨어터,0,민간(대학로 외),0.0,서울,서초구,서울특별시 서초구 신반포로 194(반포동)
996,서울교육대학교,1.0,454.0,종합문화관,454,공공(기타),2003.0,서울,서초구,서울특별시 서초구 서초중앙로 96 (서초동)
997,서울글로벌문화체험센터,1.0,180.0,해치홀,180,공공(기타),2009.0,서울,중구,서울특별시 중구 명동8길 27 (명동2가)
998,서울대학교,2.0,0.0,"대운동장
특설무대","0
0",국립,0.0,서울,관악구,서울특별시 관악구 관악로 1 (신림동)
999,서울돈화문국악당,1.0,140.0,서울돈화문국악당,140,공공(기타),2016.0,서울,종로구,서울특별시 종로구 율곡로 102 - 0
1001,서울마포음악창작소(구.뮤지스땅스),1.0,50.0,라이브홀,50,민간(대학로 외),2014.0,서울,마포구,서울특별시 마포구 마포대로 238 (아현동) 지하
1002,서울문화재단 대학로극장 쿼드(예술청),2.0,422.0,"서울문화재단 대학로극장 쿼드(예술청)
프로젝트룸(5층)","372
50",공공(문예회관),2022.0,서울,종로구,서울특별시 종로구 동숭길 122(동숭동)
1003,서울생활문화센터 서교,1.0,162.0,서교스퀘어,162,민간(대학로 외),2020.0,서울,마포구,서울특별시 마포구 양화로 72(서교동)
1004,서울생활문화센터 신도림 지하 소극장,1.0,0.0,서울생활문화센터 신도림 지하 소극장,0,민간(대학로 외),0.0,서울,구로구,서울특별시 구로구 새말로 지하117-21(신도림동)
1005,서울숲 스튜디오301,1.0,0.0,서울숲 스튜디오301,0,민간(대학로 외),2021.0,서울,성동구,서울특별시 성동구 서울숲길 36(성수동1가)
1006,서울시립광진청소년수련관,2.0,370.0,"대극장
소극장","300
70",공공(기타),2008.0,서울,광진구,서울특별시 광진구 구천면로 2 (광장동) 광진청소년수련관
1007,서울시립대학교,1.0,300.0,음악관,300,공공(기타),1987.0,서울,동대문구,서울특별시 동대문구 서울시립대로 163 (전농동) 
1008,서울시민청,1.0,100.0,바스락홀,100,공공(기타),0.0,서울,중구,서울특별시 중구 세종대로 110 (태평로1가)
1009,서울시산악문화체험센터,2.0,80.0,"기획전시실
시청각실","0
80",기타(비공연장),0.0,서울,마포구,서울특별시 마포구 하늘공원로 112(상암동)
1010,서울아트센터,1.0,1083.0,도암홀,1083,민간(대학로 외),2023.0,서울,종로구,서울특별시 종로구 평창문화로 70 (평창동)
1011,서울애니메이션센터,1.0,179.0,애니시네마 상영관,179,공공(기타),2005.0,서울,중구,서울특별시 중구 소공로 48 서울애니메이션센터
1012,서울여자대학교,1.0,0.0,인문사회관 인사랑당 ,0,민간(대학로 외),0.0,서울,노원구,서울특별시 노원구 화랑로 621(공릉동)
1014,서울월드컵경기장,1.0,0.0,서울월드컵경기장,0,기타(비공연장),0.0,서울,마포구,서울특별시 마포구 월드컵로 240(성산동)
1016,서울호서예술실용전문학교,1.0,0.0,HAC 아트홀,0,민간(대학로 외),0.0,서울,강서구,서울특별시 강서구 강서로 505(가양동)
1019,서초구청,1.0,0.0,특설무대,0,국립,0.0,서울,서초구,서울특별시 서초구 남부순환로 2584(서초동)
1020,서초문화예술회관(구. 서초구민회관),1.0,690.0,아트홀(대강당),690,공공(문예회관),1989.0,서울,서초구,서울특별시 서초구 강남대로 201 (양재동) 서초구민회관
1021,서초아트센터,1.0,70.0,서초아트홀,70,민간(대학로 외),0.0,서울,서초구,서울특별시 서초구 효령로 349-5(서초동)
1025,선돌극장,1.0,130.0,선돌극장,130,민간(대학로),2007.0,서울,종로구,서울특별시 종로구 혜화로5길 5 (명륜1가)
1026,선릉문화공간 제이드409,1.0,80.0,선릉문화공간 제이드409,80,민간(대학로 외),2022.0,서울,강남구,서울특별시 강남구 테헤란로 409(삼성동)
1027,선릉아트홀(구. 아트홀 가얏고을),1.0,77.0,선릉아트홀(구. 아트홀 가얏고을),77,민간(대학로 외),2017.0,서울,강남구,서울특별시 강남구 테헤란로 337 (역삼동)
1028,선릉유아트홀,1.0,0.0,선릉유아트홀,0,민간(대학로 외),0.0,서울,강남구,서울특별시 강남구 선릉로 533(역삼동)
1031,설렘아트홀,1.0,50.0,설렘아트홀,50,민간(대학로 외),0.0,서울,광진구,서울특별시 광진구 능동로19길 23(화양동)
1032,설치극장 정미소 (폐관),1.0,168.0,설치극장 정미소 (폐관),168,민간(대학로),2002.0,서울,종로구,서울특별시 종로구 이화장길 66 (동숭동)
1033,섬유센터,1.0,600.0,이벤트홀,600,민간(대학로 외),0.0,서울,강남구,서울특별시 강남구 테헤란로 518 (대치동) 
1035,성균관대학교 새천년홀,1.0,754.0,성균관대학교 새천년홀,754,민간(대학로 외),1999.0,서울,종로구,서울특별시 종로구 성균관로 25 - 2
1036,성균소극장,2.0,180.0,"성균소극장
스튜디오SK","100
80",민간(대학로),2006.0,서울,종로구,서울특별시 종로구 성균관로 12-3 (명륜2가)
1041,성동청소년수련관,1.0,220.0,무지개극장,220,공공(기타),2004.0,서울,성동구,서울특별시 성동구 고산자로 260 (행당동)
1042,성미산마을극장 향,1.0,97.0,성미산마을극장 향,97,민간(대학로 외),2009.0,서울,마포구,서울특별시 마포구 월드컵로26길 39 (성산동)
1043,성북구민회관,1.0,750.0,대강당,750,공공(기타),1990.0,서울,성북구,서울특별시 성북구 성북로4길 177 - 0 성북구민회관
1044,성북마을극장,1.0,80.0,성북마을극장,80,민간(대학로),2015.0,서울,성북구,서울특별시 성북구 동소문로20다길 10 (동선동1가)
1045,성북미디어문화마루 꿈빛극장,1.0,320.0,성북미디어문화마루 꿈빛극장,320,민간(대학로 외),2021.0,서울,성북구,서울특별시 성북구 길음로7길 20 (길음동)
1046,성북정보도서관,1.0,80.0,천장산우화극장,80,공공(기타),0.0,서울,성북구,서울특별시 성북구 화랑로18자길 13 (상월곡동)
1047,성북청소년수련관,1.0,167.0,팝콘홀,167,공공(기타),2003.0,서울,성북구,서울특별시 성북구 한천로95길 7 (장위동)
1049,성수 소극장,1.0,100.0,성수 소극장,100,민간(대학로 외),2019.0,서울,성동구,서울특별시 성동구 성덕정길 135-1 (성수동2가)
1050,성수아트홀(성수문화복지회관),1.0,350.0,성수아트홀(성수문화복지회관),350,공공(문예회관),2012.0,서울,성동구,서울특별시 성동구 뚝섬로1길 43 (성수동1가)
1051,성신여자대학교 돈암수정캠퍼스,1.0,100.0,수정홀,100,민간(대학로 외),1995.0,서울,성북구,서울특별시 성북구 보문로 34다길 2 (돈암동)
1052,성신여자대학교 운정그린캠퍼스 대강당,1.0,738.0,성신여자대학교 운정그린캠퍼스 대강당,738,민간(대학로 외),2011.0,서울,강북구,서울특별시 강북구 도봉로76가길 55 (미아동)
1054,성암아트센터,1.0,201.0,성암아트홀,201,민간(대학로 외),2005.0,서울,강남구,서울특별시 강남구 선릉로111길 6 (논현동)
1058,세라믹팔레스홀,1.0,440.0,세라믹팔레스홀,440,민간(대학로 외),2003.0,서울,강남구,서울특별시 강남구 일원로 90 (일원동)
1059,세르클 [한남],1.0,0.0,세르클,0,기타(비공연장),0.0,서울,용산구,서울특별시 용산구 이태원로 223-5 (한남동)
1062,세븐파이프홀,1.0,71.0,세븐파이프홀,71,민간(대학로 외),2015.0,서울,마포구,서울특별시 강남구 논현로168길 39
1063,세빛섬,1.0,1000.0,플로팅아일랜드,1000,국립,2015.0,서울,서초구,서울특별시 서초구 올림픽대로 2085-14(반포동)
1064,세상에서제일작은한평극장,1.0,20.0,세상에서제일작은한평극장,20,민간(대학로 외),2012.0,서울,종로구,"서울특별시 종로구 사직로8길 42 (내수동, 광화문시대)"
1065,세실아트홀,1.0,100.0,세실아트홀,100,민간(대학로 외),2016.0,서울,강남구,서울특별시 강남구 언주로173길 20 (신사동)
1066,세우아트센터,2.0,270.0,"1관
2관","168
102",민간(대학로),2002.0,서울,종로구,서울특별시 종로구 대학로12길 49 (동숭동)
1073,세종대학교 대양홀,1.0,2029.0,세종대학교 대양홀,2029,민간(대학로 외),2012.0,서울,광진구,서울특별시 광진구 능동로 209 (군자동)
1074,세종대학교 충무관,1.0,100.0,세종아트홀 혼,100,민간(대학로 외),1978.0,서울,광진구,서울특별시 광진구 능동로 209 (군자동)
1077,세종문화회관,8.0,4618.0,"세종대극장
세종체임버홀
세종M씨어터
세종S씨어터
뜨락(야외공간)(폐관)
세종예술아카데미(스퀘어홀)
세종예술아카데미(서클홀)
세종예술아카데미(오픈스테이지)","3,022
443
609
300
0
94
50
100",공공(문예회관),1978.0,서울,종로구,서울특별시 종로구 세종대로 175 (세종로)
1083,소극장 The켠,1.0,60.0,소극장 The켠,60,민간(대학로 외),2016.0,서울,강북구,서울특별시 강북구 도봉로13가길 6 (미아동)
1088,소극장 꿈꾸는 공작소,1.0,80.0,소극장 꿈꾸는 공작소,80,민간(대학로),2011.0,서울,종로구,서울특별시 종로구 혜화로 14-1
1090,소극장 다르게놀자,1.0,100.0,소극장 다르게놀자,100,민간(대학로),2007.0,서울,종로구,서울특별시 종로구 동숭길 39 (동숭동)
1094,소극장 무극,1.0,80.0,소극장 무극,80,민간(대학로),0.0,서울,종로구,서울특별시 종로구 대학로9길 18(명륜4가)
1097,소극장 선물,1.0,0.0,1관,0,민간(대학로),0.0,서울,종로구,서울특별시 종로구 동숭길 145 (동숭동)
1105,소극장 창덕궁,1.0,80.0,소극장 창덕궁,80,민간(대학로 외),2008.0,서울,종로구,서울특별시 종로구 창경궁로 227(명륜4가)
1106,소극장 축제,1.0,130.0,소극장 축제,130,민간(대학로),2003.0,서울,종로구,서울특별시 종로구 대학로9길 18 (명륜4가)
1110,소극장 플랫폼74,1.0,101.0,소극장 플랫폼74,101,민간(대학로),2020.0,서울,종로구,서울특별시 종로구 동숭길 74 (동숭동)
1112,소극장 혜화당(구. 까망소극장),1.0,105.0,소극장 혜화당(구. 까망소극장),105,민간(대학로),1993.0,서울,종로구,서울특별시 종로구 대학로12길 63 (동숭동)
1113,소극장공유(구. 키작은소나무극장),1.0,80.0,소극장공유(구. 키작은소나무극장),80,민간(대학로),2009.0,서울,종로구,서울특별시 종로구 창경궁로 303 (혜화동)
1117,소디스 펍,1.0,0.0,소디스 펍,0,기타(비공연장),0.0,서울,관악구,서울특별시 관악구 봉천로 544-1 (봉천동)
1119,소리아트홀,3.0,607.0,"1관
2관
3관","240
188
179",민간(대학로),2010.0,서울,종로구,서울특별시 종로구 대학로 146 (혜화동)
1121,소셜베뉴 라움,3.0,1562.0,"마제스틱볼룸
체임버홀
그라스가든","828
384
350",민간(대학로 외),2010.0,서울,강남구,서울특별시 강남구 언주로 564 (역삼동) 라움아트센터
1122,소울소극장,1.0,50.0,소울소극장,50,민간(대학로),2009.0,서울,종로구,서울특별시 종로구 대학로14길 6 (혜화동)
1123,소월아트홀(성동문화회관),1.0,520.0,소월아트홀(성동문화회관),520,공공(문예회관),1989.0,서울,성동구,서울특별시 성동구 왕십리로 281
1124,소전서림,1.0,0.0,소전서림,0,기타(비공연장),0.0,서울,강남구,서울특별시 강남구 영동대로138길 23(청담동)
1135,송파구민회관,1.0,607.0,대강당,607,공공(기타),1994.0,서울,송파구,서울특별시 송파구 백제고분로 242 (삼전동)
1136,송파브이아트홀,1.0,101.0,송파브이아트홀,101,민간(대학로 외),0.0,서울,송파구,서울특별시 송파구 오금로 513 (거여동)
1137,송파어린이문화회관,1.0,154.0,아이소리홀,154,공공(기타),2010.0,서울,송파구,서울특별시 송파구 중대로 235(오금동)
1141,수상한거리 워십센터,1.0,80.0,수상한거리 워십센터,80,민간(대학로 외),0.0,서울,마포구,서울특별시 마포구 홍익로5길 43 (서교동)
1142,수상한창고,1.0,0.0,수상한창고,0,민간(대학로 외),0.0,서울,금천구,서울특별시 금천구 금하로24길 7(시흥동)
1143,수서청소년수련관,1.0,200.0,청소년극장,200,공공(기타),1994.0,서울,강남구,서울특별시 강남구 광평로 144 (수서동)
1156,수유문화공간 옐로우바스켓,1.0,30.0,수유문화공간 옐로우바스켓,30,민간(대학로 외),2017.0,서울,강북구,서울특별시 강북구 4.19로25길 13 (수유동)
1158,순위아트홀(구. 네오아트홀) [강남],1.0,216.0,순위아트홀(구. 네오아트홀) [강남],216,민간(대학로 외),2013.0,서울,서초구,서울특별시 서초구 강남대로 439 (서초동) 유화빌딩
1159,순위아트홀1관 [대학로],1.0,221.0,순위아트홀1관 [대학로],221,민간(대학로),2014.0,서울,종로구,서울특별시 종로구 대학로10길 11 (동숭동)
1166,순화동천,1.0,0.0,순화동천,0,민간(대학로 외),0.0,서울,중구,"서울특별시 중구 서소문로9길 28(순화동, 덕수궁롯데캐슬)"
1167,숨 아트리움,1.0,0.0,숨 아트리움,0,민간(대학로 외),0.0,서울,광진구,서울특별시 광진구 능동로 442(중곡동)
1168,숭실대학교 한경직기념관,1.0,1150.0,대강당,1150,민간(대학로 외),1997.0,서울,동작구,서울특별시 동작구 상도로 369 (상도동) 
1170,숲세권 라이브,1.0,0.0,숲세권 라이브,0,민간(대학로 외),0.0,서울,영등포구,서울특별시 영등포구 선유로54길 11(당산동6가)
1171,슈피겐홀,1.0,200.0,슈피겐홀,200,민간(대학로 외),2018.0,서울,강남구,서울특별시 강남구 봉은사로 446 (삼성동)
1172,슈필렌하우스 & 슈필렌아트홀,1.0,0.0,슈필렌아트홀 ,0,민간(대학로 외),0.0,서울,서초구,서울특별시 서초구 반포대로 304 (잠원동)
1174,스와뉴 스튜디오,1.0,0.0,스와뉴 스튜디오 ,0,민간(대학로 외),0.0,서울,마포구,서울특별시 마포구 월드컵로25길 69(망원동)
1175,스위스그랜드호텔,3.0,1500.0,"컨벤션홀
그랜드볼룸
에메랄드홀","800
400
300",기타(비공연장),1988.0,서울,서대문구,서울특별시 서대문구 연희로 353 (홍은동)
1177,스카이아트홀,1.0,980.0,스카이아트홀,980,민간(대학로 외),2022.0,서울,강서구,서울특별시 강서구 화곡로63길 65(등촌동)
1178,스콘뮤직홀,1.0,200.0,스콘뮤직홀,200,민간(대학로),0.0,서울,종로구,서울특별시 종로구 동숭길 148 (혜화동) 
1180,스타스테이지,1.0,200.0,스타스테이지,200,민간(대학로),2022.0,서울,종로구,서울특별시 종로구 대학로12길 15(동숭동)
1181,스튜디오 QDA(구. 춤공장),1.0,20.0,스튜디오 QDA(구. 춤공장),20,민간(대학로 외),2013.0,서울,영등포구,서울특별시 영등포구 도림로126길 1 (문래동3가)
1182,스튜디오 낙원,1.0,0.0,스튜디오 낙원,0,민간(대학로 외),0.0,서울,종로구,서울특별시 종로구 삼일대로 428(낙원동)
1183,스튜디오 다락,1.0,120.0,스튜디오 다락,120,민간(대학로 외),0.0,서울,종로구,서울특별시 종로구 대학로8길 7(동숭동)
1184,스튜디오 리움,1.0,76.0,스튜디오 리움,76,민간(대학로 외),0.0,서울,서대문구,서울특별시 서대문구 성산로 533(대신동)
1185,스튜디오 바이탈 바이브,1.0,25.0,스튜디오 바이탈 바이브,25,민간(대학로 외),0.0,서울,강남구,서울특별시 강남구 밤고개로34길 14 (세곡동)
1186,스튜디오 블루,1.0,0.0,스튜디오 블루,0,민간(대학로),0.0,서울,종로구,서울특별시 종로구 대학로8가길 80(동숭동)
1187,스튜디오 아트모스,1.0,0.0,스튜디오 아트모스,0,기타(비공연장),0.0,서울,서초구,서울특별시 서초구 반포대로13길 7(서초동)
1188,스튜디오 일상,1.0,0.0,스튜디오 일상,0,민간(대학로 외),0.0,서울,성북구,서울특별시 성북구 삼선교로10길 3(삼선동2가)
1189,스튜디오 하늘,1.0,100.0,스튜디오 하늘,100,민간(대학로 외),0.0,서울,종로구,서울특별시 종로구 대학로10길 17(동숭동)
1190,스튜디오76(구 이랑씨어터),1.0,210.0,스튜디오76(구 이랑씨어터),210,민간(대학로),2013.0,서울,종로구,서울특별시 종로구 이화장길 99 (동숭동)
1191,스튜디오SK,1.0,80.0,스튜디오SK,80,민간(대학로),2013.0,서울,종로구,서울특별시 종로구 성균관로 15-10 (명륜3가)
1192,스트라디움 스튜디오,1.0,50.0,스트라디움 스튜디오,50,민간(대학로 외),2015.0,서울,용산구,서울특별시 용산구 이태원로 251 (한남동)
1194,스페이스 DO,1.0,0.0,스페이스 DO,0,민간(대학로 외),0.0,서울,중구,서울특별시 중구 퇴계로49길 24(충무로5가)
1195,스페이스 G.I,1.0,0.0,스페이스 G.I,0,민간(대학로 외),0.0,서울,강남구,서울특별시 강남구 테헤란로20길 12(역삼동)
1197,스페이스 나인,1.0,0.0,스페이스 나인,0,기타(비공연장),2015.0,서울,영등포구,서울특별시 영등포구 경인로 739 (문래동2가) 
1200,스페이스 아이,1.0,50.0,스페이스 아이,50,민간(대학로),2014.0,서울,종로구,서울특별시 종로구 대학로11길 41-8 (명륜4가)
1202,스페이스 청,1.0,80.0,스페이스 청,80,민간(대학로 외),0.0,서울,마포구,서울특별시 마포구 신촌로 170 (대흥동) 1층
1203,스페이스 홍,1.0,0.0,스페이스 홍,0,기타(비공연장),0.0,서울,마포구,서울특별시 마포구 동교로 144 (서교동)
1205,스페이스T (SPACE T),1.0,128.0,스페이스T (SPACE T),128,민간(대학로 외),0.0,서울,영등포구,서울특별시 영등포구 당산로 34(문래동3가)
1206,스페이스바움,1.0,120.0,스페이스바움,120,민간(대학로 외),2013.0,서울,강남구,서울특별시 강남구 강남대로 600 (논현동) 동신빌딩 B1
1207,스페이스한강,1.0,0.0,스페이스한강,0,민간(대학로 외),0.0,서울,마포구,서울특별시 마포구 와우산로 128(창전동)
1208,슬로우시티,1.0,46.0,슬로우시티,46,민간(대학로 외),0.0,서울,서초구,서울특별시 서초구 서운로 162 (서초동)
1209,시네코아 쉐프 전용관(구. 시네코아 비밥 전용관),1.0,378.0,시네코아 쉐프 전용관(구. 시네코아 비밥 전용관),378,민간(대학로 외),2006.0,서울,종로구,서울특별시 종로구 삼일대로 386 (관철동)
1210,시대여관,1.0,0.0,시대여관,0,기타(비공연장),0.0,서울,종로구,서울특별시 종로구 종로46가길 9-4 (창신동)
1211,시립마포청소년센터,1.0,180.0,열린공연나루,180,공공(기타),2008.0,서울,마포구,서울특별시 마포구 월드컵로 212 (성산동)
1212,"시온아트홀 (구. JK아트홀, 샘아트홀)",1.0,134.0,"시온아트홀(구. JK아트홀, 샘아트홀)",134,민간(대학로),2017.0,서울,종로구,서울특별시 종로구 대학로8가길 52 (동숭동)
1219,신도림 테크노마트,1.0,1000.0,그랜드볼룸,1000,기타(비공연장),0.0,서울,구로구,서울특별시 구로구 새말로 97(구로동)
1222,신명나눔 공간 마루채,1.0,30.0,공간 마루채,30,민간(대학로),2003.0,서울,종로구,서울특별시 종로구 대명길 39 - 9 공간 마루채
1230,신영체임버홀,1.0,64.0,신영체임버홀,64,민간(대학로 외),2018.0,서울,영등포구,서울특별시 영등포구 국제금융로8길 16 (여의도동)
1233,신촌 파랑고래,1.0,30.0,고래마당,30,민간(대학로 외),2019.0,서울,서대문구,서울특별시 서대문구 연세로5나길 19 (창천동) 
1234,신촌극장,1.0,40.0,신촌극장,40,민간(대학로 외),2017.0,서울,서대문구,서울특별시 서대문구 연세로13길 17 (창천동)
1235,신촌문화발전소,1.0,80.0,소극장,80,공공(기타),2018.0,서울,서대문구,서울특별시 서대문구 연세로2나길 57 (창천동)
1236,신촌아트레온,1.0,220.0,무빙온(갤러리콘서트홀),220,민간(대학로 외),2012.0,서울,서대문구,서울특별시 서대문구 신촌로 129 (창천동)
1238,신한pLay 스퀘어 (구. 신한카드 판스퀘어),2.0,723.0,"라이브홀
드림홀","424
299",민간(대학로 외),2012.0,서울,마포구,서울특별시 마포구 양화로11길 60 (서교동)
1240,신한뮤직,1.0,0.0,신한뮤직,0,민간(대학로 외),0.0,서울,강남구,서울특별시 강남구 언주로 716 (논현동)
1243,쌀롱드무지끄,1.0,20.0,쌀롱드무지끄,20,민간(대학로 외),2019.0,서울,종로구,서울특별시 종로구 창의문로 129 (부암동)
1246,썸컴퍼니앤 광태소극장,1.0,0.0,썸컴퍼니앤 광태소극장,0,민간(대학로 외),0.0,서울,관악구,서울특별시 관악구 호암로22길 51(신림동)
1251,씨어터 송,1.0,100.0,씨어터 송,100,민간(대학로 외),2012.0,서울,서초구,서울특별시 서초구 법원로3길 22 (서초동)
1253,씨어터 쿰,1.0,111.0,씨어터 쿰,111,민간(대학로),0.0,서울,종로구,서울특별시 종로구 창경궁로 253-7 (명륜2가)
1255,씨어터조이 (구. 마당세실극장),1.0,80.0,씨어터조이 (구. 마당세실극장),80,민간(대학로),1997.0,서울,종로구,서울특별시 종로구 이화장길 78 (동숭동)
1256,아가파오미니스트리,1.0,0.0,아가파오홀,0,기타(비공연장),0.0,서울,강남구,서울특별시 강남구 압구정로32길 11(신사동)
1260,아라리오뮤지엄,1.0,80.0,공간소극장,80,민간(대학로 외),2015.0,서울,종로구,서울특별시 종로구 율곡로 83
1261,"아루또소극장(구. 소담소극장, 구. 코메디컬센터)",1.0,97.0,"아루또소극장(구. 소담소극장, 구. 코메디컬센터)",97,민간(대학로),2017.0,서울,종로구,서울특별시 종로구 대학로8가길 48 (동숭동)
1263,아르코예술극장,5.0,710.0,"대극장
소극장
3층 테라스
1층 로비
스튜디오 다락","600
110
0
0
0",국립,2009.0,서울,종로구,서울특별시 종로구 대학로8길 7 (동숭동)
1264,아름다운극장,1.0,100.0,아름다운극장,100,민간(대학로),2008.0,서울,종로구,서울특별시 종로구 성균관로4길 48 (명륜2가)
1265,아만티호텔,1.0,0.0,아만티호텔,0,기타(비공연장),2016.0,서울,마포구,서울특별시 마포구 월드컵북로 31(서교동)
1272,아스가르드 씨어터(구. 낙산씨어터),1.0,100.0,아스가르드 씨어터(구. 낙산씨어터),100,민간(대학로),0.0,서울,종로구,서울특별시 종로구 동숭길 140(혜화동)
1273,아시아공원,1.0,300.0,원형극장,300,공공(기타),1986.0,서울,송파구,서울특별시 송파구 올림픽로 44 (잠실동)
1276,아우라 라이브카페,1.0,0.0,아우라 라이브카페,0,민간(대학로 외),0.0,서울,강서구,서울특별시 강서구 마곡중앙로 161-11(마곡동)
1277,아이러브아트홀,1.0,80.0,아이러브아트홀,80,민간(대학로 외),2018.0,서울,강남구,서울특별시 강남구 압구정로32길 30 (신사동)
1279,아일랜드이너프 도산공원점,1.0,30.0,아일랜드이너프 도산공원점,30,기타(비공연장),0.0,서울,강남구,서울특별시 강남구 도산대로45길 16-8(신사동)
1280,아일랜드이너프 마곡점,1.0,50.0,아일랜드이너프 마곡점,50,기타(비공연장),0.0,서울,강서구,서울특별시 강서구 강서로 486(가양동)
1281,아일랜드이너프 사당점,1.0,50.0,아일랜드이너프 사당점,50,기타(비공연장),0.0,서울,관악구,서울특별시 관악구 남부순환로 2050(남현동)
1282,아일랜드이너프 선릉점,1.0,40.0,아일랜드이너프 선릉점,40,기타(비공연장),0.0,서울,강남구,서울특별시 강남구 선릉로76길 25(대치동)
1283,아일랜드이너프 양재점,1.0,40.0,아일랜드이너프 양재점,40,기타(비공연장),0.0,서울,서초구,서울특별시 서초구 강남대로37길 40(서초동)
1284,아일랜드이너프 연남점,1.0,30.0,아일랜드이너프 연남점,30,기타(비공연장),0.0,서울,마포구,서울특별시 마포구 연남로 97(연남동)
1285,아일랜드이너프 이태원점,1.0,32.0,아일랜드이너프 이태원점,32,기타(비공연장),0.0,서울,용산구,서울특별시 용산구 녹사평대로40나길 22(이태원동)
1294,아트선재센터,1.0,238.0,아트홀,238,기타(비공연장),1998.0,서울,종로구,서울특별시 종로구 율곡로3길 87 (소격동)
1302,아트씨어터 문(안톤체홉극장),1.0,0.0,아트씨어터 문(안톤체홉극장),0,민간(대학로),2007.0,서울,종로구,서울특별시 종로구 성균관로3길 23 (명륜3가)
1303,아트코드갤러리,1.0,0.0,아트코드갤러리,0,기타(비공연장),0.0,서울,강남구,서울특별시 강남구 언주로126길 13(논현동)
1306,아트포레스트 아트홀,2.0,367.0,"1관
2관","212
155",민간(대학로),2016.0,서울,종로구,서울특별시 종로구 대학로12길 22 (동숭동)
1308,아트하우스,1.0,207.0,아트하우스,207,민간(대학로),0.0,서울,종로구,서울특별시 종로구 대학로10길 26(동숭동)
1311,아트홀제이,1.0,23.0,아트홀제이,23,민간(대학로 외),2016.0,서울,송파구,서울특별시 송파구 위례성대로 18 (방이동)
1312,아틀리에 스톰프,1.0,0.0,아틀리에 스톰프,0,민간(대학로 외),0.0,서울,강남구,서울특별시 강남구 봉은사로74길 6(삼성동)
1313,아티스탄홀,1.0,300.0,아티스탄홀,300,민간(대학로),2003.0,서울,종로구,서울특별시 종로구 대학로 132 (동숭동)
1315,아프리카 콜로세움,1.0,0.0,아프리카 콜로세움,0,민간(대학로 외),0.0,서울,마포구,서울특별시 마포구 매봉산로 31(상암동)
1316,아프리카TV 프릭업 스튜디오,1.0,0.0,아프리카TV 프릭업 스튜디오,0,민간(대학로 외),0.0,서울,강남구,서울특별시 강남구 테헤란로 626(대치동)
1334,알록 에피소드,1.0,0.0,알록 에피소드,0,민간(대학로 외),0.0,서울,용산구,서울특별시 용산구 백범로87길 26 (원효로1가)
1335,알카드 스튜디오,1.0,0.0,알카드 스튜디오,0,기타(비공연장),2020.0,서울,종로구,서울특별시 종로구 필운대로2길 14 (체부동)
1337,암사어린이극장,1.0,250.0,암사어린이극장,250,민간(대학로 외),2005.0,서울,강동구,서울특별시 강동구 올림픽로 930 (암사동)
1338,압구정예홀(압구정클럽),1.0,200.0,압구정예홀(압구정클럽),200,민간(대학로 외),2006.0,서울,강남구,서울특별시 강남구 언주로174길 30 (신사동) 한국국제예술원
1339,앙상블리안,1.0,40.0,앙상블홀,40,민간(대학로 외),0.0,서울,강남구,서울특별시 강남구 도곡로3길 13 (역삼동)
1340,앙트레블,1.0,0.0,앙트레블,0,기타(비공연장),0.0,서울,강남구,서울특별시 강남구 강남대로102길 45(역삼동)
1342,앤트러사이트 [서교],1.0,0.0,앤트러사이트 [서교],0,민간(대학로 외),0.0,서울,마포구,서울특별시 마포구 월드컵로12길 11 (서교동)
1343,앤트러사이트 [한남],1.0,0.0,앤트러사이트 [한남],0,기타(비공연장),0.0,서울,용산구,서울특별시 용산구 이태원로 240 (한남동)
1344,앤트러사이트 [합정],1.0,0.0,앤트러사이트 [합정],0,기타(비공연장),0.0,서울,마포구,서울특별시 마포구 토정로5길 10 (합정동)
1345,야기스튜디오,1.0,0.0,야기스튜디오,0,민간(대학로 외),0.0,서울,강남구,서울특별시 강남구 헌릉로569길 37(세곡동)
1346,야마하아티스트서비스서울,1.0,100.0,야마하아티스트서비스서울,100,민간(대학로 외),2013.0,서울,서초구,서울특별시 서초구 남부순환로 2385 (서초동)
1356,양천문화회관,3.0,1320.0,"대극장
해누리홀
해바라기홀","684
406
230",공공(문예회관),1998.0,서울,양천구,서울특별시 양천구 목동서로 367 (신정동)
1358,얘기아트씨어터,1.0,80.0,얘기아트씨어터,80,민간(대학로 외),2011.0,서울,마포구,서울특별시 마포구 고산길 30 (노고산동)
1362,언더스탠드에비뉴(신한두드림스페이스),1.0,120.0,아트 스탠드,120,민간(대학로 외),2017.0,서울,성동구,서울특별시 성동구 왕십리로 63 (성수동1가)
1363,언제라도 여행,1.0,0.0,언제라도 여행,0,기타(비공연장),0.0,서울,마포구,서울특별시 마포구 잔다리로 65(서교동)
1364,언플러그드 [신촌],1.0,0.0,언플러그드 [신촌],0,민간(대학로 외),0.0,서울,서대문구,서울특별시 서대문구 연세로 13(창천동)
1365,얼라이브홀(구. 크랙홀),1.0,130.0,얼라이브홀(구. 크랙홀),130,민간(대학로 외),2013.0,서울,마포구,서울특별시 마포구 독막로7길 20 (서교동) 지하1층
1366,업스테이지(UP Stage),1.0,153.0,업스테이지(UP Stage),153,민간(대학로),0.0,서울,종로구,서울특별시 종로구 동숭길 41 (동숭동) 
1370,에스파스클래식,1.0,0.0,에스파스클래식,0,민간(대학로 외),0.0,서울,서대문구,서울특별시 서대문구 충정로7길 31(충정로2가)
1371,에이치씨어터,1.0,180.0,익스트림씨어터 2관,180,민간(대학로),2012.0,서울,종로구,서울특별시 종로구 이화장길 54 (이화동)
1373,에일리하우스,1.0,0.0,에일리하우스,0,기타(비공연장),0.0,서울,강남구,서울특별시 강남구 압구정로11길 37-53 (압구정동)
1376,에피소드 서초 393,1.0,0.0,에피소드 서초 393,0,기타(비공연장),0.0,서울,서초구,서울특별시 서초구 강남대로49길 10(서초동)
1377,에피소드 성수 101,1.0,0.0,에피소드 성수 101,0,기타(비공연장),0.0,서울,성동구,서울특별시 성동구 뚝섬로 341 (성수동1가)
1378,에피소드 신촌 369,1.0,0.0,에피소드 신촌 369,0,기타(비공연장),0.0,서울,마포구,서울특별시 마포구 신촌로16길 29(노고산동)
1379,엑스스페이스,1.0,50.0,엑스스페이스,50,민간(대학로 외),2016.0,서울,강남구,서울특별시 강남구 논현로117길 17 (논현동)
1382,엔써뮤직,1.0,10.0,엔써뮤직,10,민간(대학로 외),2020.0,서울,마포구,서울특별시 마포구 독막로6길 5(합정동)
1384,엔터 스튜디오,1.0,0.0,엔터 스튜디오,0,민간(대학로 외),0.0,서울,마포구,서울특별시 마포구 독막로8길 30(합정동)
1385,엔터식스 메두사 아트홀,3.0,560.0,"1홀
2홀
3홀","260
180
120",민간(대학로 외),2014.0,서울,성동구,"서울특별시 성동구 왕십리로 241 (행당동, 서울숲 더샵)"
1386,엔플러그,1.0,30.0,엔플러그,30,민간(대학로 외),0.0,서울,강남구,서울특별시 강남구 봉은사로55길 20 (삼성동) 
1387,엘리에나 호텔,1.0,0.0,컨벤션홀,0,기타(비공연장),0.0,서울,강남구,서울특별시 강남구 논현로 645(논현동)
1388,엘리펀트스페이스,1.0,40.0,엘리펀트스페이스,40,민간(대학로 외),2018.0,서울,마포구,서울특별시 마포구 성미산로29길 30 (연남동)
1393,엠스테이지(구.인사아트홀),1.0,176.0,엠스테이지(구.인사아트홀),176,민간(대학로 외),2017.0,서울,종로구,서울특별시 종로구 인사동길 34-1 (관훈동)
1395,엠팟홀 (구. 삼익아트홀),2.0,150.0,"엠팟홀 (구. 삼익아트홀)
옥상정원 (8층)","150
0",민간(대학로 외),1995.0,서울,강남구,서울특별시 강남구 학동로 171 (논현동) 삼익악기빌딩 3층
1401,여의도 이랜드크루즈 제1터미널,1.0,20.0,여의도 이랜드크루즈 제1터미널,20,민간(대학로 외),1986.0,서울,영등포구,서울특별시 영등포구 여의동로 290 (여의도동)
1402,여의도 한강공원,1.0,0.0,여의도 한강공원,0,기타(비공연장),0.0,서울,영등포구,서울특별시 영등포구 여의동로 330 (여의도동)
1403,여의도 한강공원 멀티플라자 그랑샤피토,1.0,500.0,여의도 한강공원 멀티플라자 그랑샤피토,500,공공(기타),0.0,서울,영등포구,서울특별시 영등포구 여의동로 330 (여의도동)
1406,여행자극장,1.0,100.0,여행자극장,100,민간(대학로),2016.0,서울,성북구,서울특별시 성북구 성북로5길 9-3 (성북동1가)
1407,역삼1동문화센터,1.0,230.0,가족극장,230,공공(기타),2013.0,서울,강남구,서울특별시 강남구 역삼로7길 16 (역삼동)
1408,연극실험실 일상지하,1.0,50.0,연극실험실 일상지하,50,민간(대학로 외),2010.0,서울,성북구,서울특별시 성북구 성북로 106 (성북동)
1409,연극실험실 혜화동1번지,1.0,70.0,연극실험실 혜화동1번지,70,민간(대학로),1993.0,서울,종로구,서울특별시 종로구 창경궁로35길 7 (혜화동)
1410,연극플레이스 혜화,1.0,0.0,연극플레이스 혜화,0,민간(대학로),0.0,서울,종로구,서울특별시 종로구 대학로8가길 111(동숭동)
1411,연남5701,1.0,0.0,연남5701,0,민간(대학로 외),2021.0,서울,마포구,서울특별시 마포구 동교로23길 64 (연남동)
1412,연남스페이스,1.0,0.0,연남스페이스,0,민간(대학로 외),0.0,서울,마포구,서울특별시 마포구 성미산로22길 16(연남동)
1413,연동교회,1.0,0.0,연동교회,0,기타(비공연장),0.0,서울,종로구,서울특별시 종로구 김상옥로 37 (연지동)
1415,연세대학교 대강당,1.0,1641.0,연세대학교 대강당,1641,민간(대학로 외),1958.0,서울,서대문구,서울특별시 서대문구 연세로 50 (신촌동)
1416,연세대학교 루스채플,1.0,252.0,연세대학교 루스채플,252,민간(대학로 외),1974.0,서울,서대문구,서울특별시 서대문구 연세로 50 (신촌동)
1417,연세대학교 무악극장,1.0,0.0,연세대학교 무악극장,0,민간(대학로 외),0.0,서울,서대문구,서울특별시 서대문구 연세로 50-1(신촌동)
1418,연세대학교 백주년기념관,1.0,829.0,연세대학교 백주년기념관,829,민간(대학로 외),1988.0,서울,서대문구,서울특별시 서대문구 연세로 50 (신촌동)
1419,연세대학교 음악대학 체임버홀,1.0,0.0,연세대학교 음악대학 체임버홀,0,민간(대학로 외),0.0,서울,서대문구,서울특별시 서대문구 연세로 50(신촌동)
1422,연우소극장,1.0,80.0,연우소극장,80,민간(대학로),1987.0,서울,종로구,서울특별시 종로구 창경궁로35길 21 (혜화동)
1425,연희예술극장,1.0,115.0,연희예술극장,115,민간(대학로 외),2018.0,서울,서대문구,서울특별시 서대문구 연희맛로 2-3 (연희동)
1426,연희정원,1.0,90.0,연희정원,90,민간(대학로 외),0.0,서울,서대문구,서울특별시 서대문구 연희로11라길 10-8 (연희동)
1427,열린극장,1.0,160.0,열린극장,160,민간(대학로),1999.0,서울,종로구,서울특별시 종로구 창경궁로 258-12 (명륜2가)
1433,영등포 타임스퀘어,1.0,50.0,키즈앤키즈 소극장(폐관),50,민간(대학로 외),2014.0,서울,영등포구,서울특별시 영등포구 영중로 15 (영등포동4가)
1434,영등포아트홀,1.0,526.0,영등포아트홀,526,공공(문예회관),2009.0,서울,영등포구,서울특별시 영등포구 국회대로 596 (당산동3가)
1435,영락교회,1.0,1500.0,베다니홀,1500,민간(대학로 외),1945.0,서울,중구,서울특별시 중구 수표로 33 (저동1가)
1436,영산아트홀,1.0,598.0,영산아트홀,598,민간(대학로 외),1999.0,서울,영등포구,서울특별시 영등포구 여의공원로 101 (여의도동)
1437,영산양재홀,1.0,195.0,영산양재홀,195,민간(대학로 외),2005.0,서울,서초구,서울특별시 서초구 바우뫼로37길 45 (양재동)
1448,예그린씨어터,1.0,202.0,예그린씨어터,202,민간(대학로),2014.0,서울,종로구,서울특별시 종로구 동숭길 130-5 (동숭동)
1451,예림당아트홀,1.0,468.0,예림당아트홀,468,민간(대학로 외),2011.0,서울,강남구,서울특별시 강남구 언주로 337 (역삼동)
1455,예술가의 집,1.0,100.0,예술가의 집,100,국립,2010.0,서울,종로구,서울특별시 종로구 동숭길 3 (동숭동)
1456,예술공간 라푸푸,1.0,40.0,예술공간 라푸푸,40,민간(대학로),2012.0,서울,종로구,서울특별시 종로구 동숭4길 4 (동숭동)
1457,예술공간 몬스덕,1.0,54.0,예술공간 몬스덕,54,민간(대학로 외),2015.0,서울,영등포구,서울특별시 영등포구 경인로77가길 7-1 (문래동2가)
1458,예술공간 서울,1.0,120.0,예술공간 서울,120,민간(대학로),2012.0,서울,종로구,서울특별시 종로구 성균관로4길 19 (명륜2가)
1459,예술공간 오르다(구. 우석레파토리극장),1.0,102.0,예술공간 오르다(구. 우석레파토리극장),102,민간(대학로),2002.0,서울,종로구,서울특별시 종로구 이화장길 86-11 (동숭동)
1461,예술공간 유비누리 앱질 전용관,1.0,115.0,예술공간 유비누리 앱질 전용관,115,민간(대학로),2014.0,서울,종로구,서울특별시 종로구 대학로8가길 52 (동숭동)
1462,예술공간 혜화,1.0,100.0,예술공간 혜화,100,민간(대학로),2012.0,서울,종로구,서울특별시 종로구 혜화로 10-3 성인빌딩 
1463,예술공간도화,1.0,0.0,예술공간도화,0,민간(대학로 외),0.0,서울,마포구,서울특별시 마포구 잔다리로 113 (서교동)
1465,예술극장 나무와물,1.0,154.0,예술극장 나무와물,154,민간(대학로),2003.0,서울,종로구,서울특별시 종로구 창경궁로 263 (명륜2가)
1469,예술나무씨어터(구. 상상나눔씨어터),1.0,232.0,예술나무씨어터(구. 상상나눔씨어터),232,민간(대학로 외),2013.0,서울,구로구,"서울특별시 구로구 구로중앙로 134 (구로동, 신구로자이나인스에비뉴)"
1472,예술의전당,11.0,8159.0,"CJ 토월극장
리사이틀홀
콘서트홀
자유소극장
IBK챔버홀
오페라극장
신세계스퀘어 야외무대
인춘아트홀
1101어린이라운지
서예박물관 
N스튜디오(국립예술단체공연연습장) 공용1","1,004
354
2,527
241
600
2,283
1,000
130
0
0
20",국립,1988.0,서울,서초구,서울특별시 서초구 남부순환로 2406 (서초동)
1475,예스24 라이브홀 (구. 악스코리아),1.0,2500.0,예스24 라이브홀 (구. 악스코리아),2500,민간(대학로 외),2006.0,서울,광진구,서울특별시 광진구 구천면로 20 (광장동)
1476,예스24 스테이지(구. DCF대명문화공장),3.0,962.0,"1관
2관
3관(구. 수현재씨어터)","406
301
255",민간(대학로),2014.0,서울,종로구,서울특별시 종로구 대학로12길 21 (동숭동)
1482,예한교회,1.0,0.0,예한교회,0,기타(비공연장),0.0,서울,송파구,서울특별시 송파구 올림픽로 417(신천동)
1485,오드 포트(ODE PORT),1.0,70.0,라이브홀,70,민간(대학로 외),2018.0,서울,강남구,서울특별시 강남구 도산대로25길 15-10 (신사동) 
1486,오디오가이스튜디오,1.0,100.0,오디오가이스튜디오,100,민간(대학로 외),2000.0,서울,종로구,서울특별시 종로구 효자로23 (통의동)
1488,오류아트홀,1.0,365.0,오류아트홀,365,공공(기타),2018.0,서울,구로구,서울특별시 구로구 경인로20가길 38 (오류동)
1489,오마이갓 전용관,1.0,78.0,오마이갓 전용관,78,민간(대학로),2023.0,서울,종로구,서울특별시 종로구 동숭길 68 (동숭동)
1491,오시선/지하극장,1.0,0.0,오시선/지하극장,0,민간(대학로 외),2017.0,서울,강남구,서울특별시 강남구 논현로6길 26 (개포동)
1492,오씨어터,1.0,115.0,오씨어터,115,민간(대학로 외),2003.0,서울,종로구,서울특별시 종로구 대학로11길 38-23 (명륜4가)
1493,오아시스아트홀,1.0,120.0,오아시스아트홀,120,민간(대학로 외),2020.0,서울,강서구,"서울특별시 강서구 양천로73길 80 (염창동, 한강동아아파트)"
1494,오온,1.0,0.0,오온,0,기타(비공연장),0.0,서울,송파구,서울특별시 송파구 백제고분로7길 16-16(잠실동)
1496,오페라하우스 [신도림],1.0,73.0,지하소극장,73,공공(기타),2008.0,서울,구로구,서울특별시 구로구 새말로 107-32 (구로동)
1502,올래홀,1.0,175.0,올래홀,175,민간(대학로),2005.0,서울,종로구,서울특별시 종로구 대학로10길 24 (동숭동)
1503,올림픽공원,11.0,41356.0,"KSPO DOME(체조경기장)
SK핸드볼경기장(펜싱경기장)
올림픽홀
뮤즈라이브
우리금융아트홀(역도경기장)
K-아트홀
야외(88잔디마당)
야외(수변무대)
벨로드롬(경륜경기장)
평화광장
일대","15,000
5,003
2,432
237
1,184
500
10,000
1,000
6,000
0
0",공공(기타),1986.0,서울,송파구,서울특별시 송파구 올림픽로 424 올림픽공원 (방이동)
1506,옵신 스페이스(구. 서촌공간 서로),1.0,70.0,옵신 스페이스(구. 서촌공간 서로),70,민간(대학로 외),2016.0,서울,종로구,서울특별시 종로구 필운대로7길 12 (옥인동)
1508,와팝홀(구 돔아트홀) (폐관),1.0,2055.0,와팝홀(구 돔아트홀) (폐관),2055,민간(대학로 외),2003.0,서울,광진구,서울특별시 광진구 능동로 216 (능동)
1513,요기가 널판,1.0,0.0,요기가 널판,0,민간(대학로 외),0.0,서울,마포구,서울특별시 마포구 연남로13길 9(연남동)
1515,용산아트홀,2.0,1091.0,"대극장 미르
소극장 가람","787
304",공공(문예회관),2010.0,서울,용산구,서울특별시 용산구 녹사평대로 150(이태원동 34-87)
1516,용산전자랜드,1.0,100.0,랜드홀,100,민간(대학로 외),0.0,서울,용산구,서울특별시 용산구 청파로 74(한강로3가)
1517,용산전쟁기념관,4.0,176.0,"평화의 광장
제3기획전시실
전쟁기념관 이병형홀(구. 문화극장)
평화홀(1층)","0
0
176
0",국립,1994.0,서울,용산구,서울특별시 용산구 이태원로 29 (용산동1가)
1530,우란2경,2.0,120.0,"우란2경
리허설룸","120
0",민간(대학로 외),2014.0,서울,성동구,서울특별시 성동구 연무장7길 11 (성수동2가)
1532,우리네 극장,1.0,100.0,우리네 극장,100,민간(대학로),2012.0,서울,종로구,서울특별시 종로구 동숭길 55 (동숭동) 5층
1533,우리소극장 [대학로],1.0,0.0,우리소극장 [대학로],0,민간(대학로),0.0,서울,종로구,서울특별시 종로구 이화장길 86-11(동숭동)
1535,우리열린극장,1.0,172.0,우리열린극장,172,민간(대학로 외),2007.0,서울,종로구,서울특별시 종로구 삼일대로 428 (낙원동)
1536,우리옛돌박물관,1.0,0.0,우리옛돌박물관,0,기타(비공연장),0.0,서울,성북구,서울특별시 성북구 대사관로13길 66(성북동)
1537,우미관극장(서울코미디클럽),1.0,0.0,우미관극장(서울코미디클럽),0,민간(대학로 외),0.0,서울,종로구,서울특별시 종로구 종로14길 4(관철동)
1541,우정아트센터,1.0,0.0,우정아트센터,0,기타(비공연장),0.0,서울,중구,서울특별시 중구 세종대로 55 (태평로2가)
1545,울림과 퍼짐,1.0,0.0,울림과 퍼짐,0,민간(대학로 외),0.0,서울,종로구,서울특별시 종로구 자하문로24길 12(효자동)
1559,원더러스트에이앤씨 (Wonderlust A&C),1.0,0.0,원더러스트에이앤씨 (Wonderlust A&C),0,민간(대학로),0.0,서울,종로구,서울특별시 종로구 낙산길 19 (동숭동)
1568,원패스아트홀,1.0,200.0,원패스아트홀,200,민간(대학로),2018.0,서울,종로구,서울특별시 종로구 대학로12길 15 (동숭동)
1569,월드케이팝센터,1.0,0.0,글래스홀,0,민간(대학로 외),0.0,서울,중구,서울특별시 중구 장충단로 72(장충동2가)
1570,월서울 (wall.seoul),1.0,110.0,월서울 (wall.seoul),110,기타(비공연장),2018.0,서울,성동구,서울특별시 성동구 성수이로 65 (성수동2가)
1573,웨스트브릿지 라이브홀,1.0,150.0,웨스트브릿지 라이브홀,150,민간(대학로 외),2015.0,서울,마포구,서울특별시 마포구 와우산로25길 6 (서교동)
1574,위워크 광화문,1.0,100.0,위워크 광화문,100,민간(대학로 외),2018.0,서울,종로구,서울특별시 종로구 종로1길 50 (중학동)
1575,위코 스튜디오,1.0,0.0,위코 스튜디오,0,기타(비공연장),0.0,서울,영등포구,서울특별시 영등포구 양산로 91(당산동3가)
1576,윈씨어터(구. 대학로갈갈이홀),1.0,168.0,윈씨어터(구. 대학로갈갈이홀),168,민간(대학로),2004.0,서울,종로구,서울특별시 종로구 대학로8가길 111 (동숭동)
1577,유나이티드 컬쳐센터 & 갤러리,1.0,200.0,갤러리(음악홀),200,기타(비공연장),0.0,서울,강남구,서울특별시 강남구 강남대로102길 41 (역삼동) 
1578,유니버설아트센터,1.0,1084.0,유니버설아트센터,1084,민간(대학로 외),1981.0,서울,광진구,서울특별시 광진구 천호대로 664 (능동)
1579,유니언타운,1.0,150.0,유니언 마루 루프탑 라운지,150,기타(비공연장),2017.0,서울,영등포구,서울특별시 영등포구 당산로 241 (당산동6가)
1580,유니플렉스,3.0,1100.0,"1관(대극장)
2관(중극장)
3관(소극장)","600
300
200",민간(대학로),2013.0,서울,종로구,서울특별시 종로구 대학로12길 64 (동숭동)
1584,유시어터,1.0,229.0,유시어터,229,민간(대학로 외),1999.0,서울,강남구,서울특별시 강남구 도산대로58길 16 (청담동)
1586,유영공간,1.0,0.0,유영공간,0,기타(비공연장),0.0,서울,성북구,서울특별시 성북구 성북로16가길 1(성북동)
1587,윤당아트홀,2.0,410.0,"1관
2관","260
150",민간(대학로 외),2009.0,서울,강남구,서울특별시 강남구 언주로 844 (신사동)
1588,윤보선 고택,1.0,150.0,윤보선 고택,150,기타(비공연장),0.0,서울,종로구,서울특별시 종로구 윤보선길 62 (안국동) 
1591,윤형빈소극장 [홍대],1.0,161.0,윤형빈소극장 [홍대],161,민간(대학로 외),2015.0,서울,마포구,서울특별시 마포구 와우산로21길 29 (서교동)
1593,은평문화예술회관,2.0,1051.0,"공연장
숲속극장","701
350",공공(문예회관),1996.0,서울,은평구,서울특별시 은평구 녹번로 16 (녹번동)
1595,을지공간,1.0,45.0,을지공간,45,민간(대학로 외),2018.0,서울,중구,서울특별시 중구 창경궁로5길 5 (을지로4가)
1597,음악공간 중력장,1.0,0.0,중력장,0,민간(대학로 외),0.0,서울,동작구,서울특별시 동작구 현충로 104(흑석동)
1599,음악플러스 아트홀,1.0,50.0,음악플러스 아트홀,50,민간(대학로 외),0.0,서울,서초구,서울특별시 서초구 남부순환로317길 82-4(서초동)
1605,의외의 조합,1.0,0.0,의외의 조합,0,기타(비공연장),0.0,서울,중구,서울특별시 중구 동호로17길 121 (신당동) 
1613,이수스타홀,1.0,0.0,이수스타홀,0,민간(대학로),0.0,서울,종로구,서울특별시 종로구 대학로12길 10(동숭동)
1615,이수아트홀 [대학로] (폐관),1.0,204.0,이수아트홀 [대학로] (폐관),204,민간(대학로),2013.0,서울,종로구,서울특별시 종로구 이화장길 58 (이화동)
1616,이어령 예술극장 (구. 석관동 예술극장),1.0,0.0,이어령 예술극장 (구. 석관동 예술극장),0,민간(대학로 외),0.0,서울,성북구,서울특별시 성북구 화랑로32길 146-37(석관동)
1617,이웃집마녀,1.0,10.0,이웃집마녀,10,기타(비공연장),0.0,서울,마포구,서울특별시 마포구 동교로34길 6 (연남동)
1621,이태원 해밀톤 호텔,2.0,0.0,"이태원 해밀톤 호텔
B1 라운지클럽","0
0",민간(대학로 외),0.0,서울,용산구,서울특별시 용산구 이태원로 179(이태원동)
1623,이화여고 100주년 기념관,1.0,433.0,이화여고 100주년 기념관,433,민간(대학로 외),2004.0,서울,중구,서울특별시 중구 정동길 26 (정동)
1624,이화여자대학교 김영의홀,1.0,380.0,이화여자대학교 김영의홀,380,민간(대학로 외),1981.0,서울,서대문구,서울특별시 서대문구 이화여대길 52 (대현동)
1625,이화여자대학교 대강당,1.0,2900.0,이화여자대학교 대강당,2900,민간(대학로 외),1956.0,서울,서대문구,서울특별시 서대문구 이화여대길 52 (대현동) 
1626,이화여자대학교 리사이틀홀,1.0,200.0,이화여자대학교 리사이틀홀,200,민간(대학로 외),0.0,서울,서대문구,서울특별시 서대문구 이화여대길 52 (대현동)
1627,이화여자대학교 삼성홀,1.0,708.0,이화여자대학교 삼성홀,708,민간(대학로 외),2010.0,서울,서대문구,서울특별시 서대문구 이화여대길 52 (대현동)
1630,익스트림씨어터 3관,1.0,130.0,익스트림씨어터 3관,130,민간(대학로),2012.0,서울,종로구,서울특별시 종로구 창경궁로 227 (명륜4가)
1631,인디아트홀 공,1.0,100.0,인디아트홀 공,100,민간(대학로 외),2013.0,서울,영등포구,서울특별시 영등포구 선유서로30길 30 (양평동1가)
1654,일상비일상의틈,1.0,0.0,일상비일상의틈,0,기타(비공연장),0.0,서울,강남구,서울특별시 강남구 강남대로 426 (역삼동)
1655,일신홀,1.0,189.0,일신홀,189,민간(대학로 외),2009.0,서울,용산구,서울특별시 용산구 한남대로 98 (한남동)
1656,일지아트홀,1.0,240.0,일지아트홀,240,민간(대학로 외),2011.0,서울,강남구,서울특별시 강남구 선릉로 806 (청담동) 킹콩빌딩 지하2층
1660,자양스테이션(파리뮤직포럼),1.0,50.0,자양스테이션(파리뮤직포럼),50,기타(비공연장),2019.0,서울,광진구,서울특별시 광진구 자양로11길 18 (자양동)
1663,작은극장 광야(구. 대학로예술극장 3관) (폐관),1.0,30.0,작은극장 광야(구. 대학로예술극장 3관) (폐관),30,민간(대학로),2017.0,서울,종로구,서울특별시 종로구 이화장길 100 (동숭동) 쇳대박물관 지하1층
1666,작은극장 어린,1.0,65.0,작은극장 어린,65,민간(대학로 외),2009.0,서울,은평구,서울특별시 은평구 통일로 684 (녹번동)
1668,잠실종합운동장,8.0,81813.0,"FB빅탑시어터
실내체육관
특설링
보조경기장
주경기장
로열씨어터
서문주차장
빅탑","500
11,032
0
1,782
65,599
500
0
2,400",공공(기타),1984.0,서울,송파구,서울특별시 송파구 올림픽로 25 (잠실동)
1669,잠실학생체육관,1.0,5400.0,본관,5400,공공(기타),1977.0,서울,송파구,서울특별시 송파구 올림픽로 25 (잠실동)
1671,장로회신학대학교 세계교회협력센터,1.0,352.0,국제회의장,352,민간(대학로 외),0.0,서울,광진구,서울특별시 광진구 광장로5길 25-1(광장동)
1675,장충체육관,1.0,4507.0,장충체육관,4507,공공(기타),1963.0,서울,중구,서울특별시 중구 동호로 241 (장충동2가) 
1678,재단법인 기지,1.0,0.0,재단법인 기지,0,기타(비공연장),2019.0,서울,서대문구,서울특별시 서대문구 연희로24길 9-2(연희동)
1679,재머스(JAMMERS),1.0,0.0,재머스(JAMMERS),0,민간(대학로 외),1996.0,서울,마포구,서울특별시 마포구 와우산로 120(창전동)
1681,재즈클럽 그루브,1.0,70.0,재즈클럽 그루브,70,민간(대학로 외),2006.0,서울,서초구,서울특별시 서초구 신반포로47길 52 (잠원동)
1697,전태일기념관,1.0,62.0,울림터,62,공공(기타),2019.0,서울,종로구,서울특별시 종로구 청계천로 105 (관수동)
1698,전통공연창작마루 광무대,1.0,0.0,전통공연창작마루 광무대,0,민간(대학로 외),2020.0,서울,종로구,서울특별시 종로구 종로 272(종로6가)
1700,"정극장 (구. M시어터, 구.하모니아트홀)",1.0,120.0,"정극장 (구. M시어터, 구.하모니아트홀)",120,민간(대학로),2012.0,서울,종로구,서울특별시 종로구 대학로12길 69 (동숭동)
1701,정동1928아트센터,1.0,150.0,이벤트홀,150,민간(대학로 외),2019.0,서울,중구,서울특별시 중구 덕수궁길 130 (정동)
1702,정보소극장,1.0,108.0,정보소극장,108,민간(대학로),1993.0,서울,종로구,서울특별시 종로구 대학로12길 38 (동숭동)
1710,정태호소극장 comedy maker,1.0,100.0,정태호소극장 comedy maker,100,민간(대학로 외),2016.0,서울,마포구,서울특별시 마포구 어울마당로 94-8 (서교동)
1711,정효아트센터,1.0,100.0,음악당,100,민간(대학로 외),2015.0,서울,서초구,서울특별시 서초구 사임당로18길 52-2 (서초동) 
1712,제1 서울창의예술교육센터,1.0,180.0,하늘공연장,180,공공(기타),2014.0,서울,은평구,서울특별시 은평구 가좌로 208 (응암동)
1716,제이엘 씨어터,1.0,130.0,제이엘 씨어터,130,민간(대학로 외),0.0,서울,마포구,서울특별시 마포구 어울마당로 94-8(서교동)
1717,제일라아트홀,1.0,250.0,제일라아트홀,250,민간(대학로 외),2014.0,서울,마포구,서울특별시 마포구 월드컵북로 323 (상암동)
1743,졸탄극장,1.0,179.0,졸탄극장,179,민간(대학로),0.0,서울,종로구,서울특별시 종로구 이화장길 58 (이화동)
1744,종로구민회관,1.0,440.0,강당,440,공공(문예회관),2000.0,서울,종로구,서울특별시 종로구 지봉로5길 7-5 (창신동)
1745,종로아이들극장,1.0,281.0,종로아이들극장,281,공공(기타),2016.0,서울,종로구,서울특별시 종로구 성균관로 91 - 0 국민생활관
1746,종로여가,1.0,0.0,종로여가,0,기타(비공연장),0.0,서울,종로구,서울특별시 종로구 창신길 55(창신동)
1747,종로예술극장,1.0,22.0,종로예술극장,22,민간(대학로 외),2011.0,서울,종로구,서울특별시 종로구 동호로 406-2 (종로5가)
1749,주말극장,1.0,0.0,주말극장,0,민간(대학로 외),0.0,서울,영등포구,서울특별시 영등포구 도림로126길 1(문래동3가)
1753,중랑구민회관,2.0,614.0,"대공연장
소공연장","494
120",공공(기타),1994.0,서울,중랑구,서울특별시 중랑구 면목로 238 (면목동)
1755,중앙대학교 공연예술원,1.0,130.0,스튜디오시어터,130,민간(대학로),2002.0,서울,종로구,서울특별시 종로구 이화장길 86-8 (동숭동)
1756,중앙대학교 아트센터,2.0,595.0,"대극장(중앙아트홀)
소극장(100주년기념관 대신홀)","491
104",민간(대학로 외),1999.0,서울,동작구,서울특별시 동작구 흑석로 84 (흑석동)
1757,중앙성결교회,1.0,0.0,중앙성결교회,0,기타(비공연장),0.0,서울,종로구,서울특별시 종로구 충신길 22 (종로6가)
1765,지블레싱소극장,1.0,0.0,지블레싱소극장,0,민간(대학로 외),0.0,서울,마포구,서울특별시 마포구 신촌로14길 24(노고산동)
1766,지식방앗간 B밀,1.0,0.0,지식방앗간 B밀,0,민간(대학로 외),0.0,서울,중구,서울특별시 중구 퇴계로18길 77(남산동2가)
1767,지인시어터(구. 알과핵소극장),1.0,176.0,지인시어터(구. 알과핵소극장),176,민간(대학로),1998.0,서울,종로구,서울특별시 종로구 동숭길 25 (동숭동)
1768,지즐소극장,1.0,84.0,지즐소극장,84,민간(대학로),2007.0,서울,종로구,서울특별시 종로구 성균관로4길 42 (명륜2가)
1769,진건아트홀,1.0,70.0,진건아트홀,70,민간(대학로),2014.0,서울,종로구,서울특별시 종로구 대학로11길 39 (명륜4가)
1784,창덕궁,1.0,0.0,창덕궁,0,국립,0.0,서울,종로구,서울특별시 종로구 율곡로 99(와룡동)
1785,창동극장,1.0,100.0,창동극장,100,민간(대학로 외),2014.0,서울,도봉구,서울특별시 도봉구 노해로 391 (창동)
1786,창동문화체육센터,1.0,188.0,공연장,188,공공(기타),2005.0,서울,도봉구,서울특별시 도봉구 노해로69길 132 (창동)
1792,창작플랫폼 경험과 상상,1.0,50.0,창작플랫폼 경험과 상상,50,민간(대학로 외),2017.0,서울,영등포구,서울특별시 영등포구 선유동2로 46 (당산동5가)
1794,창조소극장 (구. 민아트홀),1.0,100.0,창조소극장 (구. 민아트홀),100,민간(대학로),2018.0,서울,종로구,서울특별시 종로구 창경궁로 259 (명륜2가)
1809,청년극장 (구. 대학로 아트홀 1관 구. 서울문화예술대학교 대학로 극장),1.0,114.0,청년극장 (구. 대학로 아트홀 1관 구. 서울문화예술대학교 대학로 극장),114,민간(대학로),2010.0,서울,종로구,서울특별시 종로구 동숭길 47 (동숭동)
1810,청년예술청 SAPY,1.0,0.0,청년예술청 SAPY,0,민간(대학로 외),0.0,서울,서대문구,"서울특별시 서대문구 경기대로 26-26 (충정로3가, 더스타일하우스디센트럴)"
1812,청담 예인아트홀,1.0,0.0,청담 예인아트홀,0,민간(대학로 외),0.0,서울,강남구,서울특별시 강남구 도산대로81길 45(청담동)
1813,청담 프리데카,1.0,0.0,청담 프리데카,0,기타(비공연장),0.0,서울,강남구,서울특별시 강남구 도산대로57길 8(청담동)
1819,청운예술극장(구. 글로브극장),1.0,110.0,청운예술극장(구. 글로브극장),110,민간(대학로),2004.0,서울,종로구,서울특별시 종로구 대학로 60 (연건동)
1828,초록씨어터,1.0,160.0,초록씨어터,160,민간(대학로),0.0,서울,종로구,서울특별시 종로구 대학로 128(동숭동)
1830,총신대학교 신관,1.0,453.0,콘서트홀,453,민간(대학로 외),2013.0,서울,동작구,서울특별시 동작구 사당로 143 (사당동)
1831,최순우 옛집,1.0,30.0,최순우 옛집,30,기타(비공연장),2004.0,서울,성북구,서울특별시 성북구 성북로15길 9 (성북동) 
1832,최일화 스튜디오,1.0,50.0,최일화 스튜디오,50,민간(대학로),2011.0,서울,종로구,서울특별시 종로구 이화장1길 24 (이화동)
1844,충동소극장,1.0,30.0,충동소극장,30,민간(대학로 외),0.0,서울,광진구,서울특별시 광진구 뚝섬로36길 49 (자양동)
1845,충무아트센터,4.0,1998.0,"소극장 블루
대공연장
중극장 블랙
컨벤션센터","218
1,255
325
200",공공(문예회관),2005.0,서울,중구,서울특별시 중구 퇴계로 387 (흥인동)
1856,카비네,1.0,10.0,카비네,10,기타(비공연장),0.0,서울,종로구,서울특별시 종로구 북촌로6길 30 (계동)
1861,카페 야카모즈,1.0,0.0,카페 야카모즈,0,민간(대학로 외),0.0,서울,마포구,서울특별시 마포구 월드컵북로 88 (성산동)
1862,카페 어느새 봄,1.0,0.0,카페 어느새 봄,0,기타(비공연장),0.0,서울,서초구,서울특별시 서초구 강남대로2길 70 (양재동)
1863,카페 콘체르토,1.0,0.0,카페 콘체르토,0,기타(비공연장),2018.0,서울,강남구,서울특별시 강동구 명일로 167 (둔촌동)
1864,카페 포레스트,1.0,0.0,카페 포레스트,0,민간(대학로 외),0.0,서울,양천구,서울특별시 양천구 목동동로 33(신정동)
1866,카페극장 칸,1.0,20.0,카페극장 칸,20,민간(대학로 외),2014.0,서울,종로구,서울특별시 종로구 삼일대로32길 55 - 3
1870,컬쳐씨어터(구. 휴먼시어터),1.0,120.0,컬쳐씨어터(구. 휴먼시어터),120,민간(대학로),2016.0,서울,종로구,서울특별시 종로구 대학로8가길 80 (동숭동)
1871,컬쳐파크209,1.0,50.0,컬쳐파크209,50,민간(대학로 외),2019.0,서울,강남구,서울특별시 강남구 역삼로20길 9(역삼동)
1872,케이아트 디딤홀,1.0,120.0,케이아트 디딤홀,120,민간(대학로 외),2017.0,서울,마포구,서울특별시 마포구 와우산로18길 30 (서교동) 지층
1873,코델아트홀,1.0,120.0,코델아트홀,120,민간(대학로),2016.0,서울,종로구,서울특별시 종로구 동숭길 78 (동숭동) 지하1층
1874,코리아나호텔,1.0,0.0,다이아몬드 홀,0,기타(비공연장),1972.0,서울,중구,서울특별시 중구 세종대로 135(태평로1가)
1876,코리아블루스씨어터,1.0,50.0,코리아블루스씨어터,50,민간(대학로 외),0.0,서울,용산구,서울특별시 용산구 청파로45길 5 (청파동3가)
1877,코미디헤이븐,1.0,40.0,코미디헤이븐,40,민간(대학로 외),2018.0,서울,강남구,서울특별시 강남구 강남대로110길 19
1878,코사이어티,1.0,0.0,코사이어티,0,민간(대학로 외),0.0,서울,성동구,서울특별시 성동구 왕십리로 82-20 (성수동1가)
1879,코스모스아트홀,1.0,220.0,코스모스아트홀,220,민간(대학로 외),2006.0,서울,서초구,서울특별시 서초구 반포대로 27(서초동)
1880,코엑스,8.0,11534.0,"신한카드 아티움
아트홀
오디토리움
컨퍼런스룸(남)
K팝 광장(동문)
D홀
그랜드볼룸
Hall C","1,004
200
1,080
450
0
7,000
1,800
0",민간(대학로 외),2009.0,서울,강남구,서울특별시 강남구 영동대로 513 (삼성동)
1881,코쿤홀,1.0,80.0,코쿤홀,80,민간(대학로 외),2016.0,서울,중구,서울특별시 중구 퇴계로30길 15-1 (필동1가)
1884,콘텐츠박스(구. 르메이에르 씨어터),1.0,197.0,콘텐츠박스(구. 르메이에르 씨어터),197,민간(대학로),2006.0,서울,종로구,서울특별시 종로구 동숭길 55 (동숭동)
1885,콜드슬립(koldsleep),1.0,0.0,콜드슬립(koldsleep),0,민간(대학로 외),0.0,서울,강북구,서울특별시 강북구 인수봉로 301(수유동)
1886,콜링아트센터,1.0,0.0,콜링아트센터,0,기타(비공연장),0.0,서울,관악구,서울특별시 관악구 관악로14길 110 (봉천동)
1888,퀸라이브홀,1.0,100.0,퀸라이브홀,100,기타(비공연장),1999.0,서울,서대문구,서울특별시 서대문구 신촌역로 13 (대현동)
1889,큐씨어터(구. 수상한흥신소전용관),1.0,250.0,큐씨어터(구. 수상한흥신소전용관),250,민간(대학로),2016.0,서울,종로구,서울특별시 종로구 대학로8가길 79 (동숭동)
1890,크리에이터스 홀,1.0,100.0,크리에이터스 홀,100,민간(대학로 외),2019.0,서울,동대문구,서울특별시 동대문구 안암로 86-1(제기동)
1892,클럽 MUTE(뮤트),1.0,0.0,클럽 MUTE(뮤트),0,민간(대학로 외),0.0,서울,용산구,서울특별시 용산구 이태원로27가길 26(이태원동)
1894,클럽 마스 CLUB MARS,1.0,0.0,클럽 마스 CLUB MARS,0,민간(대학로 외),0.0,서울,마포구,서울특별시 마포구 와우산로 76-1 (서교동)
1895,클럽 벨류(Value),1.0,0.0,클럽 벨류(Value),0,기타(비공연장),0.0,서울,마포구,서울특별시 마포구 잔다리로 6(서교동)
1896,클럽 샤프,1.0,100.0,클럽 샤프,100,민간(대학로 외),2016.0,서울,마포구,서울특별시 마포구 동교로 63 (망원동)
1897,클럽 페이더,1.0,0.0,클럽 페이더,0,기타(비공연장),0.0,서울,용산구,서울특별시 용산구 우사단로 43 (이태원동) 지하1층
1898,클럽 프리버드,1.0,0.0,클럽 프리버드,0,기타(비공연장),0.0,서울,마포구,서울특별시 마포구 와우산로17길 19-22(서교동)
1900,클럽블랙홀(Blackhall) [홍대],1.0,0.0,클럽블랙홀(Blackhall) [홍대],0,기타(비공연장),0.0,서울,마포구,서울특별시 마포구 잔다리로 19-6 (서교동)
1901,클럽온에어,1.0,0.0,클럽온에어,0,기타(비공연장),0.0,서울,마포구,서울특별시 마포구 잔다리로 44(서교동)
1905,타이니앨리스,1.0,144.0,타이니앨리스,144,민간(대학로),0.0,서울,종로구,서울특별시 종로구 대학로11길 23 (명륜4가)
1906,탈영역우정국,1.0,80.0,탈영역우정국,80,기타(비공연장),2015.0,서울,마포구,서울특별시 마포구 독막로20길 42 (창전동) 
1907,탑아트홀,1.0,101.0,탑아트홀,101,민간(대학로),2003.0,서울,종로구,서울특별시 종로구 동숭길 72 - 0
1913,텐더리커피앤디저트,1.0,0.0,텐더리커피앤디저트,0,기타(비공연장),0.0,서울,마포구,서울특별시 마포구 성미산로29길 35(연남동)
1921,통의동클래식,1.0,40.0,Hall(홀),40,민간(대학로 외),2019.0,서울,종로구,서울특별시 종로구 자하문로10길 16 (통의동)
1924,트레이프조이드,1.0,0.0,트레이프조이드,0,민간(대학로 외),0.0,서울,마포구,서울특별시 마포구 동교로 137(서교동)
1927,티오엠씨어터(구. 문화공간필링),3.0,584.0,"1관
2관
연습실A","335
249
0",민간(대학로),2014.0,서울,종로구,서울특별시 종로구 대학로8가길 85 (동숭동)
1928,틴틴홀,1.0,228.0,틴틴홀,228,민간(대학로),2003.0,서울,종로구,서울특별시 종로구 대학로10길 24 (동숭동)
1931,파랑새극장(구. 샘터파랑새극장),1.0,180.0,1관,180,민간(대학로),1984.0,서울,종로구,서울특별시 종로구 대학로 116 (동숭동)
1932,"파랑씨어터 (구. 도향아트홀, 뮤디스홀)",1.0,163.0,"파랑씨어터 (구. 도향아트홀, 뮤디스홀)",163,민간(대학로),2017.0,서울,종로구,서울특별시 종로구 대학로8가길 36 (동숭동)
1933,파인트리 시어터,1.0,100.0,파인트리 시어터,100,민간(대학로 외),0.0,서울,강남구,서울특별시 강남구 선릉로 547 (역삼동)
1936,판시어터,1.0,388.0,판시어터,388,민간(대학로 외),0.0,서울,종로구,서울특별시 종로구 삼일대로 386 (관철동)
1939,퍼즐인형극장 다락극장,1.0,30.0,퍼즐인형극장 다락극장,30,민간(대학로 외),2014.0,서울,마포구,서울특별시 마포구 독막로6길 27 (합정동)
1941,펀타스틱씨어터,1.0,0.0,펀타스틱씨어터,0,민간(대학로 외),0.0,서울,용산구,서울특별시 용산구 한강대로48길 17-6(한강로2가)
1942,페리지홀,1.0,202.0,페리지홀,202,민간(대학로 외),2013.0,서울,서초구,서울특별시 서초구 반포대로 18 (서초동)
1943,페이지명동,1.0,150.0,커뮤니티하우스 마실(라이브홀),150,민간(대학로 외),0.0,서울,중구,서울특별시 중구 명동11길 20(명동1가)
1944,페인터즈 히어로 종로전용관(서울극장),1.0,488.0,페인터즈히어로 전용관,488,민간(대학로 외),2010.0,서울,종로구,서울특별시 종로구 돈화문로 13 (관수동) 서울극장
1953,포스트극장,1.0,200.0,포스트극장,200,민간(대학로 외),1992.0,서울,마포구,서울특별시 마포구 와우산로 148 (창전동)
1964,푸르지오아트홀,1.0,283.0,푸르지오아트홀,283,민간(대학로 외),2019.0,서울,중구,서울특별시 중구 을지로 170 (을지로4가)
1967,프라임아트홀,1.0,400.0,프라임아트홀,400,민간(대학로 외),2007.0,서울,구로구,서울특별시 구로구 새말로 97 (구로동)
1969,프란치스코 교육회관,2.0,275.0,"1층성당
체칠리아홀","200
75",민간(대학로 외),1987.0,서울,중구,서울특별시 중구 정동길 9 (정동)
1970,프리마베라 459,1.0,0.0,프리마베라 459,0,민간(대학로 외),0.0,서울,영등포구,서울특별시 영등포구 도림로 459(문래동4가)
1972,플랫폼 창동 61,1.0,150.0,레드박스,150,공공(기타),2016.0,서울,도봉구,서울특별시 도봉구 마들로11길 74 (창동)
1973,플랫폼-엘 컨템포러리 아트센터,1.0,172.0,플랫폼 라이브,172,민간(대학로 외),2016.0,서울,강남구,서울특별시 강남구 언주로133길 11 (논현동)
1975,플러스씨어터(구. 컬처스페이스 엔유 구. 쁘티첼 씨어터),1.0,359.0,플러스씨어터(구. 컬처스페이스 엔유 구. 쁘티첼 씨어터),359,민간(대학로),2010.0,서울,종로구,서울특별시 종로구 대학로12길 73 (동숭동)
1978,플레이스 막(PALCE MAK)1,1.0,27.0,플레이스 막사(PLACE MAKSA),27,민간(대학로 외),2012.0,서울,마포구,서울특별시 마포구 성미산로 198 (연남동)
1979,플레이스비브,1.0,90.0,플레이스비브,90,기타(비공연장),0.0,서울,성동구,서울특별시 성동구 아차산로7나길 14 (성수동2가) 
1981,플레이클라우드(클라우드그라운드),1.0,0.0,클라우드홀,0,민간(대학로 외),0.0,서울,동작구,서울특별시 동작구 남부순환로 2019 (사당동)
1982,"플렉스라운지 (구. 스테이라운지, 인디팍)",1.0,150.0,"플렉스라운지 (구. 스테이라운지, 인디팍)",150,민간(대학로 외),2015.0,서울,마포구,서울특별시 마포구 양화로 100-10 (서교동) 
1985,피움스튜디오,1.0,40.0,피움스튜디오,40,민간(대학로 외),2018.0,서울,영등포구,서울특별시 영등포구 영등포로34길 3 (영등포동4가)
1986,피카소소극장,1.0,109.0,1관,109,민간(대학로),2008.0,서울,종로구,서울특별시 종로구 대학로11길 38-11 (명륜4가)
1992,하나투어 브이홀,1.0,250.0,하나투어 브이홀,250,민간(대학로 외),2008.0,서울,마포구,서울특별시 마포구 홍익로 25 (서교동)
1997,하다아트홀,1.0,0.0,하다아트홀,0,민간(대학로 외),0.0,서울,강남구,서울특별시 강남구 선릉로108길 7(삼성동)
1999,하땅세극장,1.0,0.0,하땅세극장,0,민간(대학로 외),0.0,서울,성북구,서울특별시 성북구 성북로 5-7(성북동1가)
2000,하마씨어터(구. 가든씨어터),1.0,190.0,하마씨어터(구. 가든씨어터),190,민간(대학로),1995.0,서울,종로구,서울특별시 종로구 대학로10길 15 - 11
2003,하트리사이틀홀,1.0,67.0,하트리사이틀홀,67,민간(대학로 외),2013.0,서울,송파구,서울특별시 송파구 송이로23길 34 (가락동)
2006,학전,2.0,374.0,"블루소극장
그린소극장(폐관)","194
180",민간(대학로),1991.0,서울,종로구,서울특별시 종로구 대학로12길 46 (동숭동)
2008,한국가곡예술마을 나음아트홀,1.0,120.0,한국가곡예술마을 나음아트홀,120,민간(대학로 외),0.0,서울,강남구,서울특별시 강남구 논현로10길 28 (개포동)
2013,한국문화의집 KOUS,1.0,234.0,한국문화의집 KOUS,234,공공(기타),2003.0,서울,강남구,서울특별시 강남구 테헤란로92길 12-9 (대치동)
2015,한국방송통신대학교,2.0,142.0,"대공연장
열린관 소극장","82
60",민간(대학로),0.0,서울,종로구,서울특별시 종로구 대학로 86 (동숭동) 
2016,한국방송회관 코바코홀 (구. 브로드홀),1.0,290.0,한국방송회관 코바코홀 (구. 브로드홀),290,공공(기타),1998.0,서울,양천구,서울특별시 양천구 목동동로 233 (목동) 한국방송회관
2017,한국불교역사문화기념관,1.0,275.0,전통문화예술공연장,275,민간(대학로 외),2005.0,서울,종로구,서울특별시 종로구 우정국로 55 (견지동)
2020,한국예술종합학교,2.0,840.0,"예술소극장
예술극장","314
526",국립,2007.0,서울,성북구,서울특별시 성북구 화랑로32길 146-37 (석관동)
2021,한국예술종합학교 [서초],1.0,368.0,이강숙홀(구. 크누아홀),368,공공(기타),1999.0,서울,서초구,서울특별시 서초구 남부순환로 2374 (서초동)
2022,한국의집,2.0,296.0,"민속극장
중정마당","146
150",공공(기타),1981.0,서울,중구,서울특별시 중구 퇴계로36길 10 (필동2가)
2025,한국즉흥극장,1.0,60.0,한국즉흥극장,60,민간(대학로 외),2017.0,서울,용산구,서울특별시 용산구 한강대로48길 17-6 (한강로2가)
2026,한국콘텐츠진흥원 CKL스테이지,1.0,190.0,한국콘텐츠진흥원 CKL스테이지,190,국립,2015.0,서울,중구,서울특별시 중구 청계천로 40
2029,한남대로 158(극단 성북동 비둘기),1.0,40.0,한남대로 158(극단 성북동 비둘기),40,민간(대학로 외),2016.0,서울,용산구,서울특별시 용산구 한남대로 158 (한남동)
2038,한성아트홀(구. 인켈아트홀),2.0,400.0,"2관
1관","155
245",민간(대학로),1990.0,서울,종로구,서울특별시 종로구 창경궁로 254 (명륜2가)
2040,한양대학교 노천극장,1.0,5000.0,한양대학교 노천극장,5000,민간(대학로 외),1980.0,서울,성동구,서울특별시 성동구 왕십리로 222 (사근동)
2041,한양대학교 올림픽체육관,1.0,7000.0,한양대학교 올림픽체육관,7000,민간(대학로 외),1980.0,서울,성동구,서울특별시 성동구 왕십리로 222 (사근동)
2042,한양레퍼토리씨어터,1.0,0.0,한양레퍼토리씨어터,0,민간(대학로),2003.0,서울,종로구,서울특별시 종로구 대학로 144 (혜화동) 중원빌딩 지하1층
2043,한얼소극장,1.0,50.0,한얼소극장,50,민간(대학로),2002.0,서울,종로구,서울특별시 종로구 창경궁로35길 17 (혜화동)
2045,한예극장,1.0,200.0,한예극장,200,민간(대학로),0.0,서울,종로구,서울특별시 종로구 이화장길 66(동숭동)
2047,한우리정보문화센터,1.0,180.0,한우리홀,180,공공(기타),2009.0,서울,서초구,서울특별시 서초구 남부순환로340길 15 (서초동) 서초구립한우리정보문화센터
2049,한전아트센터,1.0,999.0,한전아트센터,999,공공(기타),2001.0,서울,서초구,서울특별시 서초구 효령로72길 60 (서초동)
2066,해바라기소극장(구. 훈아트홀),1.0,61.0,해바라기소극장(구. 훈아트홀),61,민간(대학로),2013.0,서울,종로구,서울특별시 종로구 동숭길 76 (동숭동)
2067,해봄연습실,1.0,0.0,해봄연습실,0,민간(대학로 외),0.0,서울,관악구,서울특별시 관악구 관천로 58(신림동)
2068,해오름 예술극장,1.0,170.0,해오름 예술극장,170,민간(대학로),2014.0,서울,종로구,서울특별시 종로구 창경궁로 260 (명륜2가)
2071,해피씨어터,1.0,250.0,해피씨어터,250,민간(대학로),2008.0,서울,종로구,서울특별시 종로구 대학로10길 5 (동숭동)
2076,허수아비소극장,1.0,83.0,허수아비소극장,83,민간(대학로),2018.0,서울,종로구,서울특별시 종로구 성균관로3길 20-4 (명륜3가)
2077,헤르만아트홀,1.0,120.0,헤르만아트홀,120,민간(대학로 외),2022.0,서울,성동구,"서울특별시 성동구 상원6나길 24(성수동1가, 청호 서울숲 뜨레피움 오피스텔)"
2079,헤이그라운드 성수시작점,1.0,0.0,스카이라운지,0,민간(대학로 외),0.0,서울,성동구,서울특별시 성동구 뚝섬로1나길 5(성수동1가)
2080,헬덴뮤직,1.0,0.0,헬덴홀,0,민간(대학로 외),0.0,서울,서초구,서울특별시 서초구 반포대로14길 29(서초동)
2082,현대백화점 문화홀 [목동],1.0,530.0,현대백화점 문화홀 [목동],530,민간(대학로 외),0.0,서울,양천구,"서울특별시 양천구 목동동로 257 (목동, 현대하이페리온) "
2083,현대백화점 문화홀 [미아],1.0,480.0,현대백화점 문화홀 [미아],480,민간(대학로 외),2001.0,서울,성북구,서울특별시 성북구 동소문로 315 (길음동)
2084,현대백화점 문화홀 [신촌],1.0,410.0,현대백화점 문화홀 [신촌],410,민간(대학로 외),2013.0,서울,서대문구,서울특별시 서대문구 신촌로 83 (창천동)
2085,현대백화점 문화홀 [압구정],1.0,300.0,토파즈홀 (컬처파크 4층),300,민간(대학로 외),1985.0,서울,강남구,서울특별시 강남구 압구정로29길 21
2088,현대백화점 문화홀 [천호],1.0,400.0,현대백화점 문화홀 [천호],400,민간(대학로 외),0.0,서울,강동구,서울특별시 강동구 천호대로 1005 (천호동)
2093,현대카드 언더스테이지,2.0,375.0,"스튜디오
Vinyl ＆ Plastic(뮤직라이브러리)","350
25",민간(대학로 외),2015.0,서울,용산구,서울특별시 용산구 이태원로 246 (한남동) 
2096,혜화아트센터,1.0,0.0,혜화아트센터,0,민간(대학로),0.0,서울,종로구,서울특별시 종로구 대학로 156(혜화동)
2098,호원아트홀,1.0,462.0,호원아트홀,462,민간(대학로 외),2011.0,서울,강동구,서울특별시 강동구 성안로 30 (성내동)
2099,호은아트홀(구 키득키득아트홀),1.0,200.0,호은아트홀(구 키득키득아트홀),200,민간(대학로),2013.0,서울,종로구,서울특별시 종로구 동숭길 41 (동숭동)
2106,홀로키즈파크 롤리팝아트홀,1.0,0.0,홀로키즈파크 롤리팝아트홀,0,민간(대학로 외),2020.0,서울,서초구,서울특별시 서초구 본마을4길 3 (신원동)
2109,홍대 stay.round.GEE,1.0,0.0,홍대 stay.round.GEE,0,민간(대학로 외),0.0,서울,마포구,서울특별시 마포구 양화로 100-10(서교동)
2110,홍대 the STUMP(더 스텀프),1.0,100.0,홍대 the STUMP(더 스텀프),100,민간(대학로 외),2015.0,서울,마포구,서울특별시 마포구 와우산로21길 20-11 (서교동)
2111,홍대난타극장(구. 뮤직쇼웨딩 전용관),1.0,323.0,홍대난타극장(구. 뮤직쇼웨딩 전용관),323,민간(대학로 외),2011.0,서울,마포구,서울특별시 마포구 양화로16길 29 (서교동)
2112,홍대우주정거장,1.0,0.0,홍대우주정거장,0,기타(비공연장),2017.0,서울,마포구,서울특별시 마포구 와우산로29길 16(서교동)
2113,홍대파티룸벨라뷰,1.0,0.0,홍대파티룸벨라뷰 ,0,기타(비공연장),0.0,서울,서대문구,서울특별시 서대문구 연희로26길 20 (연희동)
2115,홍익대 대학로 아트센터,2.0,852.0,"대극장
소극장","702
150",민간(대학로),2013.0,서울,종로구,서울특별시 종로구 대학로 57 (연건동)
2120,홍해성 소극장,1.0,0.0,소극장,0,민간(대학로),0.0,서울,종로구,서울특별시 종로구 동숭길 64 (동숭동)
2129,횃불선교회관,1.0,0.0,사랑성전,0,기타(비공연장),0.0,서울,서초구,서울특별시 서초구 바우뫼로31길 70(양재동)
2133,효천아트센터 그라운드씬,1.0,201.0,효천아트센터 그라운드씬,201,민간(대학로),2010.0,서울,종로구,서울특별시 종로구 성균관로 87 (명륜1가)
2134,후암스테이지,2.0,115.0,"1관 (구. 마라카 3관, 오씨어터)
2관","115
0",민간(대학로),0.0,서울,종로구,서울특별시 종로구 대학로11길 23 (명륜4가)
2135,후암스튜디오(후암아트홀),1.0,170.0,후암스튜디오(후암아트홀),170,민간(대학로),0.0,서울,종로구,서울특별시 종로구 대학로11길 23 (명륜4가)
2136,후암씨어터(콘텐츠룸),1.0,209.0,후암씨어터(콘텐츠룸),209,민간(대학로),0.0,서울,종로구,서울특별시 종로구 대학로11길 23 (명륜4가)
2138,후케즈,1.0,140.0,공연장,140,민간(대학로 외),0.0,서울,영등포구,서울특별시 영등포구 경인로 715(문래동2가)
2139,흰물결아트센터,3.0,975.0,"화이트홀
아트홀
예술극장","475
200
300",민간(대학로 외),2007.0,서울,서초구,서울특별시 서초구 반포대로 150 (서초동)
2140,히브루스홀,1.0,0.0,히브루스홀,0,민간(대학로 외),0.0,서울,마포구,서울특별시 마포구 서강로 144(노고산동)
