,공연시설명,세부공연시설명,좌석수,공연건수,개막편수,상연횟수,총 티켓판매수,시설특성,주소
0,올림픽공원,KSPO DOME(체조경기장),15000,34,34,79,586963,공공(기타),서울특별시 송파구 올림픽로 424 올림픽공원 (방이동)
1,올림픽공원,올림픽홀,2432,30,30,110,173794,공공(기타),서울특별시 송파구 올림픽로 424 올림픽공원 (방이동)
2,올림픽공원,SK핸드볼경기장(펜싱경기장),5003,23,23,50,161942,공공(기타),서울특별시 송파구 올림픽로 424 올림픽공원 (방이동)
3,올림픽공원,우리금융아트홀(역도경기장),1184,10,9,321,118105,공공(기타),서울특별시 송파구 올림픽로 424 올림픽공원 (방이동)
4,올림픽공원,야외(88잔디마당),10000,8,8,18,79307,공공(기타),서울특별시 송파구 올림픽로 424 올림픽공원 (방이동)
5,올림픽공원,일대,0,3,3,10,70516,공공(기타),서울특별시 송파구 올림픽로 424 올림픽공원 (방이동)
6,올림픽공원,뮤즈라이브,237,5,5,227,30026,공공(기타),서울특별시 송파구 올림픽로 424 올림픽공원 (방이동)
7,올림픽공원,K-아트홀,500,0,0,0,0,공공(기타),서울특별시 송파구 올림픽로 424 올림픽공원 (방이동)
8,올림픽공원,벨로드롬(경륜경기장),6000,0,0,0,0,공공(기타),서울특별시 송파구 올림픽로 424 올림픽공원 (방이동)
9,올림픽공원,야외(수변무대),1000,0,0,0,0,공공(기타),서울특별시 송파구 올림픽로 424 올림픽공원 (방이동)
10,올림픽공원,평화광장,0,0,0,0,0,공공(기타),서울특별시 송파구 올림픽로 424 올림픽공원 (방이동)
11,올림픽공원,합계,41356,113,112,815,1220653,공공(기타),서울특별시 송파구 올림픽로 424 올림픽공원 (방이동)
12,예술의전당,콘서트홀,2527,243,243,262,427908,국립,서울특별시 서초구 남부순환로 2406 (서초동)
13,예술의전당,오페라극장,2283,20,19,219,332811,국립,서울특별시 서초구 남부순환로 2406 (서초동)
14,예술의전당,CJ 토월극장,1004,15,15,254,137462,국립,서울특별시 서초구 남부순환로 2406 (서초동)
15,예술의전당,IBK챔버홀,600,300,300,300,133908,국립,서울특별시 서초구 남부순환로 2406 (서초동)
16,예술의전당,리사이틀홀,354,338,338,340,95548,국립,서울특별시 서초구 남부순환로 2406 (서초동)
17,예술의전당,자유소극장,241,20,19,273,47815,국립,서울특별시 서초구 남부순환로 2406 (서초동)
18,예술의전당,인춘아트홀,130,223,223,223,19440,국립,서울특별시 서초구 남부순환로 2406 (서초동)
19,예술의전당,1101어린이라운지,0,4,4,14,120,국립,서울특별시 서초구 남부순환로 2406 (서초동)
20,예술의전당,N스튜디오(국립예술단체공연연습장) 공용1,20,0,0,0,0,국립,서울특별시 서초구 남부순환로 2406 (서초동)
21,예술의전당,서예박물관 ,0,0,0,0,0,국립,서울특별시 서초구 남부순환로 2406 (서초동)
22,예술의전당,신세계스퀘어 야외무대,1000,0,0,0,0,국립,서울특별시 서초구 남부순환로 2406 (서초동)
23,예술의전당,합계,8159,1163,1161,1885,1195012,국립,서울특별시 서초구 남부순환로 2406 (서초동)
24,잠실종합운동장,주경기장,65599,8,8,15,444586,공공(기타),서울특별시 송파구 올림픽로 25 (잠실동)
25,잠실종합운동장,빅탑,2400,1,1,95,167943,공공(기타),서울특별시 송파구 올림픽로 25 (잠실동)
26,잠실종합운동장,실내체육관,11032,13,13,32,141314,공공(기타),서울특별시 송파구 올림픽로 25 (잠실동)
27,잠실종합운동장,FB빅탑시어터,500,1,1,141,48504,공공(기타),서울특별시 송파구 올림픽로 25 (잠실동)
28,잠실종합운동장,보조경기장,1782,1,1,3,5403,공공(기타),서울특별시 송파구 올림픽로 25 (잠실동)
29,잠실종합운동장,로열씨어터,500,0,0,0,0,공공(기타),서울특별시 송파구 올림픽로 25 (잠실동)
30,잠실종합운동장,서문주차장,0,0,0,0,0,공공(기타),서울특별시 송파구 올림픽로 25 (잠실동)
31,잠실종합운동장,특설링,0,0,0,0,0,공공(기타),서울특별시 송파구 올림픽로 25 (잠실동)
32,잠실종합운동장,합계,81813,24,24,286,807750,공공(기타),서울특별시 송파구 올림픽로 25 (잠실동)
33,세종문화회관,세종대극장,3022,54,53,302,456965,공공(문예회관),서울특별시 종로구 세종대로 175 (세종로)
34,세종문화회관,세종M씨어터,609,26,25,353,102453,공공(문예회관),서울특별시 종로구 세종대로 175 (세종로)
35,세종문화회관,세종체임버홀,443,283,283,307,101202,공공(문예회관),서울특별시 종로구 세종대로 175 (세종로)
36,세종문화회관,세종S씨어터,300,45,45,341,53917,공공(문예회관),서울특별시 종로구 세종대로 175 (세종로)
37,세종문화회관,세종예술아카데미(스퀘어홀),94,1,1,8,61,공공(문예회관),서울특별시 종로구 세종대로 175 (세종로)
38,세종문화회관,뜨락(야외공간)(폐관),0,0,0,0,0,공공(문예회관),서울특별시 종로구 세종대로 175 (세종로)
39,세종문화회관,세종예술아카데미(서클홀),50,0,0,0,0,공공(문예회관),서울특별시 종로구 세종대로 175 (세종로)
40,세종문화회관,세종예술아카데미(오픈스테이지),100,0,0,0,0,공공(문예회관),서울특별시 종로구 세종대로 175 (세종로)
41,세종문화회관,합계,4618,409,407,1311,714598,공공(문예회관),서울특별시 종로구 세종대로 175 (세종로)
42,블루스퀘어,신한카드홀(구. 인터파크홀),1766,5,4,374,458621,민간(대학로 외),서울특별시 용산구 이태원로 294 (한남동)
43,블루스퀘어,Mastercard Hall(구.아이마켓홀),1373,49,49,96,110338,민간(대학로 외),서울특별시 용산구 이태원로 294 (한남동)
44,블루스퀘어,카오스홀,266,1,1,87,3603,민간(대학로 외),서울특별시 용산구 이태원로 294 (한남동)
45,블루스퀘어,NEMO,0,1,0,3,119,민간(대학로 외),서울특별시 용산구 이태원로 294 (한남동)
46,블루스퀘어,합계,3405,56,54,560,572681,민간(대학로 외),서울특별시 용산구 이태원로 294 (한남동)
47,충무아트센터,대공연장,1255,6,5,349,295803,공공(문예회관),서울특별시 중구 퇴계로 387 (흥인동)
48,충무아트센터,중극장 블랙,325,6,5,353,57118,공공(문예회관),서울특별시 중구 퇴계로 387 (흥인동)
49,충무아트센터,컨벤션센터,200,11,11,25,2479,공공(문예회관),서울특별시 중구 퇴계로 387 (흥인동)
50,충무아트센터,소극장 블루,218,1,1,2,415,공공(문예회관),서울특별시 중구 퇴계로 387 (흥인동)
51,충무아트센터,합계,1998,24,22,729,355815,공공(문예회관),서울특별시 중구 퇴계로 387 (흥인동)
52,샤롯데씨어터,합계,1230,5,4,347,321828,민간(대학로 외),서울특별시 송파구 올림픽로 240 (잠실동)
53,봄날아트홀(구. 아리랑소극장),2관(지하2층),129,4,2,660,295808,민간(대학로),서울특별시 종로구 동숭길 39 (동숭동)
54,봄날아트홀(구. 아리랑소극장),1관(지하1층),123,2,1,393,17464,민간(대학로),서울특별시 종로구 동숭길 39 (동숭동)
55,봄날아트홀(구. 아리랑소극장),합계,252,6,3,1053,313272,민간(대학로),서울특별시 종로구 동숭길 39 (동숭동)
61,대학로 드림아트센터,1관,352,5,4,441,108478,민간(대학로),서울특별시 종로구 동숭길 123 (동숭동) 드림아트센터
62,대학로 드림아트센터,2관 더블케이씨어터,210,7,6,404,58086,민간(대학로),서울특별시 종로구 동숭길 123 (동숭동) 드림아트센터
63,대학로 드림아트센터,3관 나몰라홀,210,7,6,367,47480,민간(대학로),서울특별시 종로구 동숭길 123 (동숭동) 드림아트센터
64,대학로 드림아트센터,4관,208,6,5,337,34703,민간(대학로),서울특별시 종로구 동숭길 123 (동숭동) 드림아트센터
65,대학로 드림아트센터,합계,980,25,21,1549,248747,민간(대학로),서울특별시 종로구 동숭길 123 (동숭동) 드림아트센터
66,롯데콘서트홀,합계,2036,360,358,419,245316,민간(대학로 외),서울특별시 송파구 올림픽로 300 (신천동) 롯데월드몰 8층 롯데문화재단
67,LG아트센터 서울,LG SIGNATURE 홀,1335,29,29,196,200678,민간(대학로 외),서울특별시 강서구 마곡중앙로 136(마곡동)
68,LG아트센터 서울,U+ 스테이지,365,16,16,645,37086,민간(대학로 외),서울특별시 강서구 마곡중앙로 136(마곡동)
69,LG아트센터 서울,합계,1700,45,45,841,237764,민간(대학로 외),서울특별시 강서구 마곡중앙로 136(마곡동)
70,예스24 스테이지(구. DCF대명문화공장),1관,406,9,7,447,104544,민간(대학로),서울특별시 종로구 대학로12길 21 (동숭동)
71,예스24 스테이지(구. DCF대명문화공장),2관,301,6,5,535,79449,민간(대학로),서울특별시 종로구 대학로12길 21 (동숭동)
72,예스24 스테이지(구. DCF대명문화공장),3관(구. 수현재씨어터),255,5,4,385,43858,민간(대학로),서울특별시 종로구 대학로12길 21 (동숭동)
73,예스24 스테이지(구. DCF대명문화공장),합계,962,20,16,1367,227851,민간(대학로),서울특별시 종로구 대학로12길 21 (동숭동)
74,유니플렉스,1관(대극장),600,7,7,382,125808,민간(대학로),서울특별시 종로구 대학로12길 64 (동숭동)
75,유니플렉스,2관(중극장),300,1,0,368,91316,민간(대학로),서울특별시 종로구 대학로12길 64 (동숭동)
76,유니플렉스,3관(소극장),200,3,2,269,10130,민간(대학로),서울특별시 종로구 대학로12길 64 (동숭동)
77,유니플렉스,합계,1100,11,9,1019,227254,민간(대학로),서울특별시 종로구 대학로12길 64 (동숭동)
86,광림아트센터,BBCH홀,1026,6,5,376,200141,민간(대학로 외),서울특별시 강남구 논현로163길 33 (신사동)
87,광림아트센터,장천홀,613,48,48,52,4294,민간(대학로 외),서울특별시 강남구 논현로163길 33 (신사동)
88,광림아트센터,합계,1639,54,53,428,204435,민간(대학로 외),서울특별시 강남구 논현로163길 33 (신사동)
89,디큐브아트센터,디큐브씨어터,1242,5,4,275,198413,민간(대학로 외),"서울특별시 구로구 경인로 662 (신도림동, 디큐브시티)"
90,디큐브아트센터,스페이스 신도림(폐관),500,0,0,0,0,민간(대학로 외),"서울특별시 구로구 경인로 662 (신도림동, 디큐브시티)"
91,디큐브아트센터,합계,1742,5,4,275,198413,민간(대학로 외),"서울특별시 구로구 경인로 662 (신도림동, 디큐브시티)"
93,대학로아트원씨어터,1관,365,5,4,427,102748,민간(대학로),서울특별시 종로구 대학로12길 83 (동숭동)
94,대학로아트원씨어터,2관,250,5,4,428,69465,민간(대학로),서울특별시 종로구 대학로12길 83 (동숭동)
95,대학로아트원씨어터,3관,158,11,10,221,14941,민간(대학로),서울특별시 종로구 대학로12길 83 (동숭동)
96,대학로아트원씨어터,합계,773,21,18,1076,187154,민간(대학로),서울특별시 종로구 대학로12길 83 (동숭동)
97,국립극장,해오름극장,1221,65,64,142,99557,국립,서울특별시 중구 장충단로 59 (장충동2가)
98,국립극장,달오름극장,512,38,38,176,52607,국립,서울특별시 중구 장충단로 59 (장충동2가)
99,국립극장,하늘극장,627,57,57,101,28953,국립,서울특별시 중구 장충단로 59 (장충동2가)
100,국립극장,연습실,0,2,2,2,72,국립,서울특별시 중구 장충단로 59 (장충동2가)
101,국립극장,별오름극장,100,0,0,0,0,국립,서울특별시 중구 장충단로 59 (장충동2가)
102,국립극장,합계,2460,162,161,421,181189,국립,서울특별시 중구 장충단로 59 (장충동2가)
103,코엑스,신한카드 아티움,1004,15,14,276,116139,민간(대학로 외),서울특별시 강남구 영동대로 513 (삼성동)
104,코엑스,D홀,7000,3,3,6,28595,민간(대학로 외),서울특별시 강남구 영동대로 513 (삼성동)
105,코엑스,오디토리움,1080,7,7,73,27368,민간(대학로 외),서울특별시 강남구 영동대로 513 (삼성동)
106,코엑스,컨퍼런스룸(남),450,8,8,52,6636,민간(대학로 외),서울특별시 강남구 영동대로 513 (삼성동)
107,코엑스,Hall C,0,0,0,0,0,민간(대학로 외),서울특별시 강남구 영동대로 513 (삼성동)
108,코엑스,K팝 광장(동문),0,0,0,0,0,민간(대학로 외),서울특별시 강남구 영동대로 513 (삼성동)
109,코엑스,그랜드볼룸,1800,0,0,0,0,민간(대학로 외),서울특별시 강남구 영동대로 513 (삼성동)
110,코엑스,아트홀,200,0,0,0,0,민간(대학로 외),서울특별시 강남구 영동대로 513 (삼성동)
111,코엑스,합계,11534,33,32,407,178738,민간(대학로 외),서울특별시 강남구 영동대로 513 (삼성동)
112,더 서울라이티움 (갤러리아포레),G층 전용관,800,9,6,1372,175618,민간(대학로 외),서울특별시 성동구 서울숲2길 32-14 (성수동1가)
113,더 서울라이티움 (갤러리아포레),더페이지 갤러리,0,0,0,0,0,민간(대학로 외),서울특별시 성동구 서울숲2길 32-14 (성수동1가)
114,더 서울라이티움 (갤러리아포레),합계,800,9,6,1372,175618,민간(대학로 외),서울특별시 성동구 서울숲2길 32-14 (성수동1가)
120,틴틴홀,합계,228,1,0,1158,172919,민간(대학로),서울특별시 종로구 대학로10길 24 (동숭동)
121,라온아트홀,합계,206,1,0,1300,169820,민간(대학로),서울특별시 종로구 대학로10길 11 (동숭동)
122,티오엠씨어터(구. 문화공간필링),1관,335,5,4,449,114460,민간(대학로),서울특별시 종로구 대학로8가길 85 (동숭동)
123,티오엠씨어터(구. 문화공간필링),2관,249,6,5,344,49976,민간(대학로),서울특별시 종로구 대학로8가길 85 (동숭동)
124,티오엠씨어터(구. 문화공간필링),연습실A,0,0,0,0,0,민간(대학로),서울특별시 종로구 대학로8가길 85 (동숭동)
125,티오엠씨어터(구. 문화공간필링),합계,584,11,9,793,164436,민간(대학로),서울특별시 종로구 대학로8가길 85 (동숭동)
133,서연아트홀(구. 인아소극장),합계,154,3,1,552,152785,민간(대학로),서울특별시 종로구 창경궁로 258 - 9
134,홍익대 대학로 아트센터,대극장,702,5,4,382,144476,민간(대학로),서울특별시 종로구 대학로 57 (연건동)
135,홍익대 대학로 아트센터,소극장,150,11,10,144,7204,민간(대학로),서울특별시 종로구 대학로 57 (연건동)
136,홍익대 대학로 아트센터,합계,852,16,14,526,151680,민간(대학로),서울특별시 종로구 대학로 57 (연건동)
143,도토리씨어터,너목들 2관,106,1,1,267,88128,민간(대학로),서울특별시 종로구 대학로12길 63(동숭동)
144,도토리씨어터,핫식스 1관,126,1,1,240,56684,민간(대학로),서울특별시 종로구 대학로12길 63(동숭동)
145,도토리씨어터,합계,232,2,2,507,144812,민간(대학로),서울특별시 종로구 대학로12길 63(동숭동)
149,국립중앙박물관 극장 용,합계,805,11,10,390,139746,국립,서울특별시 용산구 서빙고로 137 (용산동6가)
155,신한pLay 스퀘어 (구. 신한카드 판스퀘어),라이브홀,424,29,28,345,87042,민간(대학로 외),서울특별시 마포구 양화로11길 60 (서교동)
156,신한pLay 스퀘어 (구. 신한카드 판스퀘어),드림홀,299,1,0,642,40518,민간(대학로 외),서울특별시 마포구 양화로11길 60 (서교동)
157,신한pLay 스퀘어 (구. 신한카드 판스퀘어),합계,723,30,28,987,127560,민간(대학로 외),서울특별시 마포구 양화로11길 60 (서교동)
168,호은아트홀(구 키득키득아트홀),합계,200,1,0,480,117333,민간(대학로),서울특별시 종로구 동숭길 41 (동숭동)
173,콘텐츠박스(구. 르메이에르 씨어터),합계,197,1,0,879,107017,민간(대학로),서울특별시 종로구 동숭길 55 (동숭동)
174,링크아트센터,페이코홀,500,10,10,214,59111,민간(대학로),서울특별시 종로구 대학로14길 29(혜화동)
175,링크아트센터,벅스홀,400,14,14,211,46979,민간(대학로),서울특별시 종로구 대학로14길 29(혜화동)
176,링크아트센터,합계,900,24,24,425,106090,민간(대학로),서울특별시 종로구 대학로14길 29(혜화동)
182,서경대학교 공연예술센터,스콘1관,352,6,6,279,59234,민간(대학로),서울특별시 종로구 동숭길 148 (혜화동)
183,서경대학교 공연예술센터,스콘2관,264,10,9,352,45542,민간(대학로),서울특별시 종로구 동숭길 148 (혜화동)
184,서경대학교 공연예술센터,합계,616,16,15,631,104776,민간(대학로),서울특별시 종로구 동숭길 148 (혜화동)
190,예스24 라이브홀 (구. 악스코리아),합계,2500,62,62,90,94499,민간(대학로 외),서울특별시 광진구 구천면로 20 (광장동)
191,국립국악원,예악당,706,54,54,85,46408,국립,서울특별시 서초구 남부순환로 2364 (서초동) 국립국악원
192,국립국악원,우면당,231,72,70,126,25699,국립,서울특별시 서초구 남부순환로 2364 (서초동) 국립국악원
193,국립국악원,풍류사랑방,130,91,90,172,21458,국립,서울특별시 서초구 남부순환로 2364 (서초동) 국립국악원
194,국립국악원,연희마당,700,1,1,1,664,국립,서울특별시 서초구 남부순환로 2364 (서초동) 국립국악원
195,국립국악원,진악당(폐관),600,0,0,0,0,국립,서울특별시 서초구 남부순환로 2364 (서초동) 국립국악원
196,국립국악원,합계,2367,218,215,384,94229,국립,서울특별시 서초구 남부순환로 2364 (서초동) 국립국악원
200,유니버설아트센터,합계,1084,15,14,294,93491,민간(대학로 외),서울특별시 광진구 천호대로 664 (능동)
205,플러스씨어터(구. 컬처스페이스 엔유 구. 쁘티첼 씨어터),합계,359,4,3,394,85347,민간(대학로),서울특별시 종로구 대학로12길 73 (동숭동)
214,두산아트센터,연강홀,622,6,5,305,71422,민간(대학로 외),서울특별시 종로구 종로33길 15 (연지동)
215,두산아트센터,Space111,0,20,20,151,11928,민간(대학로 외),서울특별시 종로구 종로33길 15 (연지동)
216,두산아트센터,로비,0,0,0,0,0,민간(대학로 외),서울특별시 종로구 종로33길 15 (연지동)
217,두산아트센터,합계,622,26,25,456,83350,민간(대학로 외),서울특별시 종로구 종로33길 15 (연지동)
218,해피씨어터,합계,250,1,0,1293,78604,민간(대학로),서울특별시 종로구 대학로10길 5 (동숭동)
219,오마이갓 전용관,합계,78,1,1,177,78198,민간(대학로),서울특별시 종로구 동숭길 68 (동숭동)
220,장충체육관,합계,4507,16,16,31,78082,공공(기타),서울특별시 중구 동호로 241 (장충동2가) 
221,한전아트센터,합계,999,6,6,221,77492,공공(기타),서울특별시 서초구 효령로72길 60 (서초동)
232,난지한강공원,난지한강공원,0,8,8,16,69608,공공(기타),서울특별시 마포구 한강난지로 162 (상암동)
233,난지한강공원,젊음의 광장,0,2,2,7,3730,공공(기타),서울특별시 마포구 한강난지로 162 (상암동)
234,난지한강공원,합계,0,10,10,23,73338,공공(기타),서울특별시 마포구 한강난지로 162 (상암동)
253,KT&G 상상마당 대치아트홀,합계,422,14,13,383,62578,민간(대학로 외),서울특별시 강남구 영동대로 416 (대치동)
255,마포아트센터,아트홀맥,733,79,79,146,58090,공공(문예회관),서울특별시 마포구 대흥로20길 28 (대흥동)
256,마포아트센터,플레이맥,201,17,17,18,2446,공공(문예회관),서울특별시 마포구 대흥로20길 28 (대흥동)
257,마포아트센터,스튜디오3,120,0,0,0,0,공공(문예회관),서울특별시 마포구 대흥로20길 28 (대흥동)
258,마포아트센터,합계,1054,96,96,164,60536,공공(문예회관),서울특별시 마포구 대흥로20길 28 (대흥동)
259,아트포레스트 아트홀,1관,212,1,0,484,46921,민간(대학로),서울특별시 종로구 대학로12길 22 (동숭동)
260,아트포레스트 아트홀,2관,155,2,1,559,12610,민간(대학로),서울특별시 종로구 대학로12길 22 (동숭동)
261,아트포레스트 아트홀,합계,367,3,1,1043,59531,민간(대학로),서울특별시 종로구 대학로12길 22 (동숭동)
262,브릭스씨어터 (구. 콘텐츠 그라운드 구. 브로드웨이아트홀 [3관]),합계,202,3,3,952,59221,민간(대학로),서울특별시 종로구 대학로8길 25 (동숭동)
270,이화여자대학교 삼성홀,합계,708,11,10,240,56992,민간(대학로 외),서울특별시 서대문구 이화여대길 52 (대현동)
283,KBS스포츠월드(아레나),합계,2222,22,22,30,56333,공공(기타),서울특별시 강서구 공항대로 376 (화곡동) kbs스포츠월드
292,꿈의숲아트센터,콘서트홀,301,182,182,189,37031,공공(기타),서울특별시 강북구 월계로 173 (번동)
293,꿈의숲아트센터,퍼포먼스홀,283,36,36,108,17708,공공(기타),서울특별시 강북구 월계로 173 (번동)
294,꿈의숲아트센터,야외 볼프라자,0,0,0,0,0,공공(기타),서울특별시 강북구 월계로 173 (번동)
295,꿈의숲아트센터,합계,584,218,218,297,54739,공공(기타),서울특별시 강북구 월계로 173 (번동)
324,대학로 자유극장 (자유문화발전소),합계,233,9,8,415,47885,민간(대학로),서울특별시 종로구 대학로12길 31 (동숭동)
325,"정극장 (구. M시어터, 구.하모니아트홀)",합계,120,1,0,1080,47605,민간(대학로),서울특별시 종로구 대학로12길 69 (동숭동)
333,국립정동극장,국립정동극장,326,23,22,281,46640,국립,서울특별시 중구 정동길 43 (정동)
334,국립정동극장,정동마루,60,1,1,1,50,국립,서울특별시 중구 정동길 43 (정동)
335,국립정동극장,합계,386,24,23,282,46690,국립,서울특별시 중구 정동길 43 (정동)
336,경희대학교 평화의전당,합계,4500,10,10,38,46589,민간(대학로 외),서울특별시 동대문구 경희대로6길 7-13 (회기동)
337,나루아트센터,대공연장,601,34,33,255,44211,공공(문예회관),서울특별시 광진구 능동로 76 (자양동)
338,나루아트센터,소공연장,167,5,5,32,2244,공공(문예회관),서울특별시 광진구 능동로 76 (자양동)
339,나루아트센터,갤러리(전시실),0,0,0,0,0,공공(문예회관),서울특별시 광진구 능동로 76 (자양동)
340,나루아트센터,합계,768,39,38,287,46455,공공(문예회관),서울특별시 광진구 능동로 76 (자양동)
341,강동아트센터,대극장 한강,862,39,39,81,37446,공공(문예회관),서울특별시 강동구 동남로 870 (상일동)
342,강동아트센터,소극장 드림,254,30,30,73,8076,공공(문예회관),서울특별시 강동구 동남로 870 (상일동)
343,강동아트센터,스튜디오#1,100,0,0,0,0,공공(문예회관),서울특별시 강동구 동남로 870 (상일동)
344,강동아트센터,스튜디오#3(폐관),40,0,0,0,0,공공(문예회관),서울특별시 강동구 동남로 870 (상일동)
345,강동아트센터,잔디마당(바람꽃마당)(폐관),2000,0,0,0,0,공공(문예회관),서울특별시 강동구 동남로 870 (상일동)
346,강동아트센터,합계,3256,69,69,154,45522,공공(문예회관),서울특별시 강동구 동남로 870 (상일동)
351,큐씨어터(구. 수상한흥신소전용관),합계,250,2,0,608,43908,민간(대학로),서울특별시 종로구 대학로8가길 79 (동숭동)
376,백암아트홀,합계,417,17,16,385,40395,민간(대학로 외),서울특별시 강남구 테헤란로113길 7 (삼성동)
377,성균관대학교 새천년홀,합계,754,4,4,107,38568,민간(대학로 외),서울특별시 종로구 성균관로 25 - 2
391,국립극단 [명동],합계,558,9,9,123,36947,국립,서울특별시 중구 명동길 35 (명동1가)
398,JTN 아트홀(구. 대학로예술마당),1관,230,4,3,406,14166,민간(대학로),서울특별시 종로구 이화장길 26 (이화동) 
399,JTN 아트홀(구. 대학로예술마당),4관,208,2,0,342,12265,민간(대학로),서울특별시 종로구 이화장길 26 (이화동) 
400,JTN 아트홀(구. 대학로예술마당),2관,210,1,0,329,7390,민간(대학로),서울특별시 종로구 이화장길 26 (이화동) 
401,JTN 아트홀(구. 대학로예술마당),3관,208,2,0,181,2962,민간(대학로),서울특별시 종로구 이화장길 26 (이화동) 
402,JTN 아트홀(구. 대학로예술마당),합계,856,9,3,1258,36783,민간(대학로),서울특별시 종로구 이화장길 26 (이화동) 
403,컬쳐씨어터(구. 휴먼시어터),합계,120,1,0,910,36544,민간(대학로),서울특별시 종로구 대학로8가길 80 (동숭동)
404,연세대학교 백주년기념관,합계,829,38,38,75,35852,민간(대학로 외),서울특별시 서대문구 연세로 50 (신촌동)
412,JS아트홀 (구. 고스트씨어터 구.다소니씨어터),합계,194,1,0,840,34753,민간(대학로),서울특별시 종로구 동숭길 94 (동숭동)
415,세우아트센터,1관,168,2,1,816,31767,민간(대학로),서울특별시 종로구 대학로12길 49 (동숭동)
416,세우아트센터,2관,102,6,5,119,2502,민간(대학로),서울특별시 종로구 대학로12길 49 (동숭동)
417,세우아트센터,합계,270,8,6,935,34269,민간(대학로),서울특별시 종로구 대학로12길 49 (동숭동)
418,대학로예술극장,대극장,504,35,34,123,17824,국립,서울특별시 종로구 대학로10길 17 (동숭동)
419,대학로예술극장,소극장,132,31,30,202,16092,국립,서울특별시 종로구 대학로10길 17 (동숭동)
420,대학로예술극장,3관 [폐관],163,0,0,0,0,국립,서울특별시 종로구 대학로10길 17 (동숭동)
421,대학로예술극장,합계,799,66,64,325,33916,국립,서울특별시 종로구 대학로10길 17 (동숭동)
423,노들섬,라이브하우스,750,50,50,83,26099,공공(기타),서울특별시 용산구 양녕로 445 (이촌동)
424,노들섬,잔디마당,616,2,2,4,4608,공공(기타),서울특별시 용산구 양녕로 445 (이촌동)
425,노들섬,다목적 홀: 숲,0,4,4,7,2219,공공(기타),서울특별시 용산구 양녕로 445 (이촌동)
426,노들섬,3층 테라스,0,1,1,3,457,공공(기타),서울특별시 용산구 양녕로 445 (이촌동)
427,노들섬,뮤직라운지: 류,0,0,0,0,0,공공(기타),서울특별시 용산구 양녕로 445 (이촌동)
428,노들섬,합계,1366,57,57,97,33383,공공(기타),서울특별시 용산구 양녕로 445 (이촌동)
436,예그린씨어터,합계,202,7,6,391,32231,민간(대학로),서울특별시 종로구 동숭길 130-5 (동숭동)
445,댕로홀,합계,83,2,0,1203,31400,민간(대학로),서울특별시 종로구 대학로12길 50 (동숭동)
457,아스가르드 씨어터(구. 낙산씨어터),합계,100,1,0,916,29854,민간(대학로),서울특별시 종로구 동숭길 140(혜화동)
462,"파랑씨어터 (구. 도향아트홀, 뮤디스홀)",합계,163,1,0,549,29238,민간(대학로),서울특별시 종로구 대학로8가길 36 (동숭동)
492,소월아트홀(성동문화회관),합계,520,27,26,130,25776,공공(문예회관),서울특별시 성동구 왕십리로 281
496,올래홀,합계,175,1,0,872,24906,민간(대학로),서울특별시 종로구 대학로10길 24 (동숭동)
501,바탕골소극장,합계,192,1,0,788,23953,민간(대학로),서울특별시 종로구 대학로10길 5 (동숭동)
506,무신사 개러지(구. 왓챠홀),합계,230,49,49,68,23553,민간(대학로 외),서울특별시 마포구 잔다리로 32(서교동)
524,종로아이들극장,합계,281,34,33,210,22148,공공(기타),서울특별시 종로구 성균관로 91 - 0 국민생활관
529,용산아트홀,대극장 미르,787,14,13,109,20402,공공(문예회관),서울특별시 용산구 녹사평대로 150(이태원동 34-87)
530,용산아트홀,소극장 가람,304,3,3,11,1471,공공(문예회관),서울특별시 용산구 녹사평대로 150(이태원동 34-87)
531,용산아트홀,합계,1091,17,16,120,21873,공공(문예회관),서울특별시 용산구 녹사평대로 150(이태원동 34-87)
532,남산골한옥마을,서울남산국악당 크라운해태홀,302,37,36,117,21128,공공(기타),서울특별시 중구 퇴계로34길 28 (필동2가)
533,남산골한옥마을,서울남산국악당 야외마당,0,2,2,30,343,공공(기타),서울특별시 중구 퇴계로34길 28 (필동2가)
534,남산골한옥마을,민씨가옥,50,2,2,6,198,공공(기타),서울특별시 중구 퇴계로34길 28 (필동2가)
535,남산골한옥마을,체험실,0,2,2,8,94,공공(기타),서울특별시 중구 퇴계로34길 28 (필동2가)
536,남산골한옥마을,일대,0,0,0,0,0,공공(기타),서울특별시 중구 퇴계로34길 28 (필동2가)
537,남산골한옥마을,천우각무대,100,0,0,0,0,공공(기타),서울특별시 중구 퇴계로34길 28 (필동2가)
538,남산골한옥마을,합계,452,43,42,161,21763,공공(기타),서울특별시 중구 퇴계로34길 28 (필동2가)
547,연극플레이스 혜화,합계,0,1,1,821,21419,민간(대학로),서울특별시 종로구 대학로8가길 111(동숭동)
549,상상나라극장,합계,212,12,11,234,21200,민간(대학로 외),서울특별시 광진구 능동로 216 (능동)
550,롤링홀,합계,200,125,125,136,21128,민간(대학로 외),서울특별시 마포구 어울마당로 35 (서교동) 지하 1층
569,동덕여대공연예술센터,합계,430,6,5,161,20874,민간(대학로),서울특별시 종로구 동숭길 126 (동숭동)
570,명동난타극장,합계,386,1,0,507,20841,민간(대학로 외),서울특별시 중구 명동길 26 (명동2가)
572,동국대학교,합계,302,7,6,146,20257,민간(대학로 외),서울특별시 중구 필동로1길 30 (필동3가)
575,아르코예술극장,소극장,110,35,35,192,10818,국립,서울특별시 종로구 대학로8길 7 (동숭동)
576,아르코예술극장,대극장,600,21,20,51,9101,국립,서울특별시 종로구 대학로8길 7 (동숭동)
577,아르코예술극장,스튜디오 다락,0,1,1,5,148,국립,서울특별시 종로구 대학로8길 7 (동숭동)
578,아르코예술극장,1층 로비,0,0,0,0,0,국립,서울특별시 종로구 대학로8길 7 (동숭동)
579,아르코예술극장,3층 테라스,0,0,0,0,0,국립,서울특별시 종로구 대학로8길 7 (동숭동)
580,아르코예술극장,합계,710,57,56,248,20067,국립,서울특별시 종로구 대학로8길 7 (동숭동)
594,양천문화회관,대극장,684,26,26,67,18884,공공(문예회관),서울특별시 양천구 목동서로 367 (신정동)
595,양천문화회관,해누리홀,406,0,0,0,0,공공(문예회관),서울특별시 양천구 목동서로 367 (신정동)
596,양천문화회관,해바라기홀,230,0,0,0,0,공공(문예회관),서울특별시 양천구 목동서로 367 (신정동)
597,양천문화회관,합계,1320,26,26,67,18884,공공(문예회관),서울특별시 양천구 목동서로 367 (신정동)
601,현대백화점 문화홀 [미아],합계,480,7,7,131,18805,민간(대학로 외),서울특별시 성북구 동소문로 315 (길음동)
603,학전,블루소극장,194,8,7,214,18593,민간(대학로),서울특별시 종로구 대학로12길 46 (동숭동)
604,학전,그린소극장(폐관),180,0,0,0,0,민간(대학로),서울특별시 종로구 대학로12길 46 (동숭동)
605,학전,합계,374,8,7,214,18593,민간(대학로),서울특별시 종로구 대학로12길 46 (동숭동)
617,한국방송회관 코바코홀 (구. 브로드홀),합계,290,13,12,270,18086,공공(기타),서울특별시 양천구 목동동로 233 (목동) 한국방송회관
618,현대백화점 문화홀 [천호],합계,400,7,7,149,18055,민간(대학로 외),서울특별시 강동구 천호대로 1005 (천호동)
619,세종대학교 대양홀,합계,2029,12,12,23,17966,민간(대학로 외),서울특별시 광진구 능동로 209 (군자동)
621,구로아트밸리,합계,579,45,45,67,17201,공공(문예회관),서울특별시 구로구 가마산로25길 9-24 (구로동)
627,국립정동극장 세실 (구.세실극장),합계,234,14,14,128,16878,국립,서울특별시 중구 세종대로19길 16 (정동)
639,국립극단 [용산],백성희장민호극장,182,5,5,89,11976,국립,서울특별시 용산구 청파로 373 (서계동)
640,국립극단 [용산],소극장판,100,8,8,73,3494,국립,서울특별시 용산구 청파로 373 (서계동)
641,국립극단 [용산],스튜디오 둘,50,3,3,6,283,국립,서울특별시 용산구 청파로 373 (서계동)
642,국립극단 [용산],등나무,0,2,2,4,189,국립,서울특별시 용산구 청파로 373 (서계동)
643,국립극단 [용산],블록블록 극장,0,2,2,4,188,국립,서울특별시 용산구 청파로 373 (서계동)
644,국립극단 [용산],작은숲속 극장,0,1,1,2,74,국립,서울특별시 용산구 청파로 373 (서계동)
645,국립극단 [용산],스튜디오하나,0,0,0,0,0,국립,서울특별시 용산구 청파로 373 (서계동)
646,국립극단 [용산],야외마당,0,0,0,0,0,국립,서울특별시 용산구 청파로 373 (서계동)
647,국립극단 [용산],합계,332,21,21,178,16204,국립,서울특별시 용산구 청파로 373 (서계동)
659,광야아트센터,합계,212,2,1,211,15827,민간(대학로 외),서울특별시 강남구 선릉로 806 (청담동)
669,금나래아트홀,합계,552,33,33,78,15307,공공(문예회관),서울특별시 금천구 시흥대로73길 70 (시흥동)
670,CJ아지트 대학로 (구. SM아트홀),합계,190,5,5,146,15289,민간(대학로),서울특별시 종로구 대학로12길 69 (동숭동)
671,성수아트홀(성수문화복지회관),합계,350,21,21,112,15282,공공(문예회관),서울특별시 성동구 뚝섬로1길 43 (성수동1가)
676,하마씨어터(구. 가든씨어터),합계,190,4,2,508,14935,민간(대학로),서울특별시 종로구 대학로10길 15 - 11
678,한성아트홀(구. 인켈아트홀),1관,245,12,11,183,10921,민간(대학로),서울특별시 종로구 창경궁로 254 (명륜2가)
679,한성아트홀(구. 인켈아트홀),2관,155,16,16,186,3839,민간(대학로),서울특별시 종로구 창경궁로 254 (명륜2가)
680,한성아트홀(구. 인켈아트홀),합계,400,28,27,369,14760,민간(대학로),서울특별시 종로구 창경궁로 254 (명륜2가)
684,잠실학생체육관,합계,5400,3,3,7,14729,공공(기타),서울특별시 송파구 올림픽로 25 (잠실동)
685,KT&G 상상마당 라이브홀 [마포],합계,185,86,86,100,14047,민간(대학로 외),서울특별시 마포구 어울마당로 65 (서교동)
689,아티스탄홀,합계,300,4,1,501,13834,민간(대학로),서울특별시 종로구 대학로 132 (동숭동)
690,entry55,합계,88,5,5,437,13777,민간(대학로 외),서울특별시 동작구 동작대로1길 18(사당동)
692,금호아트홀 연세,합계,390,396,396,401,13679,민간(대학로 외),서울특별시 서대문구 연세로 50 (신촌동) 연세대학교 백양누리 B1 금호아트홀 연세
696,후암씨어터(콘텐츠룸),합계,209,6,6,177,13599,민간(대학로),서울특별시 종로구 대학로11길 23 (명륜4가)
705,씨어터조이 (구. 마당세실극장),합계,80,17,16,340,12903,민간(대학로),서울특별시 종로구 이화장길 78 (동숭동)
721,롯데백화점 [영등포],합계,374,10,10,122,12358,민간(대학로 외),서울특별시 영등포구 경인로 846 (영등포동 618-496)
734,달밤엔씨어터,합계,111,5,1,549,12138,민간(대학로),서울특별시 종로구 대학로14길 18-2 (혜화동)
735,서대문문화체육회관,대극장,589,20,20,67,11957,공공(문예회관),서울특별시 서대문구 백련사길 39 (홍은동)
736,서대문문화체육회관,소극장,150,0,0,0,0,공공(문예회관),서울특별시 서대문구 백련사길 39 (홍은동)
737,서대문문화체육회관,합계,739,20,20,67,11957,공공(문예회관),서울특별시 서대문구 백련사길 39 (홍은동)
739,대원 팝콘D 스퀘어,합계,196,26,24,221,11917,민간(대학로 외),서울특별시 용산구 한강대로23길 55 (한강로3가)
746,광운대학교 동해문화예술관,대극장,2029,7,7,11,11594,민간(대학로 외),서울특별시 노원구 광운로 20(월계동)
747,광운대학교 동해문화예술관,소극장,403,1,1,2,104,민간(대학로 외),서울특별시 노원구 광운로 20(월계동)
748,광운대학교 동해문화예술관,합계,2432,8,8,13,11698,민간(대학로 외),서울특별시 노원구 광운로 20(월계동)
752,반포심산아트홀,합계,405,48,48,60,11553,공공(기타),서울특별시 서초구 사평대로 55 (반포동) 
755,대학로 스카이씨어터,대학로 스카이씨어터 2관(5층 구 JK아트홀),140,6,6,251,6452,민간(대학로),서울특별시 종로구 대학로8가길 52 (동숭동)
756,대학로 스카이씨어터,대학로 스카이씨어터 1관,160,1,0,144,4643,민간(대학로),서울특별시 종로구 대학로8가길 52 (동숭동)
757,대학로 스카이씨어터,합계,300,7,6,395,11095,민간(대학로),서울특별시 종로구 대학로8가길 52 (동숭동)
758,스튜디오 블루,합계,0,9,8,281,11089,민간(대학로),서울특별시 종로구 대학로8가길 80(동숭동)
759,서울문화재단 대학로극장 쿼드(예술청),서울문화재단 대학로극장 쿼드(예술청),372,30,30,136,10929,공공(문예회관),서울특별시 종로구 동숭길 122(동숭동)
760,서울문화재단 대학로극장 쿼드(예술청),프로젝트룸(5층),50,1,1,4,10,공공(문예회관),서울특별시 종로구 동숭길 122(동숭동)
761,서울문화재단 대학로극장 쿼드(예술청),합계,422,31,31,140,10939,공공(문예회관),서울특별시 종로구 동숭길 122(동숭동)
763,로운아뜨리움(로운아트홀),로운아트홀,619,5,5,32,10699,민간(대학로 외),서울특별시 양천구 목동서로 225 (목동)
764,로운아뜨리움(로운아트홀),로운갤러리,162,0,0,0,0,민간(대학로 외),서울특별시 양천구 목동서로 225 (목동)
765,로운아뜨리움(로운아트홀),아뜨리움홀,200,0,0,0,0,민간(대학로 외),서울특별시 양천구 목동서로 225 (목동)
766,로운아뜨리움(로운아트홀),합계,981,5,5,32,10699,민간(대학로 외),서울특별시 양천구 목동서로 225 (목동)
767,서강대 메리홀,대극장,428,24,24,53,8881,민간(대학로 외),서울특별시 마포구 백범로 35 서강대학교
768,서강대 메리홀,소극장,100,8,8,42,1809,민간(대학로 외),서울특별시 마포구 백범로 35 서강대학교
769,서강대 메리홀,합계,528,32,32,95,10690,민간(대학로 외),서울특별시 마포구 백범로 35 서강대학교
779,초록씨어터,합계,160,2,1,393,10578,민간(대학로),서울특별시 종로구 대학로 128(동숭동)
784,구름아래소극장,합계,200,64,64,86,10264,민간(대학로 외),서울특별시 마포구 와우산로29가길 15 (서교동)
796,송파브이아트홀,합계,101,3,1,472,9988,민간(대학로 외),서울특별시 송파구 오금로 513 (거여동)
812,우란2경,우란2경,120,4,4,89,9684,민간(대학로 외),서울특별시 성동구 연무장7길 11 (성수동2가)
813,우란2경,리허설룸,0,0,0,0,0,민간(대학로 외),서울특별시 성동구 연무장7길 11 (성수동2가)
814,우란2경,합계,120,4,4,89,9684,민간(대학로 외),서울특별시 성동구 연무장7길 11 (성수동2가)
815,성북미디어문화마루 꿈빛극장,합계,320,46,46,106,9614,민간(대학로 외),서울특별시 성북구 길음로7길 20 (길음동)
817,업스테이지(UP Stage),합계,153,3,1,576,9508,민간(대학로),서울특별시 종로구 동숭길 41 (동숭동) 
822,마루아트홀,합계,118,1,0,363,9293,민간(대학로),서울특별시 종로구 대학로8가길 30 (동숭동)
838,영산아트홀,합계,598,214,214,224,8897,민간(대학로 외),서울특별시 영등포구 여의공원로 101 (여의도동)
840,한국콘텐츠진흥원 CKL스테이지,합계,190,14,14,127,8747,국립,서울특별시 중구 청계천로 40
841,벨로주 [홍대] (구. 왓에버),합계,123,90,90,116,8664,민간(대학로 외),서울특별시 마포구 잔다리로 46 (서교동)
843,도봉구민회관,대강당(하모니홀),552,18,18,65,8448,공공(문예회관),서울특별시 도봉구 도봉로 552 (창동)
844,도봉구민회관,소공연장,190,0,0,0,0,공공(문예회관),서울특별시 도봉구 도봉로 552 (창동)
845,도봉구민회관,합계,742,18,18,65,8448,공공(문예회관),서울특별시 도봉구 도봉로 552 (창동)
846,"아루또소극장(구. 소담소극장, 구. 코메디컬센터)",합계,97,1,0,452,8337,민간(대학로),서울특별시 종로구 대학로8가길 48 (동숭동)
847,우리소극장 [대학로],합계,0,8,5,396,8246,민간(대학로),서울특별시 종로구 이화장길 86-11(동숭동)
853,서울돈화문국악당,합계,140,91,91,113,8094,공공(기타),서울특별시 종로구 율곡로 102 - 0
873,노원어린이극장(구.노원어울림극장),합계,282,14,14,75,7719,공공(기타),서울특별시 노원구 노해로 502 (상계동)
875,웨스트브릿지 라이브홀,합계,150,59,59,74,7683,민간(대학로 외),서울특별시 마포구 와우산로25길 6 (서교동)
879,노원문화예술회관,대공연장,608,17,17,19,6581,공공(문예회관),서울특별시 노원구 중계로 181 (중계동)
880,노원문화예술회관,소공연장,292,5,5,5,1028,공공(문예회관),서울특별시 노원구 중계로 181 (중계동)
881,노원문화예술회관,합계,900,22,22,24,7609,공공(문예회관),서울특별시 노원구 중계로 181 (중계동)
882,지즐소극장,합계,84,1,0,464,7562,민간(대학로),서울특별시 종로구 성균관로4길 42 (명륜2가)
891,연세대학교 대강당,합계,1641,2,2,5,7442,민간(대학로 외),서울특별시 서대문구 연세로 50 (신촌동)
896,현대카드 언더스테이지,스튜디오,350,28,28,36,5851,민간(대학로 외),서울특별시 용산구 이태원로 246 (한남동) 
897,현대카드 언더스테이지,Vinyl ＆ Plastic(뮤직라이브러리),25,6,6,8,1498,민간(대학로 외),서울특별시 용산구 이태원로 246 (한남동) 
898,현대카드 언더스테이지,합계,375,34,34,44,7349,민간(대학로 외),서울특별시 용산구 이태원로 246 (한남동) 
906,미마지아트센터,눈빛극장,282,6,6,77,4170,민간(대학로),서울특별시 종로구 혜화로 17 (명륜1가)
907,미마지아트센터,풀빛극장(오아시스극장),0,2,1,261,1950,민간(대학로),서울특별시 종로구 혜화로 17 (명륜1가)
908,미마지아트센터,물빛극장,0,19,18,148,973,민간(대학로),서울특별시 종로구 혜화로 17 (명륜1가)
909,미마지아트센터,합계,282,27,25,486,7093,민간(대학로),서울특별시 종로구 혜화로 17 (명륜1가)
910,관악아트홀(구. 관악문화관),합계,698,12,12,26,7046,공공(문예회관),서울특별시 관악구 신림로3길 35 (신림동)
914,성신여자대학교 운정그린캠퍼스 대강당,합계,738,10,9,17,6989,민간(대학로 외),서울특별시 강북구 도봉로76가길 55 (미아동)
931,북아현아트홀,합계,206,7,7,85,6655,공공(기타),서울특별시 서대문구 북아현로 51(북아현동)
935,이화여고 100주년 기념관,합계,433,2,2,36,6555,민간(대학로 외),서울특별시 중구 정동길 26 (정동)
936,레미어린이극장 [금천],합계,194,12,11,225,6541,민간(대학로 외),서울특별시 금천구 두산로 71 (독산동)
937,한양레퍼토리씨어터,합계,0,12,11,157,6522,민간(대학로),서울특별시 종로구 대학로 144 (혜화동) 중원빌딩 지하1층
942,더 줌 아트센터,합계,128,6,6,67,6359,민간(대학로 외),서울특별시 용산구 독서당로 111 (한남동)
950,구로구민회관,합계,531,13,13,37,6349,공공(문예회관),서울특별시 구로구 가마산로25길 21 (구로동)
951,맛있는 극장,합계,90,1,0,529,6331,민간(대학로),서울특별시 종로구 혜화로 4 (혜화동)
972,해바라기소극장(구. 훈아트홀),합계,61,1,0,478,6042,민간(대학로),서울특별시 종로구 동숭길 76 (동숭동)
983,SH아트홀,합계,262,4,4,216,5908,민간(대학로),서울특별시 종로구 동숭길 25 (동숭동)
986,씨어터 쿰,합계,111,27,26,241,5868,민간(대학로),서울특별시 종로구 창경궁로 253-7 (명륜2가)
995,은평문화예술회관,공연장,701,17,17,44,5806,공공(문예회관),서울특별시 은평구 녹번로 16 (녹번동)
996,은평문화예술회관,숲속극장,350,1,1,2,3,공공(문예회관),서울특별시 은평구 녹번로 16 (녹번동)
997,은평문화예술회관,합계,1051,18,18,46,5809,공공(문예회관),서울특별시 은평구 녹번로 16 (녹번동)
999,소극장 선물,합계,0,1,1,62,5743,민간(대학로),서울특별시 종로구 동숭길 145 (동숭동)
1000,제이엘 씨어터,합계,130,2,2,173,5716,민간(대학로 외),서울특별시 마포구 어울마당로 94-8(서교동)
1001,노원구민의전당(구. 노원구민회관),합계,679,17,17,50,5657,공공(기타),서울특별시 노원구 동일로 1229 (중계동)
1002,더 씨어터,합계,96,6,6,99,5653,민간(대학로),서울특별시 종로구 대학로3길 10 (효제동) 고운빌딩
1006,CJ아지트 광흥창,합계,250,63,63,73,5558,민간(대학로 외),서울특별시 마포구 창전로 14 (신정동) CJ아지트
1007,예림당아트홀,합계,468,6,5,54,5543,민간(대학로 외),서울특별시 강남구 언주로 337 (역삼동)
1012,공간아울,합계,172,32,31,279,5500,민간(대학로),서울특별시 종로구 대학로 120 (동숭동)
1013,지인시어터(구. 알과핵소극장),합계,176,12,12,164,5486,민간(대학로),서울특별시 종로구 동숭길 25 (동숭동)
1024,굿씨어터,합계,369,9,9,25,5367,민간(대학로),서울특별시 종로구 대학로 144 (혜화동)
1026,사랑의교회,합계,0,1,1,2,5314,기타(비공연장),서울특별시 서초구 반포대로 121(서초동)
1029,영등포아트홀,합계,526,13,13,30,5206,공공(문예회관),서울특별시 영등포구 국회대로 596 (당산동3가)
1030,민송아트홀 (구. 브로드웨이아트홀),1관,272,29,28,94,3722,민간(대학로),서울특별시 종로구 대학로 144 (혜화동) 중원빌딩 6층
1031,민송아트홀 (구. 브로드웨이아트홀),2관,194,14,14,84,1483,민간(대학로),서울특별시 종로구 대학로 144 (혜화동) 중원빌딩 6층
1032,민송아트홀 (구. 브로드웨이아트홀),합계,466,43,42,178,5205,민간(대학로),서울특별시 종로구 대학로 144 (혜화동) 중원빌딩 6층
1040,흰물결아트센터,화이트홀,475,6,6,22,5127,민간(대학로 외),서울특별시 서초구 반포대로 150 (서초동)
1041,흰물결아트센터,아트홀,200,0,0,0,0,민간(대학로 외),서울특별시 서초구 반포대로 150 (서초동)
1042,흰물결아트센터,예술극장,300,0,0,0,0,민간(대학로 외),서울특별시 서초구 반포대로 150 (서초동)
1043,흰물결아트센터,합계,975,6,6,22,5127,민간(대학로 외),서울특별시 서초구 반포대로 150 (서초동)
1044,JCC 아트센터,콘서트홀,175,61,61,71,5104,민간(대학로),서울특별시 종로구 창경궁로35길 29 (혜화동) JCC 아트센터
1045,JCC 아트센터,4전시장,0,0,0,0,0,민간(대학로),서울특별시 종로구 창경궁로35길 29 (혜화동) JCC 아트센터
1046,JCC 아트센터,오디토리움,0,0,0,0,0,민간(대학로),서울특별시 종로구 창경궁로35길 29 (혜화동) JCC 아트센터
1047,JCC 아트센터,크리에이티브 스튜디오,0,0,0,0,0,민간(대학로),서울특별시 종로구 창경궁로35길 29 (혜화동) JCC 아트센터
1048,JCC 아트센터,합계,175,61,61,71,5104,민간(대학로),서울특별시 종로구 창경궁로35길 29 (혜화동) JCC 아트센터
1049,소극장 창덕궁,합계,80,13,11,168,5092,민간(대학로 외),서울특별시 종로구 창경궁로 227(명륜4가)
1050,건국대학교 새천년관,합계,805,12,12,15,5060,민간(대학로 외),서울특별시 광진구 능동로 120 (화양동) 건국대학교
1053,강동구민회관,합계,608,8,8,23,4937,공공(기타),서울특별시 강동구 상암로 168 (천호동) 강동구민회관
1059,SPACE BRICK (스페이스브릭),합계,0,64,64,70,4856,민간(대학로 외),서울특별시 마포구 잔다리로 31(서교동)
1060,오류아트홀,합계,365,12,12,26,4847,공공(기타),서울특별시 구로구 경인로20가길 38 (오류동)
1061,북촌나래홀,합계,160,3,0,303,4826,민간(대학로 외),서울특별시 종로구 창덕궁길 29 - 38
1064,산울림소극장,합계,100,19,18,169,4774,민간(대학로 외),서울특별시 마포구 와우산로 157 (서교동)
1070,드림시어터 [대학로],합계,125,27,26,216,4662,민간(대학로),서울특별시 종로구 대학로10길 15 - 11
1078,아트하우스,합계,207,4,4,213,4581,민간(대학로),서울특별시 종로구 대학로10길 26(동숭동)
1097,선돌극장,합계,130,33,33,221,4182,민간(대학로),서울특별시 종로구 혜화로5길 5 (명륜1가)
1098,갈산문화예술센터,아이누리홀,200,7,7,50,4082,공공(문예회관),서울특별시 양천구 목동남로 106(신정동)
1099,갈산문화예술센터,아트홀,99,3,3,3,90,공공(문예회관),서울특별시 양천구 목동남로 106(신정동)
1100,갈산문화예술센터,합계,299,10,10,53,4172,공공(문예회관),서울특별시 양천구 목동남로 106(신정동)
1102,연우소극장,합계,80,16,15,188,4138,민간(대학로),서울특별시 종로구 창경궁로35길 21 (혜화동)
1108,열린극장,합계,160,21,20,194,4087,민간(대학로),서울특별시 종로구 창경궁로 258-12 (명륜2가)
1109,에이치씨어터,합계,180,1,0,297,4085,민간(대학로),서울특별시 종로구 이화장길 54 (이화동)
1110,명작극장 (구 아츠플레이씨어터),명작극장 (구 아츠플레이씨어터),173,8,3,317,3990,민간(대학로),서울특별시 종로구 대학로8가길 30 (동숭동)
1111,명작극장 (구 아츠플레이씨어터),명작극장(구. 명작극장 2관),203,2,2,20,71,민간(대학로),서울특별시 종로구 대학로8가길 30 (동숭동)
1112,명작극장 (구 아츠플레이씨어터),합계,376,10,5,337,4061,민간(대학로),서울특별시 종로구 대학로8가길 30 (동숭동)
1117,R&J씨어터(구. 연진아트홀),합계,130,15,15,305,4038,민간(대학로),서울특별시 종로구 낙산길 14 (동숭동)
1118,중랑구민회관,대공연장,494,9,9,26,4022,공공(기타),서울특별시 중랑구 면목로 238 (면목동)
1119,중랑구민회관,소공연장,120,0,0,0,0,공공(기타),서울특별시 중랑구 면목로 238 (면목동)
1120,중랑구민회관,합계,614,9,9,26,4022,공공(기타),서울특별시 중랑구 면목로 238 (면목동)
1130,클럽온에어,합계,0,70,70,83,3803,기타(비공연장),서울특별시 마포구 잔다리로 44(서교동)
1164,서초구청,합계,0,1,1,2,3574,국립,서울특별시 서초구 남부순환로 2584(서초동)
1165,"시온아트홀 (구. JK아트홀, 샘아트홀)",합계,134,18,18,200,3563,민간(대학로),서울특별시 종로구 대학로8가길 52 (동숭동)
1169,푸르지오아트홀,합계,283,47,47,61,3496,민간(대학로 외),서울특별시 중구 을지로 170 (을지로4가)
1173,경복궁아트홀,합계,180,7,6,97,3435,민간(대학로 외),서울특별시 종로구 자하문로 82 (효자동)
1178,나온씨어터,합계,95,28,27,200,3380,민간(대학로),서울특별시 종로구 혜화로9길 7 (명륜1가)
1185,코델아트홀,합계,120,18,18,215,3255,민간(대학로),서울특별시 종로구 동숭길 78 (동숭동) 지하1층
1194,맥거핀 서교,합계,0,6,5,261,3167,민간(대학로 외),서울특별시 마포구 양화로7길 28(서교동)
1201,한국가곡예술마을 나음아트홀,합계,120,3,2,237,2950,민간(대학로 외),서울특별시 강남구 논현로10길 28 (개포동)
1202,해오름 예술극장,합계,170,6,5,168,2949,민간(대학로),서울특별시 종로구 창경궁로 260 (명륜2가)
1203,꿈나무극장,합계,153,9,9,25,2894,공공(기타),서울특별시 구로구 구로동로26길 54 (구로동)
1204,여행자극장,합계,100,22,22,167,2878,민간(대학로),서울특별시 성북구 성북로5길 9-3 (성북동1가)
1213,상명아트센터,계당홀,1464,6,6,8,2832,민간(대학로 외),서울특별시 종로구 홍지문2길 20 (홍지동)
1214,상명아트센터,대신홀,317,1,1,1,2,민간(대학로 외),서울특별시 종로구 홍지문2길 20 (홍지동)
1215,상명아트센터,합계,1781,7,7,9,2834,민간(대학로 외),서울특별시 종로구 홍지문2길 20 (홍지동)
1222,이화여자대학교 대강당,합계,2900,1,1,1,2784,민간(대학로 외),서울특별시 서대문구 이화여대길 52 (대현동) 
1223,예술공간 혜화,합계,100,36,35,223,2770,민간(대학로),서울특별시 종로구 혜화로 10-3 성인빌딩 
1228,소극장 플랫폼74,합계,101,27,27,175,2672,민간(대학로),서울특별시 종로구 동숭길 74 (동숭동)
1229,대학로스타시티,카지노 전용관,0,1,1,103,2664,민간(대학로),서울특별시 종로구 대학로11길 23 (명륜4가)
1230,대학로스타시티,TM스테이지,0,0,0,0,0,민간(대학로),서울특별시 종로구 대학로11길 23 (명륜4가)
1231,대학로스타시티,"콘텐츠룸(7층 구 마리카1관, SM스타홀)",209,0,0,0,0,민간(대학로),서울특별시 종로구 대학로11길 23 (명륜4가)
1232,대학로스타시티,타이니앨리스 (B1 구 아트홀 마리카2관),0,0,0,0,0,민간(대학로),서울특별시 종로구 대학로11길 23 (명륜4가)
1233,대학로스타시티,"후암스테이지 1관(B2 구 마리카3관, 구 오씨어터)",115,0,0,0,0,민간(대학로),서울특별시 종로구 대학로11길 23 (명륜4가)
1234,대학로스타시티,후암스튜디오 (6층),170,0,0,0,0,민간(대학로),서울특별시 종로구 대학로11길 23 (명륜4가)
1235,대학로스타시티,합계,494,1,1,103,2664,민간(대학로),서울특별시 종로구 대학로11길 23 (명륜4가)
1241,목동 아이스링크,합계,5000,1,1,2,2624,공공(기타),서울특별시 양천구 안양천 939 (목1동)
1246,강북문화예술회관,합계,668,7,7,21,2565,공공(문예회관),서울특별시 강북구 삼각산로 85 (수유동)
1247,강서구민회관,우장홀,609,5,5,15,2560,공공(문예회관),서울특별시 강서구 우장산로 66 (내발산동)
1248,강서구민회관,노을극장,85,0,0,0,0,공공(문예회관),서울특별시 강서구 우장산로 66 (내발산동)
1249,강서구민회관,합계,694,5,5,15,2560,공공(문예회관),서울특별시 강서구 우장산로 66 (내발산동)
1250,강남씨어터,합계,232,16,16,24,2506,공공(기타),서울특별시 강남구 역삼로7길 16 (역삼동)
1254,스타스테이지,합계,200,8,8,175,2461,민간(대학로),서울특별시 종로구 대학로12길 15(동숭동)
1261,광진어린이공연장,합계,0,2,2,42,2440,민간(대학로 외),서울특별시 광진구 능동로 400(중곡동)
1266,한국문화의집 KOUS,합계,234,25,25,32,2366,공공(기타),서울특별시 강남구 테헤란로92길 12-9 (대치동)
1267,거암아트홀,합계,144,23,23,27,2313,민간(대학로 외),서울특별시 강남구 강남대로 652(신사동)
1271,룸어씨어터,합계,0,7,4,189,2168,민간(대학로),서울특별시 종로구 대학로8가길 30 (동숭동)
1274,북극곰소극장(구.아뮤스소극장),합계,37,2,0,351,2036,민간(대학로),서울특별시 종로구 이화장1길 24 (이화동) 
1275,소극장 무극,합계,80,10,10,112,2036,민간(대학로),서울특별시 종로구 대학로9길 18(명륜4가)
1276,한예극장,합계,200,9,9,49,2034,민간(대학로),서울특별시 종로구 이화장길 66(동숭동)
1280,일신홀,합계,189,87,87,91,1971,민간(대학로 외),서울특별시 용산구 한남대로 98 (한남동)
1282,SAC 아트홀,합계,295,5,5,9,1945,민간(대학로 외),서울특별시 강남구 삼성로 534 (삼성동) 
1295,연희예술극장,합계,115,20,20,72,1816,민간(대학로 외),서울특별시 서대문구 연희맛로 2-3 (연희동)
1297,앙트레블,합계,0,4,4,34,1811,기타(비공연장),서울특별시 강남구 강남대로102길 45(역삼동)
1298,쌀롱드무지끄,합계,20,148,148,148,1806,민간(대학로 외),서울특별시 종로구 창의문로 129 (부암동)
1308,송파어린이문화회관,합계,154,4,4,101,1704,공공(기타),서울특별시 송파구 중대로 235(오금동)
1311,신영체임버홀,합계,64,26,26,26,1668,민간(대학로 외),서울특별시 영등포구 국제금융로8길 16 (여의도동)
1312,소극장 혜화당(구. 까망소극장),합계,105,34,33,220,1630,민간(대학로),서울특별시 종로구 대학로12길 63 (동숭동)
1314,"플렉스라운지 (구. 스테이라운지, 인디팍)",합계,150,25,25,26,1625,민간(대학로 외),서울특별시 마포구 양화로 100-10 (서교동) 
1316,2001 아울렛키즈홀 [구로],합계,100,2,1,24,1592,민간(대학로 외),서울특별시 구로구 중앙로1길 36 (고척동)
1317,일지아트홀,합계,240,10,10,11,1580,민간(대학로 외),서울특별시 강남구 선릉로 806 (청담동) 킹콩빌딩 지하2층
1319,강북문화예술회관 강북진달래홀,합계,171,7,7,16,1562,공공(기타),서울특별시 강북구 삼각산로 85(수유동)
1320,소극장공유(구. 키작은소나무극장),합계,80,27,26,137,1536,민간(대학로),서울특별시 종로구 창경궁로 303 (혜화동)
1324,동숭무대소극장,합계,120,21,21,139,1498,민간(대학로),서울특별시 종로구 혜화로 35 (명륜1가)
1336,공감센터,합계,1024,2,2,2,1461,민간(대학로 외),서울특별시 중구 퇴계로88길 38 (신당동)
1337,창조소극장 (구. 민아트홀),합계,100,13,13,131,1455,민간(대학로),서울특별시 종로구 창경궁로 259 (명륜2가)
1340,삼청각,합계,150,11,11,38,1432,기타(비공연장),서울특별시 성북구 대사관로 3
1343,스튜디오76(구 이랑씨어터),합계,210,14,13,113,1402,민간(대학로),서울특별시 종로구 이화장길 99 (동숭동)
1344,엠스테이지(구.인사아트홀),합계,176,5,5,289,1400,민간(대학로 외),서울특별시 종로구 인사동길 34-1 (관훈동)
1347,극장 PLOT,합계,0,19,18,80,1369,민간(대학로 외),서울특별시 서대문구 연세로4길 27(창천동)
1348,경향아트힐,1관,292,1,1,207,1366,민간(대학로 외),서울특별시 중구 정동길 3 (정동)
1349,경향아트힐,2관,327,0,0,0,0,민간(대학로 외),서울특별시 중구 정동길 3 (정동)
1350,경향아트힐,4관,347,0,0,0,0,민간(대학로 외),서울특별시 중구 정동길 3 (정동)
1351,경향아트힐,5관,212,0,0,0,0,민간(대학로 외),서울특별시 중구 정동길 3 (정동)
1352,경향아트힐,6관,174,0,0,0,0,민간(대학로 외),서울특별시 중구 정동길 3 (정동)
1353,경향아트힐,썬앤문전용관,300,0,0,0,0,민간(대학로 외),서울특별시 중구 정동길 3 (정동)
1354,경향아트힐,합계,1652,1,1,207,1366,민간(대학로 외),서울특별시 중구 정동길 3 (정동)
1365,페리지홀,합계,202,24,24,26,1314,민간(대학로 외),서울특별시 서초구 반포대로 18 (서초동)
1377,하땅세극장,합계,0,5,5,62,1262,민간(대학로 외),서울특별시 성북구 성북로 5-7(성북동1가)
1378,연극실험실 혜화동1번지,합계,70,14,14,84,1260,민간(대학로),서울특별시 종로구 창경궁로35길 7 (혜화동)
1379,후암스테이지,"1관 (구. 마라카 3관, 오씨어터)",115,34,33,194,1243,민간(대학로),서울특별시 종로구 대학로11길 23 (명륜4가)
1380,후암스테이지,2관,0,0,0,0,0,민간(대학로),서울특별시 종로구 대학로11길 23 (명륜4가)
1381,후암스테이지,합계,115,34,33,194,1243,민간(대학로),서울특별시 종로구 대학로11길 23 (명륜4가)
1382,선릉아트홀(구. 아트홀 가얏고을),합계,77,39,39,41,1242,민간(대학로 외),서울특별시 강남구 테헤란로 337 (역삼동)
1383,스위스그랜드호텔,컨벤션홀,800,1,1,2,1241,기타(비공연장),서울특별시 서대문구 연희로 353 (홍은동)
1384,스위스그랜드호텔,그랜드볼룸,400,0,0,0,0,기타(비공연장),서울특별시 서대문구 연희로 353 (홍은동)
1385,스위스그랜드호텔,에메랄드홀,300,0,0,0,0,기타(비공연장),서울특별시 서대문구 연희로 353 (홍은동)
1386,스위스그랜드호텔,합계,1500,1,1,2,1241,기타(비공연장),서울특별시 서대문구 연희로 353 (홍은동)
1388,극장 동국,합계,84,15,15,173,1210,민간(대학로),서울특별시 종로구 창경궁로 259
1392,신촌문화발전소,합계,80,13,13,54,1192,공공(기타),서울특별시 서대문구 연세로2나길 57 (창천동)
1393,북촌창우극장,합계,100,21,21,127,1190,민간(대학로 외),서울특별시 종로구 창덕궁길 29-6 (원서동)
1398,대학로 마로니에소극장(플레이더씨어터),합계,130,5,4,137,1168,민간(대학로),서울특별시 종로구 동숭길 50 (동숭동)
1403,성북구민회관,합계,750,3,3,11,1141,공공(기타),서울특별시 성북구 성북로4길 177 - 0 성북구민회관
1407,동덕여자대학교 백주년기념관,합계,650,1,1,2,1088,민간(대학로 외),서울특별시 성북구 화랑로13길 60 (하월곡동) 
1408,대한성공회 서울주교좌성당,합계,200,5,5,5,1074,민간(대학로 외),서울특별시 중구 세종대로21길 15 (정동)
1413,룸씨어터,합계,0,3,3,136,1071,민간(대학로),서울특별시 종로구 대학로10길 12(동숭동)
1416,세라믹팔레스홀,합계,440,34,34,34,1020,민간(대학로 외),서울특별시 강남구 일원로 90 (일원동)
1417,아름다운극장,합계,100,11,10,91,1020,민간(대학로),서울특별시 종로구 성균관로4길 48 (명륜2가)
1418,라이트 하우스,합계,0,2,1,46,991,민간(대학로 외),서울특별시 성북구 삼선교로10다길 74(삼선동1가)
1419,예술가의 집,합계,100,17,17,21,977,국립,서울특별시 종로구 동숭길 3 (동숭동)
1425,서초문화예술회관(구. 서초구민회관),합계,690,2,2,2,931,공공(문예회관),서울특별시 서초구 강남대로 201 (양재동) 서초구민회관
1427,노무현시민센터,합계,0,1,1,7,923,민간(대학로 외),서울특별시 종로구 창덕궁길 73(원서동)
1428,명동대성당,파밀리아 채플,200,5,5,5,560,기타(비공연장),서울특별시 중구 명동길 74 (명동2가) 명동성당
1429,명동대성당,대성전,0,1,1,1,350,기타(비공연장),서울특별시 중구 명동길 74 (명동2가) 명동성당
1430,명동대성당,꼬스트홀,450,0,0,0,0,기타(비공연장),서울특별시 중구 명동길 74 (명동2가) 명동성당
1431,명동대성당,합계,650,6,6,6,910,기타(비공연장),서울특별시 중구 명동길 74 (명동2가) 명동성당
1440,삼일로창고극장,합계,50,9,9,52,841,민간(대학로 외),서울특별시 중구 삼일대로9길 12 (저동1가)
1447,문화정원 아트홀,합계,200,7,7,7,814,민간(대학로 외),서울특별시 금천구 가산로 61 (독산동)
1458,피카소소극장,합계,109,12,12,100,784,민간(대학로),서울특별시 종로구 대학로11길 38-11 (명륜4가)
1461,서울아트센터,합계,1083,4,4,4,766,민간(대학로 외),서울특별시 종로구 평창문화로 70 (평창동)
1463,졸탄극장,합계,179,2,2,48,760,민간(대학로),서울특별시 종로구 이화장길 58 (이화동)
1466,매지클,합계,18,2,0,109,742,민간(대학로 외),서울특별시 강남구 삼성로61길 30 (대치동)
1472,민속극장풍류,합계,164,9,9,11,730,공공(기타),서울특별시 강남구 봉은사로 406 (삼성동)
1477,예술나무씨어터(구. 상상나눔씨어터),합계,232,4,4,52,726,민간(대학로 외),"서울특별시 구로구 구로중앙로 134 (구로동, 신구로자이나인스에비뉴)"
1478,문래재즈IN,합계,60,33,33,33,720,민간(대학로 외),서울특별시 영등포구 도림로 475 (문래동4가)
1483,아트씨어터 문(안톤체홉극장),합계,0,7,7,112,707,민간(대학로),서울특별시 종로구 성균관로3길 23 (명륜3가)
1490,공간 와디즈,합계,0,2,2,14,695,민간(대학로 외),서울특별시 성동구 연무장1길 7-1(성수동2가)
1494,CLUB bender(클럽 벤더),합계,0,11,11,12,673,민간(대학로 외),서울특별시 마포구 와우산로14길 4 (상수동) 지하1층
1497,복합공간 에무,팡타 개라지,100,19,19,19,413,민간(대학로 외),서울특별시 종로구 경희궁1가길 7 (신문로2가)
1498,복합공간 에무,야외 뒷뜰(은하수 공연장),50,13,13,13,241,민간(대학로 외),서울특별시 종로구 경희궁1가길 7 (신문로2가)
1499,복합공간 에무,합계,150,32,32,32,654,민간(대학로 외),서울특별시 종로구 경희궁1가길 7 (신문로2가)
1505,극장 봄 (봄소극장),합계,55,11,10,69,631,민간(대학로),서울특별시 성북구 삼선교로 14 (삼선동1가)
1508,놀터예술공방,합계,50,13,13,66,618,민간(대학로),서울특별시 성북구 성북로2길 21 - 0 태고종선부암
1511,스튜디오SK,합계,80,8,8,57,614,민간(대학로),서울특별시 종로구 성균관로 15-10 (명륜3가)
1512,미아리고개예술극장(구 미아리예술극장),합계,90,5,5,28,613,공공(기타),서울특별시 성북구 동소문로 177 (돈암동)
1513,CTS아트홀,합계,404,5,5,5,612,민간(대학로 외),서울특별시 동작구 노량진로 100 (노량진동)
1514,설렘아트홀,합계,50,5,5,22,612,민간(대학로 외),서울특별시 광진구 능동로19길 23(화양동)
1521,얼라이브홀(구. 크랙홀),합계,130,11,11,12,588,민간(대학로 외),서울특별시 마포구 독막로7길 20 (서교동) 지하1층
1522,"SCC홀(구. DS홀, 서울바로크챔버홀)",합계,200,9,9,9,585,민간(대학로 외),서울특별시 서초구 남부순환로325길 9
1523,공상온도,합계,80,9,9,13,574,기타(비공연장),서울특별시 마포구 동교로23길 40 (동교동) 
1526,뜻밖의 극장(구. 해우소소극장),합계,65,14,14,78,571,민간(대학로 외),서울특별시 성북구 동소문로20나길 27 (동선동1가)
1527,섬유센터,합계,600,2,2,4,571,민간(대학로 외),서울특별시 강남구 테헤란로 518 (대치동) 
1528,플랫폼-엘 컨템포러리 아트센터,합계,172,6,6,14,568,민간(대학로 외),서울특별시 강남구 언주로133길 11 (논현동)
1533,성북정보도서관,합계,80,5,5,27,565,공공(기타),서울특별시 성북구 화랑로18자길 13 (상월곡동)
1540,플랫폼 창동 61,합계,150,2,2,3,546,공공(기타),서울특별시 도봉구 마들로11길 74 (창동)
1541,월드케이팝센터,합계,0,1,1,1,544,민간(대학로 외),서울특별시 중구 장충단로 72(장충동2가)
1546,서울생활문화센터 서교,합계,162,3,3,6,529,민간(대학로 외),서울특별시 마포구 양화로 72(서교동)
1551,강남구민회관,합계,516,2,2,3,520,공공(기타),서울특별시 강남구 삼성로 154 (대치동)
1552,성균소극장,성균소극장,100,12,11,57,520,민간(대학로),서울특별시 종로구 성균관로 12-3 (명륜2가)
1553,성균소극장,스튜디오SK,80,0,0,0,0,민간(대학로),서울특별시 종로구 성균관로 12-3 (명륜2가)
1554,성균소극장,합계,180,12,11,57,520,민간(대학로),서울특별시 종로구 성균관로 12-3 (명륜2가)
1556,창작플랫폼 경험과 상상,합계,50,7,7,35,518,민간(대학로 외),서울특별시 영등포구 선유동2로 46 (당산동5가)
1557,KOTE(코트),합계,0,5,5,5,515,민간(대학로 외),서울특별시 종로구 인사동길 7 (인사동)
1560,남대문교회,합계,400,1,1,1,500,민간(대학로 외),서울특별시 중구 퇴계로 6 (남대문로5가)
1561,연동교회,합계,0,1,1,1,500,기타(비공연장),서울특별시 종로구 김상옥로 37 (연지동)
1565,남산예술센터 드라마센터,합계,0,1,1,3,494,민간(대학로 외),서울특별시 중구 소파로 138 (예장동)
1567,윤당아트홀,1관,260,3,3,5,492,민간(대학로 외),서울특별시 강남구 언주로 844 (신사동)
1568,윤당아트홀,2관,150,0,0,0,0,민간(대학로 외),서울특별시 강남구 언주로 844 (신사동)
1569,윤당아트홀,합계,410,3,3,5,492,민간(대학로 외),서울특별시 강남구 언주로 844 (신사동)
1570,SILICA GEL VINYL POP-UP,합계,100,1,1,2,490,민간(대학로 외),서울특별시 마포구 와우산로33길 27 (서교동)
1574,서완소극장(구. 씨어터고리),합계,107,4,4,27,483,민간(대학로),서울특별시 종로구 창경궁로34길 18-12
1582,문엔트리,합계,0,8,5,362,454,기타(비공연장),서울특별시 서초구 방배천로18길 10(방배동)
1588,G스페이스홀(지스페이스홀),합계,55,8,8,11,432,민간(대학로 외),서울특별시 마포구 포은로 14 (합정동)
1591,동광교회,합계,0,1,1,1,430,기타(비공연장),서울특별시 동작구 성대로1길 26(상도동)
1594,헤르만아트홀,합계,120,11,11,31,423,민간(대학로 외),"서울특별시 성동구 상원6나길 24(성수동1가, 청호 서울숲 뜨레피움 오피스텔)"
1597,국제아트홀,합계,170,3,3,3,410,민간(대학로 외),서울특별시 강남구 압구정로 162 (신사동)
1598,중앙대학교 아트센터,대극장(중앙아트홀),491,1,1,1,409,민간(대학로 외),서울특별시 동작구 흑석로 84 (흑석동)
1599,중앙대학교 아트센터,소극장(100주년기념관 대신홀),104,0,0,0,0,민간(대학로 외),서울특별시 동작구 흑석로 84 (흑석동)
1600,중앙대학교 아트센터,합계,595,1,1,1,409,민간(대학로 외),서울특별시 동작구 흑석로 84 (흑석동)
1609,청년극장 (구. 대학로 아트홀 1관 구. 서울문화예술대학교 대학로 극장),합계,114,2,1,36,385,민간(대학로),서울특별시 종로구 동숭길 47 (동숭동)
1610,벨로주 [망원],합계,65,7,7,8,380,민간(대학로 외),서울특별시 마포구 포은로 117 (망원동) 
1623,피움스튜디오,합계,40,6,6,26,354,민간(대학로 외),서울특별시 영등포구 영등포로34길 3 (영등포동4가)
1629,TINC This is Not a Church(구. 명성교회),합계,0,4,4,16,331,민간(대학로 외),서울특별시 성북구 동소문로10길 34-16 (삼선동4가)
1630,주말극장,합계,0,5,5,22,331,민간(대학로 외),서울특별시 영등포구 도림로126길 1(문래동3가)
1634,숲세권 라이브,합계,0,11,11,11,324,민간(대학로 외),서울특별시 영등포구 선유로54길 11(당산동6가)
1635,문화비축기지,2번 탱크 실내공연장,300,1,1,3,208,공공(기타),서울특별시 마포구 증산로 87 (성산동)
1636,문화비축기지,4번 탱크,250,1,0,3,64,공공(기타),서울특별시 마포구 증산로 87 (성산동)
1637,문화비축기지,T1 1번 탱크 파빌리온,200,2,2,3,36,공공(기타),서울특별시 마포구 증산로 87 (성산동)
1638,문화비축기지,T2 야외무대,400,1,1,1,15,공공(기타),서울특별시 마포구 증산로 87 (성산동)
1639,문화비축기지,문화마당,10000,0,0,0,0,공공(기타),서울특별시 마포구 증산로 87 (성산동)
1640,문화비축기지,원형회의실,30,0,0,0,0,공공(기타),서울특별시 마포구 증산로 87 (성산동)
1641,문화비축기지,합계,11180,5,4,10,323,공공(기타),서울특별시 마포구 증산로 87 (성산동)
1642,엠팟홀 (구. 삼익아트홀),엠팟홀 (구. 삼익아트홀),150,4,4,5,201,민간(대학로 외),서울특별시 강남구 학동로 171 (논현동) 삼익악기빌딩 3층
1643,엠팟홀 (구. 삼익아트홀),옥상정원 (8층),0,2,2,2,121,민간(대학로 외),서울특별시 강남구 학동로 171 (논현동) 삼익악기빌딩 3층
1644,엠팟홀 (구. 삼익아트홀),합계,150,6,6,7,322,민간(대학로 외),서울특별시 강남구 학동로 171 (논현동) 삼익악기빌딩 3층
1645,을지공간,합계,45,4,4,29,322,민간(대학로 외),서울특별시 중구 창경궁로5길 5 (을지로4가)
1651,김희수아트센터,합계,198,5,5,6,308,민간(대학로 외),서울특별시 동대문구 홍릉로 118 (청량리동)
1652,연남스페이스,합계,0,3,3,5,307,민간(대학로 외),서울특별시 마포구 성미산로22길 16(연남동)
1660,동자아트홀,합계,157,2,2,2,298,민간(대학로 외),"서울특별시 용산구 한강대로 372 (동자동, 센트레빌아스테리움서울)"
1670,씨어터 송,합계,100,5,5,25,285,민간(대학로 외),서울특별시 서초구 법원로3길 22 (서초동)
1673,문래예술공장,박스씨어터,100,4,4,24,276,공공(기타),서울특별시 영등포구 경인로88길 5-4 (문래동1가) 문래예술공장
1674,문래예술공장,갤러리M30,80,0,0,0,0,공공(기타),서울특별시 영등포구 경인로88길 5-4 (문래동1가) 문래예술공장
1675,문래예술공장,합계,180,4,4,24,276,공공(기타),서울특별시 영등포구 경인로88길 5-4 (문래동1가) 문래예술공장
1678,베짱이홀,합계,200,10,10,10,275,민간(대학로 외),서울특별시 마포구 독막로15길 3-12 (상수동)
1679,연세대학교 무악극장,합계,0,2,2,8,273,민간(대학로 외),서울특별시 서대문구 연세로 50-1(신촌동)
1680,블라인드아트홀,합계,70,1,1,5,266,민간(대학로 외),서울특별시 광진구 아차산로 331-1 (자양동)
1686,서울대학교,특설무대,0,1,1,1,258,국립,서울특별시 관악구 관악로 1 (신림동)
1687,서울대학교,대운동장,0,0,0,0,0,국립,서울특별시 관악구 관악로 1 (신림동)
1688,서울대학교,합계,0,1,1,1,258,국립,서울특별시 관악구 관악로 1 (신림동)
1689,가온스테이지,합계,60,9,9,10,255,민간(대학로 외),서울특별시 마포구 잔다리로 59(서교동)
1695,공간 만차,합계,0,2,2,9,251,민간(대학로 외),서울특별시 용산구 이태원로54길 5(한남동)
1698,벨지움 재즈카페,합계,0,4,4,8,247,기타(비공연장),서울특별시 강남구 테헤란로83길 20(삼성동)
1701,전통공연창작마루 광무대,합계,0,3,3,7,240,민간(대학로 외),서울특별시 종로구 종로 272(종로6가)
1702,다락방극장,합계,0,1,1,86,238,민간(대학로 외),서울특별시 중구 을지로 170(을지로4가)
1705,옵신 스페이스(구. 서촌공간 서로),합계,70,2,2,15,231,민간(대학로 외),서울특별시 종로구 필운대로7길 12 (옥인동)
1707,앤트러사이트 [한남],합계,0,1,1,2,230,기타(비공연장),서울특별시 용산구 이태원로 240 (한남동)
1709,언제라도 여행,합계,0,4,4,12,225,기타(비공연장),서울특별시 마포구 잔다리로 65(서교동)
1712,모차르트홀,합계,201,6,6,6,222,민간(대학로 외),서울특별시 서초구 명달로 104 (서초동)
1717,롯데월드,합계,0,1,1,14,215,기타(비공연장),서울특별시 송파구 올림픽로 240 (잠실동)
1718,스카이아트홀,합계,980,3,3,5,214,민간(대학로 외),서울특별시 강서구 화곡로63길 65(등촌동)
1721,문화공간 아이원,합계,80,36,36,36,212,민간(대학로 외),서울특별시 금천구 시흥대로 167 (시흥동)
1723,성북마을극장,합계,80,2,2,11,212,민간(대학로),서울특별시 성북구 동소문로20다길 10 (동선동1가)
1725,도곡 율하우스,합계,0,22,22,22,209,민간(대학로 외),서울특별시 강남구 논현로26길 46-6 (도곡동)
1728,소셜베뉴 라움,체임버홀,384,3,2,15,103,민간(대학로 외),서울특별시 강남구 언주로 564 (역삼동) 라움아트센터
1729,소셜베뉴 라움,마제스틱볼룸,828,5,5,5,102,민간(대학로 외),서울특별시 강남구 언주로 564 (역삼동) 라움아트센터
1730,소셜베뉴 라움,그라스가든,350,0,0,0,0,민간(대학로 외),서울특별시 강남구 언주로 564 (역삼동) 라움아트센터
1731,소셜베뉴 라움,합계,1562,8,7,20,205,민간(대학로 외),서울특별시 강남구 언주로 564 (역삼동) 라움아트센터
1735,M극장,합계,150,1,1,4,201,민간(대학로 외),서울특별시 강남구 논현로4길 36 (개포동)
1745,앤트러사이트 [합정],합계,0,1,1,2,195,기타(비공연장),서울특별시 마포구 토정로5길 10 (합정동)
1746,아이러브아트홀,합계,80,4,4,4,192,민간(대학로 외),서울특별시 강남구 압구정로32길 30 (신사동)
1747,홍대우주정거장,합계,0,12,12,12,191,기타(비공연장),서울특별시 마포구 와우산로29길 16(서교동)
1750,숨 아트리움,합계,0,3,3,3,183,민간(대학로 외),서울특별시 광진구 능동로 442(중곡동)
1751,대교타워 아이레벨홀,합계,274,1,1,2,181,민간(대학로 외),서울특별시 관악구 보라매로3길 23 (봉천동)
1753,음악공간 중력장,합계,0,20,20,27,180,민간(대학로 외),서울특별시 동작구 현충로 104(흑석동)
1761,H-스테이지,합계,0,3,3,3,174,민간(대학로 외),서울특별시 마포구 와우산로 97(서교동)
1762,콜링아트센터,합계,0,4,4,5,174,기타(비공연장),서울특별시 관악구 관악로14길 110 (봉천동)
1764,공간 222,합계,33,5,4,29,168,민간(대학로 외),서울특별시 성북구 동소문로 24 (동소문동2가)
1765,후케즈,합계,140,8,8,8,166,민간(대학로 외),서울특별시 영등포구 경인로 715(문래동2가)
1774,이태원 해밀톤 호텔,이태원 해밀톤 호텔,0,1,0,6,151,민간(대학로 외),서울특별시 용산구 이태원로 179(이태원동)
1775,이태원 해밀톤 호텔,B1 라운지클럽,0,0,0,0,0,민간(대학로 외),서울특별시 용산구 이태원로 179(이태원동)
1776,이태원 해밀톤 호텔,합계,0,1,0,6,151,민간(대학로 외),서울특별시 용산구 이태원로 179(이태원동)
1777,서울생활문화센터 신도림 지하 소극장,합계,0,1,1,3,150,민간(대학로 외),서울특별시 구로구 새말로 지하117-21(신도림동)
1779,윤보선 고택,합계,150,2,2,2,149,기타(비공연장),서울특별시 종로구 윤보선길 62 (안국동) 
1785,더샵갤러리,합계,0,1,1,10,144,민간(대학로 외),서울특별시 강남구 언주로 832(신사동)
1794,게토얼라이브,합계,75,5,5,6,136,민간(대학로 외),서울특별시 성동구 왕십리로 104 (성수동1가) 정일빌딩
1798,이어령 예술극장 (구. 석관동 예술극장),합계,0,1,1,4,135,민간(대학로 외),서울특별시 성북구 화랑로32길 146-37(석관동)
1799,경동교회,합계,450,3,3,3,134,기타(비공연장),서울특별시 중구 장충단로 204 (장충동1가) 
1801,에피소드 신촌 369,합계,0,10,10,10,132,기타(비공연장),서울특별시 마포구 신촌로16길 29(노고산동)
1803,호원아트홀,합계,462,2,2,2,131,민간(대학로 외),서울특별시 강동구 성안로 30 (성내동)
1805,용산전자랜드,합계,100,1,1,1,130,민간(대학로 외),서울특별시 용산구 청파로 74(한강로3가)
1807,고라니 특공대,합계,0,6,6,8,127,기타(비공연장),서울특별시 마포구 토정로 136(상수동)
1808,스페이스 DO,합계,0,8,8,8,125,민간(대학로 외),서울특별시 중구 퇴계로49길 24(충무로5가)
1809,더 그란데 파티 앤 뮤직 스튜디오,합계,0,4,4,4,124,민간(대학로 외),서울특별시 서초구 서초대로51길 13 (서초동)
1810,아트홀제이,합계,23,13,13,21,124,민간(대학로 외),서울특별시 송파구 위례성대로 18 (방이동)
1811,에피소드 서초 393,합계,0,12,12,12,124,기타(비공연장),서울특별시 서초구 강남대로49길 10(서초동)
1812,오페라하우스 [신도림],합계,73,2,2,6,122,공공(기타),서울특별시 구로구 새말로 107-32 (구로동)
1814,서울호서예술실용전문학교,합계,0,1,1,1,120,민간(대학로 외),서울특별시 강서구 강서로 505(가양동)
1815,리엠아트센터 LEEAM ART CENTER,A HALL,150,1,1,1,118,민간(대학로 외),서울특별시 강남구 학동로2길 56 (논현동)
1816,리엠아트센터 LEEAM ART CENTER,B HALL,110,0,0,0,0,민간(대학로 외),서울특별시 강남구 학동로2길 56 (논현동)
1817,리엠아트센터 LEEAM ART CENTER,합계,260,1,1,1,118,민간(대학로 외),서울특별시 강남구 학동로2길 56 (논현동)
1818,창동극장,합계,100,2,2,8,118,민간(대학로 외),서울특별시 도봉구 노해로 391 (창동)
1822,다리 소극장,합계,200,4,4,12,115,민간(대학로 외),서울특별시 마포구 월드컵북로2길 49(동교동)
1825,대학로 이음센터,이음홀,80,2,2,6,112,공공(기타),서울특별시 종로구 대학로 112 (동숭동)
1826,대학로 이음센터,이음갤러리,40,0,0,0,0,공공(기타),서울특별시 종로구 대학로 112 (동숭동)
1827,대학로 이음센터,합계,120,2,2,6,112,공공(기타),서울특별시 종로구 대학로 112 (동숭동)
1830,코리아블루스씨어터,합계,50,2,2,6,112,민간(대학로 외),서울특별시 용산구 청파로45길 5 (청파동3가)
1831,탈영역우정국,합계,80,2,2,6,112,기타(비공연장),서울특별시 마포구 독막로20길 42 (창전동) 
1836,용산전쟁기념관,평화홀(1층),0,1,1,2,103,국립,서울특별시 용산구 이태원로 29 (용산동1가)
1837,용산전쟁기념관,전쟁기념관 이병형홀(구. 문화극장),176,0,0,0,0,국립,서울특별시 용산구 이태원로 29 (용산동1가)
1838,용산전쟁기념관,제3기획전시실,0,0,0,0,0,국립,서울특별시 용산구 이태원로 29 (용산동1가)
1839,용산전쟁기념관,평화의 광장,0,0,0,0,0,국립,서울특별시 용산구 이태원로 29 (용산동1가)
1840,용산전쟁기념관,합계,176,1,1,2,103,국립,서울특별시 용산구 이태원로 29 (용산동1가)
1842,서울시산악문화체험센터,기획전시실,0,1,1,6,101,기타(비공연장),서울특별시 마포구 하늘공원로 112(상암동)
1843,서울시산악문화체험센터,시청각실,80,0,0,0,0,기타(비공연장),서울특별시 마포구 하늘공원로 112(상암동)
1844,서울시산악문화체험센터,합계,80,1,1,6,101,기타(비공연장),서울특별시 마포구 하늘공원로 112(상암동)
1845,콜드슬립(koldsleep),합계,0,2,2,151,101,민간(대학로 외),서울특별시 강북구 인수봉로 301(수유동)
1850,라이브클럽 빵,합계,0,2,2,2,96,민간(대학로 외),서울특별시 마포구 와우산로29길 12(서교동)
1852,오디오가이스튜디오,합계,100,3,3,3,96,민간(대학로 외),서울특별시 종로구 효자로23 (통의동)
1862,펀타스틱씨어터,합계,0,1,1,4,93,민간(대학로 외),서울특별시 용산구 한강대로48길 17-6(한강로2가)
1863,이화여자대학교 김영의홀,합계,380,2,2,2,92,민간(대학로 외),서울특별시 서대문구 이화여대길 52 (대현동)
1865,스튜디오 바이탈 바이브,합계,25,4,4,4,89,민간(대학로 외),서울특별시 강남구 밤고개로34길 14 (세곡동)
1866,로즈아트홀,합계,76,1,0,24,88,민간(대학로 외),서울특별시 노원구 석계로7길 12-8 (월계동) 
1871,목인박물관,합계,0,8,8,10,87,기타(비공연장),서울특별시 종로구 창의문로5길 46-1(부암동)
1872,야기스튜디오,합계,0,1,1,4,84,민간(대학로 외),서울특별시 강남구 헌릉로569길 37(세곡동)
1874,대학로단막극장,합계,66,4,4,14,83,민간(대학로),서울특별시 종로구 동숭4길 16-3 (동숭동)
1876,해봄연습실,합계,0,1,1,5,81,민간(대학로 외),서울특별시 관악구 관천로 58(신림동)
1878,동서울아트홀,합계,234,3,3,7,79,민간(대학로 외),서울특별시 광진구 구의강변로 38 (구의동)
1879,트레이프조이드,합계,0,1,1,2,79,민간(대학로 외),서울특별시 마포구 동교로 137(서교동)
1880,파랑새극장(구. 샘터파랑새극장),합계,180,1,1,1,78,민간(대학로),서울특별시 종로구 대학로 116 (동숭동)
1881,스튜디오 일상,합계,0,1,1,5,77,민간(대학로 외),서울특별시 성북구 삼선교로10길 3(삼선동2가)
1886,스튜디오 QDA(구. 춤공장),합계,20,2,1,5,73,민간(대학로 외),서울특별시 영등포구 도림로126길 1 (문래동3가)
1894,수상한창고,합계,0,6,6,15,72,민간(대학로 외),서울특별시 금천구 금하로24길 7(시흥동)
1896,동작아트갤러리,합계,0,3,3,3,71,기타(비공연장),서울특별시 동작구 보라매로5길 28-1(신대방동)
1897,살레시오교육영성센터,합계,0,4,4,4,71,민간(대학로 외),서울특별시 영등포구 신길로 93(신길동)
1898,재즈클럽 그루브,합계,70,16,16,16,71,민간(대학로 외),서울특별시 서초구 신반포로47길 52 (잠원동)
1900,스와뉴 스튜디오,합계,0,1,1,5,68,민간(대학로 외),서울특별시 마포구 월드컵로25길 69(망원동)
1902,명보아트홀,라온홀,334,1,1,14,40,민간(대학로 외),서울특별시 중구 마른내로 47 (초동)
1903,명보아트홀,가온홀,333,1,1,2,27,민간(대학로 외),서울특별시 중구 마른내로 47 (초동)
1904,명보아트홀,다온홀,318,0,0,0,0,민간(대학로 외),서울특별시 중구 마른내로 47 (초동)
1905,명보아트홀,와일드와일드 전용관,294,0,0,0,0,민간(대학로 외),서울특별시 중구 마른내로 47 (초동)
1906,명보아트홀,하람홀,189,0,0,0,0,민간(대학로 외),서울특별시 중구 마른내로 47 (초동)
1907,명보아트홀,합계,1468,2,2,16,67,민간(대학로 외),서울특별시 중구 마른내로 47 (초동)
1908,복합문화공간 사유,합계,0,2,2,6,67,민간(대학로 외),서울특별시 용산구 이태원로54길 5 (한남동)
1909,서울숲 스튜디오301,합계,0,6,6,8,67,민간(대학로 외),서울특별시 성동구 서울숲길 36(성수동1가)
1910,오온,합계,0,1,1,5,67,기타(비공연장),서울특별시 송파구 백제고분로7길 16-16(잠실동)
1915,뭇(moot),합계,0,1,1,10,64,민간(대학로 외),서울특별시 강남구 강남대로162길 41-15 (신사동)
1916,앤트러사이트 [서교],합계,0,1,1,2,64,민간(대학로 외),서울특별시 마포구 월드컵로12길 11 (서교동)
1917,공간 하제,합계,0,4,4,4,63,민간(대학로 외),서울특별시 중구 필동로1길 10-6(필동3가)
1918,아우라 라이브카페,합계,0,1,1,1,63,민간(대학로 외),서울특별시 강서구 마곡중앙로 161-11(마곡동)
1919,SCC 선 아트홀,합계,75,3,3,3,62,민간(대학로 외),서울특별시 서초구 동산로 44(양재동)
1932,서울마포음악창작소(구.뮤지스땅스),합계,50,2,2,2,55,민간(대학로 외),서울특별시 마포구 마포대로 238 (아현동) 지하
1934,세종대학교 충무관,합계,100,1,1,3,54,민간(대학로 외),서울특별시 광진구 능동로 209 (군자동)
1935,NVM,합계,0,1,1,2,52,기타(비공연장),서울특별시 마포구 동교로22길 14(서교동)
1936,긱라이브하우스,합계,60,2,2,3,52,민간(대학로 외),서울특별시 마포구 신촌로10길 7(동교동)
1941,청년예술청 SAPY,합계,0,1,1,5,51,민간(대학로 외),"서울특별시 서대문구 경기대로 26-26 (충정로3가, 더스타일하우스디센트럴)"
1945,혜화아트센터,합계,0,1,1,2,50,민간(대학로),서울특별시 종로구 대학로 156(혜화동)
1946,MODE 127,합계,0,1,1,1,49,민간(대학로 외),서울특별시 용산구 이태원로 190(이태원동)
1947,공간 아진,합계,0,1,1,4,49,민간(대학로 외),서울특별시 동작구 사당로30길 163(사당동)
1948,로우키커피 [성수],합계,30,1,1,1,49,기타(비공연장),서울특별시 성동구 뚝섬로1나길 5(성수동1가)
1949,뮤직앤아트스튜디오,합계,20,9,9,9,49,민간(대학로 외),"서울특별시 동작구 사당로 300 (사당동, 이수자이)"
1952,포스트극장,합계,200,2,2,2,48,민간(대학로 외),서울특별시 마포구 와우산로 148 (창전동)
1953,그랜드 워커힐 서울(비스타 워커힐 서울),비스타홀,700,1,1,1,47,민간(대학로 외),서울특별시 광진구 워커힐로 177 (광장동)
1954,그랜드 워커힐 서울(비스타 워커힐 서울),워커힐 시어터,720,0,0,0,0,민간(대학로 외),서울특별시 광진구 워커힐로 177 (광장동)
1955,그랜드 워커힐 서울(비스타 워커힐 서울),합계,1420,1,1,1,47,민간(대학로 외),서울특별시 광진구 워커힐로 177 (광장동)
1956,클럽 마스 CLUB MARS,합계,0,1,1,1,47,민간(대학로 외),서울특별시 마포구 와우산로 76-1 (서교동)
1957,버금아트센터,합계,90,1,1,1,46,민간(대학로 외),서울특별시 광진구 능동로 259(군자동)
1960,극장 칸테움,합계,140,1,1,1,44,민간(대학로 외),서울특별시 구로구 디지털로 32가길 25 (구로동)
1963,스튜디오 리움,합계,76,2,2,2,43,민간(대학로 외),서울특별시 서대문구 성산로 533(대신동)
1969,상명아트홀,2관,94,2,2,7,42,민간(대학로),서울특별시 종로구 동숭길 133 (동숭동)
1970,상명아트홀,1관,176,0,0,0,0,민간(대학로),서울특별시 종로구 동숭길 133 (동숭동)
1971,상명아트홀,합계,270,2,2,7,42,민간(대학로),서울특별시 종로구 동숭길 133 (동숭동)
1973,청담 프리데카,합계,0,1,1,1,42,기타(비공연장),서울특별시 강남구 도산대로57길 8(청담동)
1975,헬덴뮤직,합계,0,1,1,4,41,민간(대학로 외),서울특별시 서초구 반포대로14길 29(서초동)
1976,스튜디오 낙원,합계,0,1,1,4,40,민간(대학로 외),서울특별시 종로구 삼일대로 428(낙원동)
1977,M50클럽,합계,0,1,1,4,39,민간(대학로),서울특별시 마포구 월드컵북로6길 60 (동교동)
1978,MILDEYES,합계,0,1,1,1,39,기타(비공연장),서울특별시 용산구 녹사평대로 210-7(이태원동)
1979,동네극장,합계,0,1,1,1,39,민간(대학로 외),서울특별시 동대문구 안암로6길 19(용두동)
1980,에피소드 성수 101,합계,0,2,2,2,39,기타(비공연장),서울특별시 성동구 뚝섬로 341 (성수동1가)
1982,세실아트홀,합계,100,8,8,8,38,민간(대학로 외),서울특별시 강남구 언주로173길 20 (신사동)
1983,음악플러스 아트홀,합계,50,2,1,2,38,민간(대학로 외),서울특별시 서초구 남부순환로317길 82-4(서초동)
1988,두리춤터,FOYER,160,1,1,1,36,민간(대학로 외),서울특별시 서초구 동광로19길 15 (방배동)
1989,두리춤터,Black Box,150,0,0,0,0,민간(대학로 외),서울특별시 서초구 동광로19길 15 (방배동)
1990,두리춤터,합계,310,1,1,1,36,민간(대학로 외),서울특별시 서초구 동광로19길 15 (방배동)
1993,영산양재홀,합계,195,2,2,2,36,민간(대학로 외),서울특별시 서초구 바우뫼로37길 45 (양재동)
1994,자양스테이션(파리뮤직포럼),합계,50,6,6,7,36,기타(비공연장),서울특별시 광진구 자양로11길 18 (자양동)
1998,샤론홀,합계,150,3,3,5,33,민간(대학로 외),서울특별시 서초구 서초대로40길 49(서초동)
2002,서울시민청,합계,100,1,1,1,32,공공(기타),서울특별시 중구 세종대로 110 (태평로1가)
2009,스페이스 홍,합계,0,1,1,1,31,기타(비공연장),서울특별시 마포구 동교로 144 (서교동)
2010,서울여자대학교,합계,0,1,1,2,30,민간(대학로 외),서울특별시 노원구 화랑로 621(공릉동)
2012,종로여가,합계,0,1,1,1,30,기타(비공연장),서울특별시 종로구 창신길 55(창신동)
2015,더 그레잇 컬렉션,합계,0,3,3,5,29,민간(대학로 외),서울특별시 서초구 나루터로 65(잠원동)
2017,스페이스한강,합계,0,1,1,1,29,민간(대학로 외),서울특별시 마포구 와우산로 128(창전동)
2019,래리치,합계,25,1,1,1,28,민간(대학로 외),서울특별시 용산구 소월로 138 (후암동)
2020,썸컴퍼니앤 광태소극장,합계,0,1,1,3,28,민간(대학로 외),서울특별시 관악구 호암로22길 51(신림동)
2023,금천뮤지컬센터,합계,197,1,0,2,27,공공(기타),서울특별시 금천구 시흥대로115길 48(독산동)
2025,엔터 스튜디오,합계,0,1,1,1,27,민간(대학로 외),서울특별시 마포구 독막로8길 30(합정동)
2026,클럽 샤프,합계,100,1,1,1,27,민간(대학로 외),서울특별시 마포구 동교로 63 (망원동)
2027,서서울예술교육센터,미디어랩,0,1,1,4,26,민간(대학로 외),서울특별시 양천구 남부순환로64길 2(신월동)
2028,서서울예술교육센터,스튜디오 A,0,0,0,0,0,민간(대학로 외),서울특별시 양천구 남부순환로64길 2(신월동)
2029,서서울예술교육센터,스튜디오 B,0,0,0,0,0,민간(대학로 외),서울특별시 양천구 남부순환로64길 2(신월동)
2030,서서울예술교육센터,스튜디오 C,0,0,0,0,0,민간(대학로 외),서울특별시 양천구 남부순환로64길 2(신월동)
2031,서서울예술교육센터,합계,0,1,1,4,26,민간(대학로 외),서울특별시 양천구 남부순환로64길 2(신월동)
2034,더스크블루,합계,0,1,1,1,25,기타(비공연장),서울특별시 영등포구 당산로38길 10(당산동4가)
2035,슈필렌하우스 & 슈필렌아트홀,합계,0,1,1,1,25,민간(대학로 외),서울특별시 서초구 반포대로 304 (잠원동)
2038,메인이더넷,합계,0,1,1,1,24,민간(대학로 외),서울특별시 강남구 봉은사로26길 7(역삼동)
2040,성미산마을극장 향,합계,97,1,1,6,24,민간(대학로 외),서울특별시 마포구 월드컵로26길 39 (성산동)
2044,횃불선교회관,합계,0,1,1,1,23,기타(비공연장),서울특별시 서초구 바우뫼로31길 70(양재동)
2051,카페 야카모즈,합계,0,1,1,1,21,민간(대학로 외),서울특별시 마포구 월드컵북로 88 (성산동)
2052,복합공간 우리누리아트홀,합계,0,1,1,1,20,민간(대학로 외),서울특별시 관악구 관악로 105 (봉천동)
2057,텐더리커피앤디저트,합계,0,1,1,1,20,기타(비공연장),서울특별시 마포구 성미산로29길 35(연남동)
2058,홍대파티룸벨라뷰,합계,0,1,1,2,20,기타(비공연장),서울특별시 서대문구 연희로26길 20 (연희동)
2060,LP Sound Studio,합계,0,1,1,2,19,민간(대학로 외),서울특별시 서초구 바우뫼로41길 16(양재동)
2071,정효아트센터,합계,100,1,1,1,18,민간(대학로 외),서울특별시 서초구 사임당로18길 52-2 (서초동) 
2076,홍해성 소극장,합계,0,1,1,5,18,민간(대학로),서울특별시 종로구 동숭길 64 (동숭동)
2077,반쥴,합계,70,1,1,1,17,기타(비공연장),서울특별시 종로구 삼일대로17길 23 (관철동) 
2078,에일리하우스,합계,0,1,1,1,17,기타(비공연장),서울특별시 강남구 압구정로11길 37-53 (압구정동)
2081,후암스튜디오(후암아트홀),합계,170,1,1,7,17,민간(대학로),서울특별시 종로구 대학로11길 23 (명륜4가)
2084,스콘뮤직홀,합계,200,1,1,1,16,민간(대학로),서울특별시 종로구 동숭길 148 (혜화동) 
2094,글루호텔 블루레인라운지,합계,0,2,2,3,14,민간(대학로),서울특별시 종로구 율곡로 228(이화동)
2096,선릉문화공간 제이드409,합계,80,1,1,1,14,민간(대학로 외),서울특별시 강남구 테헤란로 409(삼성동)
2101,울림과 퍼짐,합계,0,1,1,1,14,민간(대학로 외),서울특별시 종로구 자하문로24길 12(효자동)
2104,홍대난타극장(구. 뮤직쇼웨딩 전용관),합계,323,1,1,2,14,민간(대학로 외),서울특별시 마포구 양화로16길 29 (서교동)
2108,극단 제이와이,합계,0,1,1,2,12,민간(대학로 외),서울특별시 서대문구 신촌로 173-2 (대현동)
2112,강서아트리움,합계,215,1,1,3,11,공공(문예회관),서울특별시 강서구 가로공원로 195 (화곡동)
2116,경기대학교 [서울],합계,100,2,2,4,10,민간(대학로 외),서울특별시 서대문구 경기대로9길 24 (충정로2가) 
2125,"대학로 극장가게 (구. 문씨어터, 지구인씨어터)",합계,204,1,0,4,9,민간(대학로),서울특별시 종로구 대학로10길 12 (동숭동)
2131,부띠크 모나코 뮤지엄,합계,0,1,1,1,8,기타(비공연장),서울특별시 서초구 서초대로 397(서초동)
2134,연세대학교 음악대학 체임버홀,합계,0,1,1,1,8,민간(대학로 외),서울특별시 서대문구 연세로 50(신촌동)
2137,장로회신학대학교 세계교회협력센터,합계,352,1,1,1,7,민간(대학로 외),서울특별시 광진구 광장로5길 25-1(광장동)
2139,1M SPACE,합계,55,1,1,4,6,민간(대학로 외),서울특별시 서대문구 연세로4길 27 (창천동)
2140,IPAC홀(인터내셔널퍼포밍아트센터),합계,0,2,2,2,6,민간(대학로 외),서울특별시 서초구 효령로52길 16 (서초동)
2141,더 서울 라운지,합계,0,1,1,1,6,민간(대학로 외),서울특별시 용산구 이태원로19길 6-4(이태원동)
2149,언플러그드 [신촌],합계,0,1,1,1,5,민간(대학로 외),서울특별시 서대문구 연세로 13(창천동)
2150,청담 예인아트홀,합계,0,1,1,3,5,민간(대학로 외),서울특별시 강남구 도산대로81길 45(청담동)
2159,더 리버사이드 호텔,합계,450,2,2,2,4,민간(대학로 외),서울특별시 서초구 강남대로107길 6(잠원동)
2162,IMCL MUSIC STUDIO,합계,0,1,1,1,3,민간(대학로 외),서울특별시 강서구 공항대로42길 23-3(내발산동)
2163,KOMCA홀,합계,0,1,1,1,3,민간(대학로 외),서울특별시 강서구 공항대로 332(내발산동)
2164,더스튜디오HBC (The Studio HBC),합계,0,1,1,1,3,민간(대학로 외),서울특별시 용산구 신흥로7길 1 (용산동2가)
2168,세빛섬,합계,1000,2,2,2,3,국립,서울특별시 서초구 올림픽대로 2085-14(반포동)
2173,베아오페라음악예술원,합계,0,1,1,1,2,민간(대학로 외),서울특별시 서초구 강남대로 263 (서초동)
2175,신촌아트레온,합계,220,1,1,1,2,민간(대학로 외),서울특별시 서대문구 신촌로 129 (창천동)
2176,신한뮤직,합계,0,1,1,1,2,민간(대학로 외),서울특별시 강남구 언주로 716 (논현동)
2178,크리에이터스 홀,합계,100,1,1,1,2,민간(대학로 외),서울특별시 동대문구 안암로 86-1(제기동)
2180,하다아트홀,합계,0,1,1,1,2,민간(대학로 외),서울특별시 강남구 선릉로108길 7(삼성동)
2181,히브루스홀,합계,0,1,1,1,2,민간(대학로 외),서울특별시 마포구 서강로 144(노고산동)
2184,선릉유아트홀,합계,0,1,1,1,1,민간(대학로 외),서울특별시 강남구 선릉로 533(역삼동)
2193,KOCCA콘텐츠문화광장,합계,193,1,1,2,0,공공(기타),서울특별시 동대문구 회기로 66 (청량리동)
2195,골드레이블 매직,합계,0,1,0,2,0,민간(대학로 외),서울특별시 강남구 도산대로12길 6(논현동)
2198,대학로 두레홀 3관,합계,220,1,0,2,0,민간(대학로),서울특별시 종로구 대학로8가길 80 (동숭동)
2199,더쇼 씨어터(THE SHOW THEATER),합계,0,1,1,2,0,민간(대학로 외),서울특별시 강동구 성내로10길 12(성내동)
2201,아프리카 콜로세움,합계,0,1,1,1,0,민간(대학로 외),서울특별시 마포구 매봉산로 31(상암동)
2202,원패스아트홀,합계,200,1,1,1,0,민간(대학로),서울특별시 종로구 대학로12길 15 (동숭동)
2203,중앙성결교회,합계,0,1,1,1,0,기타(비공연장),서울특별시 종로구 충신길 22 (종로6가)
2205,코스모스아트홀,합계,220,1,1,3,0,민간(대학로 외),서울특별시 서초구 반포대로 27(서초동)
2206,타이니앨리스,합계,144,1,1,2,0,민간(대학로),서울특별시 종로구 대학로11길 23 (명륜4가)
