분류명,공간명(한글),공간명(영어),개관년도,지역,우편번호,주소,Latitude,Longitude
전시시설,[의외의 조합]_청년예술공간지원사업 선정공간,combination,2016,중구   ,4603,서울시 중구 동호로17길 121 (신당동),37.5538047,127.0046332
전시시설,[17717]_청년예술공간지원사업 선정공간,17717,2014,성북구  ,2835,서울시 성북구 성북로8길 11 (성북동),37.59114,127.0043909
전시시설,[space55]_청년예술공간지원사업 선정공간,space55,2017,은평구  ,3452,서울시 은평구 증산로19길 9-3 (신사동),37.6018301,126.9100382
공연장,[게토얼라이브]_청년예술공간지원사업 선정공간,ghettoalive,2016,성동구  ,4778,"서울시 성동구 왕십리로 104 (성수동1가, 영화빌딩)",37.5402894,127.0557127
전시시설,[대안예술공간이포]_청년예술공간지원사업 선정공간,deaan,2008,영등포구 ,7299,서울시 영등포구 도림로126길 9 (문래동3가),37.5159087,126.9013379
전시시설,[더레퍼런스]_청년예술공간지원사업 선정공간,the,2018,종로구  ,3042,서울시 종로구 자하문로24길 44 (효자동),37.5822977,126.9718062
전시시설,[디비판화작업실]_청년예술공간지원사업 선정공간 ,divi,2017,마포구  ,4039,서울시 마포구 홍익로5길 59 (서교동),37.5527389,126.9196935
전시시설,[레벨나인]_청년예술공간지원사업 선정공간,LEVEL,2017,마포구  ,4002,서울시 마포구 서교동 459-4,37.5553626,126.9160315
전시시설,[레인보우큐브]_청년예술공간지원사업 선정공간,rainbow,2015,마포구  ,4085,서울시 마포구 토정로2길 6-19 (합정동),37.5448395,126.9129124
공연장,[벨로주]_청년예술공간지원사업 선정공간,BELLOJU,2015,마포구  ,4038,"서울시 마포구 잔다리로 46 (서교동, 서교동 스튜디오)",37.5524282,126.9188166
공연장,[보폴(VOFOL)]_청년예술공간지원사업 선정공간,vofol,2017,광진구  ,5007,서울시 광진구 동일로 170 (화양동),37.5472346,127.0671081
전시시설,[산수문화]_청년예술공간지원사업 선정공간,SANSO,2016,관악구  ,8763,"서울시 관악구 조원로 154 (신림동, 대성빌딩)",37.4856437,126.9193143
전시시설,[상업화랑]_청년예술공간지원사업 선정공간,snagup,2017,중구   ,4544,서울시 중구 을지로 143 (을지로3가),37.5666263,126.9930285
전시시설,[소쇼]_청년예술공간지원사업 선정공간,SO,2017,종로구  ,3056,서울시 종로구 북촌로6길 32-4 (계동),37.582568,126.9878454
전시시설,[스튜디오엔케이앤킵인터치]_청년예술공간지원사업 선정공간,studio,2017,종로구  ,3060,서울시 종로구 북촌로1길 13 (안국동),37.5773241,126.9849474
전시시설,[스페이스공공연희x카페보스토크]_청년예술공간지원사업 선정공간,musosoc,2013,서대문구 ,3698,서울시 서대문구 연희로25길 98 (연희동),37.5695365,126.9318315
전시시설,[아노브]_청년예술공간지원사업 선정공간,anove,2017,용산구  ,4409,서울시 용산구 대사관로34길 40 (한남동),37.531414,127.0055987
문예회관,[아츠스테이] 문래 1호점 입주자 모집합니다~! (지금 바로 R룸 예약 가능!),artxstay,2019,영등포구 ,7299,서울시 영등포구 문래동3가 54-44,37.5137785,126.8971145
전시시설,[아터테인]_청년예술공간지원사업 선정공간,artertain,2014,서대문구 ,3695,서울시 서대문구 홍연길 63-4 (연희동),37.5764632,126.9301553
전시시설,[아트랩반]_청년예술공간지원사업 선정공간,art,2016,마포구  ,4059,서울시 마포구 와우산로 114 (창전동),37.5502554,126.9300858
전시시설,[아티스트런스페이스쇼앤텔]_청년예술공간지원사업 선정공간,artistrunspaceshowandtell,2017,영등포구 ,7206,서울시 영등포구 양평로18길 8 (양평동4가),37.5343456,126.8950679
공연장,[연희예술극장]_청년예술공간지원사업 선정공간,ARTSPACE,2017,서대문구 ,3708,서울시 서대문구 연희맛로 2-3 (연희동),37.5656249,126.928594
전시시설,[인스턴트루프]_청년예술공간지원사업 선정공간,INSTANT,2014,종로구  ,3061,서울시 종로구 윤보선길 19-6 (안국동),37.577059,126.9837434
전시시설,[재미공작소]_청년예술공간지원사업 선정공간,FUN,2011,영등포구 ,7299,서울시 영등포구 도림로 428-1 (문래동3가),37.5172698,126.8957152
전시시설,[탈영역우정국]_청년예술공간지원사업 선정공간,TALYOUN,2015,마포구  ,4078,서울시 마포구 독막로20길 42-1 (창전동),37.5486474,126.9287066
전시시설,[포럭]_청년예술공간지원사업 선정공간,po,2016,강동구  ,5390,서울시 강동구 풍성로 161 (성내동),37.5308124,127.1300059
공연장,[플레이스비브]_청년예술공간지원사업 선정공간,PLAYSBIBE,2017,성동구  ,4795,서울시 성동구 아차산로7나길 14 (성수동2가),37.5479258,127.0569359
공연장,1m클래식 아트홀,1m Classic Art Hall,2007,종로구  ,       ,서울시 종로구 동숭동 1-45 자유빌딩 4층,37.5827608,127.0036164
도서관,4.19혁명 기념도서관,,    ,종로구  ,110-102,서울시 종로구 새문안로 17,37.5674948,126.9676947
미술관,63스카이아트미술관,,    ,영등포구 ,150-763,서울시 영등포구 63로 50,37.5198332,126.9400724
공연장,A 아트홀 (구. 신연아트홀),A Art Hall,2005,종로구  ,       ,서울시 종로구 동숭동 1-37 신연아트홀,37.583226,127.0024241
공연장,AN아트홀 대학로 (구 질러홀),ANarthall,2004,종로구  ,       ,서울시 종로구 동숭동 1-74 B1,37.5824918,127.0035427
공연장,BREAK OUT 전용관,Break Out Theater,    ,종로구  ,       ,서울시 종로구 관철동 33-1 시네코아빌딩 9층,37.5689572,126.98815
공연장,CGV팝아트홀,,2009,영등포구 ,       ,서울시 영등포구 영등포 4가 441-10번지 경방 타임스퀘어 CGV 7층 CGV 팝아트홀,37.5180156,126.9053509
공연장,CTS아트홀,ctsarthall,2005,동작구  ,       ,서울시 동작구 노량진동 27-2 B2층,37.5129482,126.9370009
공연연습실(대학로),CTS아트홀,,    ,동작구  ,156-052,서울시 동작구 노량진로 100,37.5129482,126.9370009
공연장,DCF대명문화공장,daemyungculturefactory,2014,종로구  ,110-809,서울시 종로구  대학로12길 21,37.5827604,127.00327
전시시설,Gallery 2,,    ,강남구  ,135-955,서울시 강남구 압구정로 461,37.5252829,127.0472385
전시시설,huegallery,,    ,성북구  ,136-854,서울시 성북구 정릉로8가길 77,37.6067805,126.995254
공연장,IBK점프전용관,IBK Jump Theater,    ,종로구  ,       ,서울시 종로구 관철동 33-1 시네코아빌딩 9층,37.5689572,126.98815
공연장,IM스테이지,IM Stage,2003,종로구  ,       ,서울시 종로구 명륜4가 113-1 스타시티 빌딩,37.582024,127.000347
공연장,JCC아트센터,JCC ART CENTER,2014,종로구  ,3076,"서울시 종로구 창경궁로35길 29 (혜화동, JEIARTCENTER)",37.5871853,127.0019026
공연장,jk아트홀(구.샘아트홀),JK ArtHall,2010,종로구  ,       ,서울시 종로구 동숭동 1-48 5층,37.5830042,127.0026459
공연연습실(대학로),KBS홀,,    ,영등포구 ,150-914,서울시 영등포구 여의공원로 13,37.5253618,126.916382
공연장,KS 청담아트홀,Chungdam Art Hall,    ,강남구  ,       ,서울시 강남구 청담동 86번지 I&H 빌딩 3층,37.5238189,127.0396036
공연장,KT&G상상아트홀,KT&G Sangsang Art Hall,2006,강남구  ,       ,서울시 강남구 대치동 1002 코스모타워3층,37.5066085,127.0653699
공연장,KT&G상상아트홀,KT&G SANGSANG ARTHALL,2006,강남구  ,       ,서울시 강남구 대치동 1002번지 코스모타워 3층,37.5066085,127.0653699
공연연습실(대학로),KT&G상상아트홀,,    ,강남구  ,135-549,서울시 강남구 영동대로 416,37.5066085,127.0653699
공연장,LG아트센터,LG Arts Center,2000,강남구  ,       ,서울시 강남구 역삼동 679,37.5020938,127.0367984
공연연습실(대학로),LG아트센터,,    ,강남구  ,135-985,서울시 강남구 논현로 508,37.5020938,127.0367984
공연장,LIG아트홀,LIG art Hall,    ,강남구  ,       ,서울시 강남구 역삼동 649-11 LIG타워 지하2층,37.4991928,127.0302652
공연연습실(대학로),LIG아트홀,,    ,강남구  ,135-550,서울시 강남구 테헤란로 117,37.4991928,127.0302652
공연연습실(대학로),M극장,,    ,강남구  ,135-960,서울시 강남구 논현로4길 36,37.4736878,127.0529479
공연장,NH아트홀,NHARTHALL,2011,중구   ,       ,서울시 중구 충정로1가 85 NH아트홀,37.5658572,126.9675449
미술관,oci미술관,,    ,종로구  ,110-140,서울시 종로구 우정국로 45-14,37.5731912,126.9821081
공연연습실(대학로),OTM 청담아트홀,,    ,강남구  ,135-954,서울시 강남구 선릉로 806,37.5238647,127.0396187
공연연습실(대학로),PMC대학로 자유극장,,    ,종로구  ,110-809,서울시 종로구 대학로12길 31,37.5827608,127.0036164
공연장,SCAU 대학로 극장(서울문화예술대학교 대학로극장),seoul culture arts university theatre,2010,종로구  ,       ,서울시 종로구 동숭동 1-149 유니굽 빌딩 지하,37.5803593,127.0042622
공연장,SH홀,SH hall,1988,종로구  ,       ,서울시 종로구 동숭동 1-131 B1(마로니에유리빌딩지하1층)110-510,37.5799187,127.0035083
공연장,SM 틴틴홀,SM Tin Tin Hall,2005,종로구  ,       ,서울시 종로구 동숭동 1-74 지하1층,37.5824918,127.0035427
공연장,SM스타홀,SM Star Hall - D// Hall,2007,종로구  ,       ,서울시 종로구 동숭동 1-96,37.5816056,127.0037221
공연장,SM아트홀,SM Art Hall,2008,종로구  ,       ,"서울시 종로구 동숭동 1-92번지 지하1,2층 (110-510)",37.5810306,127.00396
전시시설,UM갤러리,,    ,강남구  ,135-889,서울시 강남구 압구정로12길 25,37.5265851,127.0373028
전시시설,가나아트갤러리/센터,,    ,종로구  ,110-846,서울시 종로구 평창30길 28,37.6122118,126.9751774
공연연습실(대학로),가나의 집 열림홀,,    ,종로구  ,110-470,서울시 종로구 김상옥로 37,37.5735733,127.0016052
공연연습실(대학로),가든스테이지,,    ,송파구  ,138-721,서울시 송파구 올림픽로 240,37.5112862,127.0979392
공연장,가든씨어터,,    ,종로구  ,       ,서울시 종로구 동숭동 1-63,37.5822895,127.0027902
복지관,가락종합사회복지관,,    ,송파구  ,138-883,서울시 송파구 양재대로 897,37.4957129,127.1072723
전시시설,가람화랑,,    ,종로구  ,110-300,서울시 종로구 인사동10길 11,37.5742789,126.9856158
공연연습실(대학로),가변극장 키작은 소나무,,    ,종로구  ,110-530,서울시 종로구 창경궁로 303,37.5875961,127.0032172
공연연습실(대학로),가변무대,,    ,성북구  ,136-043,서울시 성북구 삼선교로18길 6,37.5885667,127.0122643
복지관,가산종합사회복지관,,    ,금천구  ,153-801,서울시 금천구 가산로 129,37.4768685,126.891752
공연장,가야극장,,    ,서대문구 ,       ,서울시 서대문구 충정로3가 58-1 구세군빌딩 1층,37.5602579,126.963028
복지관,가양4 종합사회복지관,,    ,강서구  ,157-744,서울시 강서구 양천로 57길 37,37.5650302,126.8518981
복지관,가양5 종합사회복지관,,    ,강서구  ,157-745,서울시 강서구 양천로57길 36,37.5635526,126.8545999
복지관,가양7 종합사회복지관,,    ,강서구  ,157-747,서울시 강서구 허준로 209,37.5619848,126.8616924
전시시설,가인갤러리,,    ,종로구  ,110-848,서울시 종로구 평창20길 51,37.6111066,126.9700126
전시시설,가진화랑,,    ,종로구  ,110-033,서울시 종로구 자하문로 74,37.5825139,126.9708972
공연장,가톨릭청년회관 다리 CY씨어터,cycdari CY Theater,2010,마포구  ,       ,서울시 마포구 동교동 158-2,37.5572275,126.9230503
박물관,가회민화박물관,,    ,종로구  ,110-260,서울시 종로구 북촌로 12길 17,37.5821333,126.9856648
복지관,갈월종합사회복지관,,    ,용산구  ,140-804,서울시 용산구 두텁바위로 25,37.5457838,126.9748238
공연연습실(대학로),감리교신학대학교100주년기념관,,    ,서대문구 ,120-701,서울시 서대문구 독립문로 56,37.5674278,126.9623303
전시시설,감성예술교육센터,,    ,관악구  ,151-817,서울시 관악구 낙성대역16길 13,37.4734529,126.9647926
도서관,강남 역삼 푸른솔도서관,,    ,강남구  ,135-935,서울시 강남구 테헤란로 8길 36,37.4964913,127.031845
공연장,강남구민회관,Gangnam-gu Hall,1996,강남구  ,       ,서울시 강남구 대치2동 509-2,37.4938496,127.06415
공연연습실(대학로),강남구민회관강당,,    ,강남구  ,135-837,서울시 강남구 삼성로 154,37.4938496,127.06415
도서관,강남도서관,,    ,강남구  ,135-867,서울시 강남구 선릉로 116길 45,37.5141798,127.0468995
지방문화원,강남문화원,,    ,강남구  ,135-935,서울시 강남구 테헤란로 8길 36,37.4964913,127.031845
공연장,강남아트홀,GangNam Art Hall,2010,서초구  ,       ,서울시 서초구 서초동 1307 성우빌리지 B1,37.5000957,127.024886
복지관,강남종합사회복지관,,    ,강남구  ,135-939,서울시 강남구 개포로 109길 5,37.4941844,127.0752156
청소년수련관,강남청소년수련관,,    ,강남구  ,135-953,서울시 강남구 영동대로 131길 26,37.520323,127.0532565
도서관,강동구립 강일도서관,,    ,강동구  ,134-100,서울시 강동구 아리수로 93길 9-14,37.5650525,127.1739113
도서관,강동구립 성내도서관,,    ,강동구  ,134-843,서울시 강동구 성안로 106-1,37.5328621,127.1333521
도서관,강동구립 암사도서관,,    ,강동구  ,134-857,서울시 강동구 고덕로 20길 42,37.5528442,127.1333484
도서관,강동구립 해공도서관,,    ,강동구  ,134-868,서울시 강동구 올림픽로 702,37.5443789,127.1264173
공연연습실(대학로),강동구민회관,,    ,강동구  ,134-861,서울시 강동구 상암로 168,37.5457033,127.141156
도서관,강동도서관,,    ,강동구  ,134-010,서울시 강동구 양재대로 116길 57,37.5382633,127.1444728
지방문화원,강동문화원,,    ,강동구  ,134-861,서울시 강동구 상암로 168,37.5457033,127.141156
공연연습실(대학로),강동아트센터,,    ,강동구  ,134-839,서울시 강동구 동남로 870,37.5510531,127.1575617
공연연습실(대학로),강동어린이회관아이누리홀,,    ,강동구  ,134-851,서울시 강동구 성내로 6길 16,37.5291753,127.1224527
복지관,강동종합사회복지관,,    ,강동구  ,134-871,서울시 강동구 진황도로23길 7,37.5399286,127.1301451
청소년수련관,강동청소년수련관,,    ,강동구  ,134-100,서울시 강동구 아리수로93길 47,37.5665307,127.1730846
청소년수련관,강동청소년회관,,    ,강동구  ,134-830,서울시 강동구 양재대로138길 41,37.5497603,127.1462441
청소년수련관,강북 I Will 센터,,    ,강북구  ,142-872,서울시 강북구 삼각산로 158,37.6418238,127.0216679
도서관,강북 청소년문화정보도서관,,    ,강북구  ,142-816,서울시 강북구 삼양로 54길 68,37.6230267,127.0216593
문예회관,강북문화예술회관,,    ,강북구  ,142-882,서울시 강북구 삼각산로 85,37.6407905,127.0134278
지방문화원,강북문화원,,    ,강북구  ,142-882,서울시 강북구 삼각산로 85,37.6407905,127.0134278
도서관,강북문화정보도서관,,    ,강북구  ,142-060,서울시 강북구 오현로 145,37.6252184,127.0362995
청소년수련관,강북청소년수련관,,    ,강북구  ,142-881,서울시 강북구 4.19로 74,37.6459079,127.0062577
도서관,강서 꿈꾸는 어린이도서관,,    ,강서구  ,157-864,서울시 강서구 공항대로 615,37.5473594,126.8733386
도서관,강서 우장산 숲속도서관,,    ,강서구  ,157-010,서울시 강서구 우현로 34,37.5482678,126.8418504
도서관,강서 푸른들 청소년도서관,,    ,강서구  ,157-918,서울시 강서구 강서로 45다길 71,37.5446703,126.8351964
공연연습실(대학로),강서구민회관,,    ,강서구  ,157-280,서울시 강서구 우장산로 66,37.5519333,126.8416092
도서관,강서길꽃 어린이도서관,,    ,강서구  ,157-857,서울시 강서구 금낭화로 24길 5,37.5787056,126.813676
도서관,강서도서관,,    ,강서구  ,157-716,서울시 강서구 등촌로 51나길 29,37.5478657,126.8600392
지방문화원,강서문화원,,    ,강서구  ,157-010,서울시 강서구 화곡로 215,37.5446998,126.8437226
청소년수련관,강서청소년회관,,    ,강서구  ,157-280,서울시 강서구 공항대로 42길 23-19,37.5549434,126.8445806
도서관,개봉도서관,,    ,구로구  ,152-811,서울시 구로구 개봉로16길 30-11,37.4894288,126.8584501
도서관,개봉어린이도서관,,    ,구로구  ,152-806,서울시 구로구 경인로 318-15,37.4967509,126.8559052
도서관,개울작은도서관,,    ,양천구  ,158-857,서울시 양천구 철쭉2길 31,37.5247402,126.8553909
도서관,개포도서관,,    ,강남구  ,135-802,서울시 강남구 선릉로 4길 30,37.4827901,127.0661436
전시시설,갤러리 41 (종로갤러리) ,,    ,종로구  ,110-190,서울시 종로구 삼청로 22-31,37.5778224,126.9805073
전시시설,갤러리 SP,,    ,강남구  ,135-888,서울시 강남구 압구정로4길 13-20,37.5223612,127.0216537
전시시설,갤러리 보는,gallerybonun,2013,마포구  ,121-883,서울시 마포구 합정동 1?358,37.5465382,126.9182743
전시시설,갤러리 서림,,    ,강남구  ,135-953,서울시 강남구 학동로 523,37.5200802,127.0559515
전시시설,갤러리 스클로,,    ,중구   ,100-826,서울시 중구 다산로16길 29,37.5562597,127.0134472
전시시설,갤러리 자인제노,,    ,종로구  ,110-034,서울시 종로구 자하문로10길 9-4,37.5796404,126.9721245
공연장,갤러리 쿠오리아,,2007,용산구  ,       ,"서울시 용산구 남영동 131-1 해태제과본사 1,2,3층",37.5406719,126.9736296
전시시설,갤러리LVS,,    ,강남구  ,135-120,서울시 강남구 도산대로 27길 33,37.5221059,127.0272866
전시시설,갤러리PICI ,,    ,강남구  ,135-955,서울시 강남구 도산대로87길 25,37.5263525,127.0501585
전시시설,갤러리가이아,,    ,종로구  ,110-300,서울시 종로구 인사동길 57-1,37.5750669,126.9834393
전시시설,갤러리고도,,    ,종로구  ,110-140,서울시 종로구 율곡로 24,37.5753832,126.9820215
전시시설,갤러리그림손,,    ,종로구  ,110-310,서울시 종로구 인사동10길 22,37.5742139,126.9861807
전시시설,갤러리나우,,    ,종로구  ,110-300,서울시 종로구 인사동길 39,37.5737965,126.984952
전시시설,갤러리담,,    ,종로구  ,110-240,서울시 종로구 윤보선길 72,37.5790799,126.9834439
전시시설,갤러리도올,,    ,종로구  ,110-220,서울시 종로구 삼청로 87,37.5832602,126.981676
전시시설,갤러리두가헌,,    ,종로구  ,110-190,서울시 종로구 삼청로 14,37.5772534,126.9798624
전시시설,갤러리뤼미에르,,    ,강남구  ,135-100,서울시 강남구 선릉로 158길 10,37.5254222,127.040837
미술관,갤러리마노,,    ,서초구  ,137-927,서울시 서초구 남부순환로323길 1,37.4811543,127.0135045
전시시설,갤러리미,,    ,강남구  ,135-955,서울시 강남구 압구정로 461,37.5252829,127.0472385
전시시설,갤러리반디트라소,,    ,종로구  ,110-848,서울시 종로구 평창30길 16,37.6111914,126.9750559
전시시설,갤러리베아르떼,,    ,종로구  ,110-340,서울시 종로구 삼일대로 32길 36,37.5751021,126.9891365
전시시설,갤러리상,,    ,종로구  ,110-220,서울시 종로구 삼청로7길 37,37.5837574,126.979731
전시시설,갤러리서미앤투스,,    ,강남구  ,135-517,서울시 강남구 압구정로 80길 19,37.5246484,127.045211
전시시설,갤러리선컨템포러리,,    ,종로구  ,110-200,서울시 종로구 삼청로 52,37.5805477,126.9803792
전시시설,갤러리세줄,,    ,종로구  ,110-848,서울시 종로구 평창30길 40,37.613436,126.9751154
전시시설,갤러리송아당,,    ,종로구  ,110-190,서울시 종로구 율곡로1길 41,37.5778284,126.9806442
전시시설,갤러리시몬,,    ,종로구  ,110-040,서울시 종로구 자하문로6길 20,37.5780759,126.9732512
전시시설,갤러리아미,,    ,강남구  ,135-100,서울시 강남구 압구정로 445,37.5265497,127.0461088
전시시설,갤러리아트링크,,    ,종로구  ,110-240,서울시 종로구 율곡로3길 66-17,37.5786928,126.9824673
전시시설,갤러리아트사이드,,    ,종로구  ,110-040,서울시 종로구 자하문로6길 15,37.5780837,126.9728828
전시시설,갤러리아트앤드림,,    ,강남구  ,135-889,서울시 강남구 도산대로13길 9,37.5210682,127.03414
전시시설,갤러리예맥,,    ,광진구  ,143-854,서울시 광진구 능동로 92,37.5387882,127.0711369
전시시설,갤러리우림,,    ,종로구  ,110-300,서울시 종로구 인사동10길 18,37.5742325,126.9859146
전시시설,갤러리원,,    ,강남구  ,135-956,서울시 강남구 압구정로71길 14,37.5275435,127.0459073
전시시설,갤러리유로,,    ,강남구  ,135-892,서울시 강남구 논현로 805,37.5206483,127.0275515
전시시설,갤러리인,,    ,종로구  ,110-220,서울시 종로구 청와대로 73,37.5817589,126.9804646
전시시설,갤러리인데코,,    ,강남구  ,135-894,서울시 강남구 압구정로36길 8,37.5279868,127.0312994
전시시설,갤러리잔다리,,    ,마포구  ,121-838,서울시 마포구 양화로16길 14-16,37.5527674,126.9200516
전시시설,갤러리정,,    ,종로구  ,110-070,서울시 종로구 경희궁2길 12,37.572847,126.9714322
전시시설,갤러리조선,,    ,종로구  ,110-200,서울시 종로구 북촌로5길 64,37.5799404,126.9814744
전시시설,갤러리진선,,    ,종로구  ,110-220,서울시 종로구 삼청로 61,37.5813375,126.9806076
전시시설,갤러리토포하우스,,    ,종로구  ,110-300,서울시 종로구 인사동11길 6,37.5740454,126.9843112
전시시설,갤러리포커스 서울점,,    ,강남구  ,135-732,서울시 강남구 테헤란로 521,37.5090474,127.060893
전시시설,갤러리현대,,    ,종로구  ,110-190,서울시 종로구 삼청로 8,37.5766382,126.9798457
공연연습실(대학로),건국대학교새천년대공연장 위니아트,,    ,광진구  ,143-701,서울시 광진구 능동로 120,37.5425408,127.0737253
공연장,게릴라극장,Guerrilla Theater,2006,종로구  ,       ,서울시 종로구 혜화동 15-29,37.5874508,127.0004532
공연연습실(대학로),게릴라극장,,    ,종로구  ,110-530,서울시 종로구 혜화로6길 9,37.5874508,127.0004532
박물관,겸재정선기념관,,    ,강서구  ,157-801,서울시 강서구 양천로47길 36,37.5722318,126.838712
공연연습실(대학로),경복궁 아트홀,,    ,종로구  ,110-033,서울시 종로구 자하문로 82,37.5833524,126.9706979
공연장,경복궁아트홀,gyeongbokgungarthall,2012,종로구  ,       ,서울시 종로구 효자동 70-1,37.5833524,126.9706979
공연연습실(대학로),경희대학교 평화의전당,,    ,동대문구 ,130-701,서울시 동대문구 경희대로26,37.5967122,127.0513948
공연연습실(대학로),고려대학교 인촌기념관,,    ,성북구  ,136-701,서울시 성북구 안암로 145,37.5887496,127.0323735
도서관,고척도서관,,    ,구로구  ,152-082,서울시 구로구 고척로 45길 31,37.5059325,126.8520068
공연장,공간아울,SPACE OWL,2010,종로구  ,       ,서울시 종로구 동숭동 1-27  지하1층,37.5818773,127.0022951
전시시설,공간지은,SPACEJIEUN,2022,송파구  ,5527,서울시 송파구 풍성로 22 (풍납동),37.53471,127.1148916
복지관,공릉종합사회복지관,,    ,노원구  ,139-241,서울시 노원구 동일로 1127,37.6302736,127.0694304
청소년수련관,공릉청소년문화정보센터,,    ,노원구  ,139-800,서울시 노원구 노원로 1-나길 10,37.6215868,127.0830663
박물관,공연예술박물관,,    ,중구   ,100-857,서울시 중구 장춘단로 59,37.5528698,127.0001308
박물관,관세박물관,,    ,강남구  ,135-702,서울시 강남구 언주로721,37.5181513,127.0340192
도서관,관악문화관 도서관,,    ,관악구  ,151-858,서울시 관악구 신림로3길 35,37.4675139,126.9448053
공연장,관악문화관도서관 ,Gwanak cultural center & library,2002,관악구  ,       ,서울시 관악구 문화길 17 (신림9동 209-1),37.4676642,126.9455466
지방문화원,관악문화원,,    ,관악구  ,151-858,서울시 관악구 신림로 3길 35,37.4675139,126.9448053
청소년수련관,관악청소년회관,,    ,관악구  ,151-895,서울시 관악구 신림로 23길 17,37.4702293,126.9352343
전시시설,관훈갤러리,,    ,종로구  ,110-300,서울시 종로구 인사동11길 11,37.5737615,126.9842743
공연연습실(대학로),광운대학교문화관대극장,,    ,노원구  ,139-701,서울시 노원구 광운로 20,37.6197029,127.0596708
복지관,광장종합사회복지관,,    ,광진구  ,143-814,서울시 광진구 아차산로 66길 8,37.5410448,127.0971341
공연연습실(대학로),광진문화예술회관 나루아트센터,,    ,광진구  ,143-854,서울시 광진구 능동로 76,37.5375194,127.0706501
지방문화원,광진문화원,,    ,광진구  ,143-832,서울시 광진구 광나루로56길 67,37.5365231,127.0964741
도서관,광진정보도서관,,    ,광진구  ,143-802,서울시 광진구 아차산로 78길 90,37.5510808,127.1106061
청소년수련관,광진청소년수련관,,    ,광진구  ,143-807,서울시 광진구 구천면로 2,37.5461887,127.1065122
공연연습실(대학로),광화문아트홀,,    ,종로구  ,110-054,서울시 종로구 인왕산로1길 21,37.5742758,126.9646707
공연연습실(대학로),괜찮은홀,,    ,영등포구 ,150-045,서울시 영등포구 양평로 47,37.5338954,126.9009717
공연연습실(대학로),구로구민회관대강당,,    ,구로구  ,152-050,서울시 구로구 가마산로25길 21,37.4969468,126.8895561
도서관,구로도서관,,    ,구로구  ,152-842,서울시 구로구 공원로 15,37.498502,126.8917141
지방문화원,구로문화원,,    ,구로구  ,152-722,서울시 구로구 경인로 393-7,37.4974558,126.8631271
공연장,구로아트밸리 예술극장,Guroartsvalley Theater,2007,구로구  ,       ,서울시 구로구 구로5동 101번지,37.5000414,126.8893134
공연연습실(대학로),구로아트밸리예술극장,,    ,구로구  ,152-842,서울시 구로구 가마산로 25길 9-24,37.4965581,126.8889641
복지관,구로종합사회복지관,,    ,구로구  ,152-849,서울시 구로구 디지털로31길 93,37.4868735,126.8907894
도서관,구로주민전용도서관,,    ,구로구  ,152-857,서울시 구로구 구로중앙로27나길 21,37.4968922,126.885956
청소년수련관,구로청소년수련관,,    ,구로구  ,152-870,서울시 구로구 구로동로 141,37.491301,126.8833119
도서관,구립 서초어린이도서관,,    ,서초구  ,137-859,서울시 서초구 효령로 77길 37,37.4905359,127.0283284
도서관,구립증산정보도서관,,    ,은평구  ,122-936,서울시 은평구 증산로 5길 6,37.5828055,126.907644
복지관,구세군강북종합사회복지관,,    ,강북구  ,142-824,서울시 강북구 인수봉로 20가길 24,37.6256862,127.0134095
박물관,국립고궁박물관,,    ,종로구  ,110-820,서울시 종로구 효자로 12,37.5770207,126.976631
공연연습실(대학로),국립국악원,,    ,서초구  ,137-718,서울시 서초구 남부순환로 2364,37.478359,127.0090729
공연연습실(대학로),국립극장,,    ,중구   ,100-857,서울시 중구 장충단로 59,37.5528698,127.0001308
박물관,국립민속박물관,,    ,종로구  ,110-820,서울시 종로구 삼청로 37,37.5808473,126.9768515
도서관,국립어린이청소년도서관,,    ,강남구  ,135-908,서울시 강남구 테헤란로 7길 21,37.5009602,127.0299804
도서관,국립중앙도서관,,    ,서초구  ,137-702,서울시 서초구 반포대로 201,37.4973927,127.0033891
박물관,국립중앙박물관,,    ,용산구  ,140-797,서울시 용산구 서빙고로 137,37.5230368,126.982235
공연연습실(대학로),국립중앙박물관 극장 용 ,,    ,용산구  ,140-026,서울시 용산구 서빙고로 137,37.5230368,126.982235
공연장,국립중앙박물관 극장용,Theater Yong,2005,용산구  ,       ,서울시 용산구 용산동6가 168-6번지,37.5230368,126.982235
공연연습실(대학로),국민대예술대학공연장,,    ,성북구  ,136-702,서울시 성북구 정릉로 77,37.611145,126.9965764
박물관,국악박물관,,    ,서초구  ,137-718,서울시 서초구 남부순환로 2364,37.478359,127.0090729
전시시설,국제갤러리,,    ,종로구  ,110-200,서울시 종로구 삼청로 54,37.5807226,126.9808479
도서관,국회도서관,,    ,영등포구 ,150-703,서울시 영등포구 의사당대로 1,37.521493,126.923687
복지관,궁동종합사회복지관,,    ,구로구  ,152-883,서울시 구로구 오리로 22길 5,37.4990982,126.8297383
공연연습실(대학로),그라운드 씬,,    ,종로구  ,110-521,서울시 종로구 성균관로 87,37.5899794,126.9982918
전시시설,그로리치화랑,,    ,종로구  ,110-848,서울시 종로구 평창30길 35,37.6130235,126.9750164
공연연습실(대학로),극공작소 마방진 ,,    ,종로구  ,110-522,서울시 종로구 성균관로4길 19,37.5847261,126.9988255
공연장,극장 가자,Theater Gaja,2009,종로구  ,       ,서울시 종로구 동숭동 1-73 미트모빌딩 5층,37.5824905,127.0032799
박물관,근현대디자인박물관,,    ,마포구  ,121-880,서울시 마포구 와우산로30길 36,37.5532608,126.9298307
도서관,글마루 한옥어린이도서관,,    ,구로구  ,152-804,서울시 구로구 고척로 27바길 7,37.507011,126.8455637
도서관,글빛 정보도서관,,    ,관악구  ,151-050,서울시 관악구 관악로 30길 23,37.4862626,126.9596694
도서관,금나래 아트홀도서관,,    ,금천구  ,153-701,서울시 금천구 시흥대로 73길 70,37.4568163,126.8954085
공연연습실(대학로),금나래아트홀,,    ,금천구  ,153-863,서울시 금천구 시흥대로 73길 70,37.4568163,126.8954085
공연장,금나래아트홀,Geumnarae Art Hall,2008,금천구  ,153-863,서울시 금천구 시흥동 벚꽃심리길 375번지 금천구청 내,37.455645,126.894003
도서관,금천구립 가산정보도서관,,    ,금천구  ,153-801,서울시 금천구 가산로 5길 43,37.4734934,126.8921255
도서관,금천구립 정보도서관,,    ,금천구  ,153-815,서울시 금천구 독산로 54길 114,37.467496,126.9080765
공연연습실(대학로),금천구민문화체육센타극장,,    ,금천구  ,153-815,서울시 금천구 독산로54길 188,37.4701375,126.9072634
지방문화원,금천문화원,,    ,금천구  ,153-861,서울시 금천구 시흥대로 38길 61,37.4466287,126.9041882
청소년수련관,금천청소년수련관,,    ,금천구  ,153-032,서울시 금천구 금하로 30길 54,37.4483781,126.9155448
청소년수련관,금천청소년쉼터,,    ,금천구  ,153-082,서울시 금천구 가산디지털1로 118,37.4757683,126.8829928
미술관,금호미술관,,    ,종로구  ,110-190,서울시 종로구 삼청로 18,37.5774697,126.9799083
전시시설,금호미술관,,    ,종로구  ,110-190,서울시 종로구 삼청로 18,37.5774697,126.9799083
공연연습실(대학로),금호아트홀,,    ,종로구  ,110-713,서울시 종로구 새문안로 75,37.5706377,126.9729682
복지관,길음종합사회복지관,,    ,성북구  ,136-801,서울시 성북구 삼양로8가길 32,37.6078177,127.0232623
공연장,김대범소극장,KDBHALL,2012,종로구  ,       ,서울시 종로구 명륜4가 170-3번지,37.5824593,126.9991909
공연장,김동수플레이하우스,Kim Dong Soo Theater Company,2000,종로구  ,       ,서울시 종로구 연건동 178-1 동마루 빌딩 지층,37.576534,127.0025224
공연연습실(대학로),김동수플레이하우스,,    ,종로구  ,110-460,서울시 종로구 대학로 60,37.576522,127.0025859
전시시설,김영섭사진화랑,,    ,종로구  ,110-300,서울시 종로구 인사동길 46,37.5732841,126.9856063
전시시설,김진혜갤러리,,    ,종로구  ,110-290,서울시 종로구 인사동길 11-3,37.5719641,126.9867006
전시시설,김현주갤러리,,    ,종로구  ,110-220,서울시 종로구 삼청로 7길 19-9,37.5834992,126.9809835
복지관,까리따스방배종합사회복지관,,    ,서초구  ,137-062,서울시 서초구 남부순환로 2132,37.4785654,127.0078252
공연장,까망소극장,kkamang little theater,1993,종로구  ,       ,서울시 종로구 동숭동 1-89 석마빌딩 3층 까망소극장,37.5812351,127.0040242
공연연습실(대학로),까망소극장,,    ,종로구  ,110-809,서울시 종로구 대학로12길 63,37.5812351,127.0040242
공연장,꿈꾸는 공작소,,2011,종로구  ,       ,서울시 종로구 혜화동 74-12,37.586899,127.0002993
도서관,꿈마을 도서관,,    ,구로구  ,152-875,서울시 구로구 디지털로 27다길 65,37.4872133,126.8900948
공연장,꿈의숲아트센터,DreamForestArtsCenter,2009,강북구  ,1228,서울시 강북구 월계로 173,37.6217709,127.0411741
공연연습실(대학로),나루아트센터,,    ,광진구  ,143-854,서울시 광진구 능동로 76,37.5375194,127.0706501
공연장,나온씨어터,Naon theater,2008,종로구  ,       ,서울시 종로구 명륜1가 36-4,37.5877039,126.9994075
공연연습실(대학로),나온씨어터,,    ,종로구  ,110-521,서울시 종로구 혜화로9길 7,37.5877039,126.9994075
전시시설,나화랑.나갤러리,,    ,종로구  ,110-776,서울시 종로구 삼일대로 461,37.5757306,126.9856068
공연장,낙산씨어터,Naksan Theater,2003,종로구  ,       ,서울시 종로구 혜화동 201번지 110-530,37.5836774,127.002561
공연연습실(대학로),낙산씨어터,,    ,종로구  ,110-530,서울시 종로구 동숭길 140,37.5836774,127.002561
도서관,남가좌 새롬어린이도서관,,    ,서대문구 ,120-807,서울시 서대문구 증가로 10길 16-15,37.5783326,126.9240342
전시시설,남경화랑,,    ,종로구  ,110-290,서울시 종로구 인사동길 27,37.5730658,126.9859985
공연연습실(대학로),남산예술센터 드라마센터,,    ,중구   ,110-250,서울시 중구 소파로 138,37.5589628,126.9883506
공연장,내여페THE STAGE,NAEYUPE'S THE STAGE,2012,종로구  ,       ,서울시 종로구 동숭동 1-58 지하,37.5822932,127.0025237
복지관,노원1종합사회복지관,,    ,노원구  ,139-775,서울시 노원구 월계로 372,37.6300472,127.0605097
공연장,노원문화예술회관,Nowon Art Center,2004,노원구  ,       ,서울시 노원구 무수동길181 (139-861) 노원문화예술회관,37.6525076,127.075042
문예회관,노원문화예술회관,,    ,노원구  ,139-861,서울시 노원구 중계로 181,37.6501606,127.0799904
지방문화원,노원문화원,,    ,노원구  ,139-805,서울시 노원구 동일로 197길 24,37.6288652,127.0698812
도서관,노원어린이도서관  ,,    ,노원구  ,139-859,서울시 노원구 한글비석길 346,37.6579346,127.0761714
공연연습실(대학로),노원어울림극장,,    ,노원구  ,139-200,서울시 노원구 노해로 502,37.6544503,127.0636915
도서관,노원정보도서관,,    ,노원구  ,139-825,서울시 노원구 노원로 34길 43,37.6609192,127.0641674
청소년수련관,노원청소년수련관,,    ,노원구  ,121-230,서울시 노원구 덕릉로70길 99,37.6400855,127.0589842
도서관,노원평생학습관,,    ,노원구  ,139-865,서울시 노원구 동일로 204길 13,37.6401154,127.067112
공연장,노을소극장,,2011,종로구  ,       ,서울시 종로구 동숭동 1-51,37.5829733,127.0032551
전시시설,노화랑,,    ,종로구  ,110-300,서울시 종로구 인사동길 54,37.5748627,126.9840871
복지관,녹번종합사회복지관,,    ,은평구  ,122-824,서울시 은평구 은평로 21길 14-26,37.6027499,126.9318596
공연연습실(대학로),논현1동문화예술관,,    ,강남구  ,135-010,서울시 강남구 학동로 20길 25,37.511516,127.0285512
공연연습실(대학로),논현2문화센터,,    ,강남구  ,135-821,서울시 강남구 학동로43길 17,37.5172918,127.0372351
도서관,논현정보도서관,,    ,강남구  ,135-815,서울시 강남구 학동로 169-1,37.5138791,127.0293066
박물관,농업박물관,,    ,중구   ,100-707,서울시 중구 새문안로 16,37.5664064,126.9684511
복지관,능인종합사회복지관,,    ,강남구  ,135-960,서울시 강남구 양재대로 340,37.4717018,127.0525148
전시시설,다도화랑,,    ,강남구  ,135-889,서울시 강남구 압구정로12길 35-1,37.5265851,127.0373028
공연연습실(대학로),단막극장,,    ,종로구  ,110-809,서울시 종로구 동숭4길 16-3,37.5833103,127.004577
공연장,달빛극장,moonshine theater,2012,종로구  ,       ,서울시 종로구 명륜4가 41-1,37.5828788,127.0010143
미술관,대림미술관,,    ,종로구  ,110-040,서울시 종로구 자하문로4길 21,37.5774855,126.9732918
전시시설,대림미술관,,    ,종로구  ,110-040,서울시 종로구 자하문로4길 21,37.5774855,126.9732918
도서관,대림정보문화도서관,,    ,영등포구 ,150-811,서울시 영등포구 도산로 27,36.3119962,127.3820951
복지관,대방종합사회복지관,,    ,동작구  ,156-811,서울시 동작구 여의대방로 44길 47,37.5097245,126.9300449
전시시설,대안공간 동네미술관,,    ,용산구  ,140-830,서울시 용산구 효창원로110길 11-1,37.5517581,126.9639047
복지관,대청종합사회복지관,,    ,강남구  ,135-938,서울시 강남구 양재대로 55길 10,37.4926339,127.0902837
도서관,대치도서관,,    ,강남구  ,135-778,서울시 강남구 삼성로 212,37.4974176,127.0653272
공연장,대학로 갤러리,Daehakro Mio Gallery,2009,종로구  ,       ,서울시 종로구 동숭동 1-60 바탕골 4층,37.5818912,127.0025727
전시시설,대학로 갤러리,,    ,종로구  ,110-809,서울시 종로구 대학로10길 5,37.5818912,127.0025727
공연장,대학로 국민대학교 제로원디자인센터,Zeroone design center,    ,종로구  ,       ,서울시 종로구 동숭동 1-1,37.5834328,127.0040173
공연연습실(대학로),대학로 극장가자,,    ,종로구  ,110-809,서울시 종로구 대학로8가길 80,37.5824905,127.0032799
공연장,대학로 뮤지컬센터 공간 피꼴로,DaehangnoMusicalCenter  Piccolo,2012,종로구  ,       ,서울시 종로구 동숭길 100 대학로뮤지컬센터 공간삐꼴로 4F,37.5828747,127.0044105
공연장,대학로 소리아트홀 1관,SORIARTHALL,2010,종로구  ,       ,서울시 종로구 혜화동 90-18 뉴시티빌딩4층 소리아트홀,37.5842275,127.0019389
공연장,대학로 소리아트홀 2관,SORIARTHALL,2010,종로구  ,       ,서울시 종로구 혜화동 90-18 뉴시티빌딩4층 소리아트홀,37.5842275,127.0019389
공연장,대학로 소리아트홀 3관,SORIARTHALL,2010,종로구  ,       ,서울시 종로구 혜화동 90-18 뉴시티빌딩4층 소리아트홀,37.5842275,127.0019389
공연장,대학로 스타시티 6층,Starcity 6F,2012,종로구  ,       ,서울시 종로구 명륜4가 113-1 스타시티 빌딩,37.582024,127.000347
공연장,대학로 아트원씨어터 1관,,2009,종로구  ,       ,서울시 종로구 동숭동 1-181번지 대학로 아트원씨어터,37.5802316,127.0040004
공연장,대학로 아트원씨어터 2관,,2009,종로구  ,       ,서울시 종로구 동숭동 1-181번지 대학로 아트원씨어터,37.5802316,127.0040004
공연장,대학로 아트원씨어터 3관,,2009,종로구  ,       ,서울시 종로구 동숭동 1-181번지 대학로 아트원씨어터,37.5802316,127.0040004
공연장,대학로 우리네극장(구 미라클씨어터 2관),deahakro woorine theatre,2012,종로구  ,       ,서울시 종로구 동숭동 1-145,37.58077,127.0041608
공연연습실(대학로),대학로갈갈이홀,,    ,종로구  ,110-809,서울시 종로구 대학로8가길 111,37.5809974,127.0035224
공연장,대학로극장,Daehangno Theater,1987,종로구  ,       ,서울시 종로구 연건동 178-1 동마루빌딩 지하1층,37.576534,127.0025224
공연연습실(대학로),대학로극장,,    ,종로구  ,110-460,서울시 종로구 대학로 60,37.576522,127.0025859
공연장,대학로뮤지컬센터,,    ,종로구  ,       ,서울시 종로구 동숭동 25-5번지,37.5828747,127.0044105
공연장,대학로비너스극장,,2011,종로구  ,       ,서울시 종로구 동숭동 1-93 지하1층,37.5809944,127.0037129
공연연습실(대학로),대학로스타시티 SM스테이지,,    ,종로구  ,110-524,서울시 종로구 대학로11길 23,37.5820784,127.0004809
공연장,대학로연습실1,,2004,종로구  ,       ,서울시 종로구 동숭동 1-43,37.5831612,127.0034728
공연장,대학로연습실2,,2009,종로구  ,       ,서울시 종로구 동숭동 1-75 2층,37.584512,127.0053884
공연연습실(대학로),대학로예술극장 3관,,    ,종로구  ,110-810,서울시 종로구 이화장길 100,37.5798019,127.0046643
공연장,"대학로예술극장 3관(구,상상나눔씨어터)",,2009,종로구  ,       ,서울시 종로구 동숭동 187-8 B1 대학로예술극장 3관 110-810,37.5798019,127.0046643
공연장,대학로예술극장 대극장,Daehangno Arts Theater,2009,종로구  ,       ,서울시 종로구 동숭동 1-67,37.5820858,127.0031805
공연장,대학로예술극장 소극장,Daehangno Arts Theater Small Theater,2009,종로구  ,       ,서울시 종로구 동숭동 1-67,37.5820858,127.0031805
공연연습실(대학로),대학로예술마당2관,,    ,종로구  ,110-500,서울시 종로구 이화장길 26,37.5766289,127.0039406
공연장,대학로우리극장,Theater Woori,2005,종로구  ,       ,서울시 종로구 동숭동 1-58 대학성 빌딩 지하,37.5822555,127.0025222
공연장,대학로자유극장(구. PMC대학로자유극장),PMC Daehangno Ja-U Theater,2005,종로구  ,       ,서울시 종로구 동숭동 1-45 자유빌딩,37.5827608,127.0036164
공연장,댕로홀(구 두레홀1관),Daeng no hall,2005,종로구  ,       ,서울시 종로구 동숭동 1-78번지 마로니빌딩 지하1층,37.5818839,127.0037254
공연장,더 스테이지,The Stage,2009,서대문구 ,       ,서울시 서대문구 창천동 18-29 버티고빌딩 B2층,37.5563107,126.9372084
전시시설,더갤러리,,    ,마포구  ,121-893,서울시 마포구 잔다리로,37.5540291,126.9176486
공연장,더굿씨어터,The Good Theater,2004,종로구  ,       ,서울시 종로구 혜화동 185번지 중원빌딩 지하 2층,37.5839645,127.002167
공연연습실(대학로),더굿씨어터,,    ,종로구  ,110-530,서울시 종로구 대학로 144,37.5839645,127.002167
전시시설,더컬럼스갤러리,,    ,용산구  ,140-863,서울시 용산구 이태원로 27길 31-2,37.535503,126.9939498
미술관,덕수궁미술관 국립현대미술관,,    ,중구   ,100-120,서울시 중구 세종대로 99,37.565936,126.9750354
도서관,도봉1동 어린이도서관,,    ,도봉구  ,132-816,서울시 도봉구 도봉로 175길 10,37.6829989,127.0428766
공연연습실(대학로),도봉구 시설관리공단 도봉구민회관,,    ,도봉구  ,132-908,서울시 도봉구 창동역길 23,37.65276,127.047945
공연장,도봉구민회관 대공연장,,1993,     ,       ,,,
도서관,도봉도서관,,    ,도봉구  ,132-885,서울시 도봉구 삼양로 556,37.652678,127.0129669
지방문화원,도봉문화원,,    ,도봉구  ,132-717,서울시 도봉구 도봉로 552,37.6541023,127.0386268
도서관,도봉문화정보센터,,    ,도봉구  ,132-040,서울시 도봉구 덕릉로 315,37.6446168,127.0439784
복지관,도봉서원종합사회복지관,,    ,도봉구  ,132-822,서울시 도봉구 마들로 668,37.6697793,127.0465504
도서관,도봉어린이문화정보센터,,    ,도봉구  ,132-040,서울시 도봉구 노해로69길 151,37.6590524,127.0495093
도서관,독립서점 쿨디가,Bookstore KULDIGA,2021,서초구  ,6654,"서울시 서초구 효령로55길 22 (서초동, 그린빌오피스텔)",37.4857649,127.0146862
공연연습실(대학로),돔예술 사랑채,dom art,2020,강북구  ,1157,"서울시 강북구 도봉로 182 (미아동, 진경빌딩)",37.6249734,127.027011
공연장,동국대학교 이해랑 예술극장,,2008,중구   ,       ,서울시 중구 필동 3가 26번지,37.5595979,126.9982159
공연연습실(대학로),동국대학교90주년기념문화관(예술극장),,    ,중구   ,100-715,서울시 중구 필동3가 26,37.5595979,126.9982159
문예회관,동대문구 구민회관,,    ,동대문구 ,130-841,서울시 동대문구 장한로18길 82-9,37.5672369,127.0733404
도서관,동대문구 정보화도서관,,    ,동대문구 ,130-868,서울시 동대문구 회기로 10길 60,37.5897088,127.0470536
공연장,동대문구문화회관,Dongdaemun-Gu Culture Center,1997,동대문구 ,       ,서울시 동대문구 답십리길 210 - 2 (답십리동 산2-121,37.5717451,127.0637182
도서관,동대문도서관,,    ,동대문구 ,130-813,서울시 동대문구 천호대로 4길 22,37.5734462,127.02443
지방문화원,동대문문화원,,    ,동대문구 ,130-800,서울시 동대문구 답십리길210-2,37.5709801,127.0579338
복지관,동대문종합사회복지관,,    ,동대문구 ,130-861,서울시 동대문구 약령시로 5길 22,37.5840139,127.0341872
청소년수련관,동대문청소년수련관,,    ,동대문구 ,130-866,서울시 동대문구 제기로 33길 25,37.5872471,127.0500016
공연연습실(대학로),동덕여대공연예술센터,,    ,종로구  ,110-809,서울시 종로구 동숭길 126,37.5837306,127.0033198
공연연습실(대학로),동랑예술센터 대극장 ,,    ,중구   ,100-250,서울시 중구 소파로 138,37.5589628,126.9883506
공연연습실(대학로),동방예술극장,,    ,마포구  ,121-806,서울시 마포구 신촌로20길 19,37.5544773,126.9385007
전시시설,동산방화랑,,    ,종로구  ,110-170,서울시 종로구 인사동9길 35,37.5729272,126.9833785
복지관,유락종합사회복지관,,    ,중구   ,100-820,서울시 중구 퇴계로 460,37.5650915,127.0227986
공연장,동서울아트홀,Dongseoul Art Hall,2011,광진구  ,       ,서울시 광진구 구의동 595 번지,37.5341664,127.0918876
공연장,동서울아트홀,DONGSEOULARTHALL,2012,광진구  ,       ,서울시 광진구 구의동 595 지하2층,37.5341664,127.0918876
공연연습실(대학로),동서울아트홀,,    ,광진구  ,143-831,서울시 광진구 구의강변로 385,37.5354096,127.0926055
전시시설,동숭갤러리,,    ,종로구  ,110-522,서울시 종로구 창경궁로 34길 18-5,37.5840907,127.0007048
공연장,동숭무대소극장,Dong-Soong Small Theater,2002,종로구  ,3068,"서울시 종로구 혜화로 35 (명륜1가, 경주이씨중앙화수회관)",37.5886406,126.9991565
공연장,동숭아트센터 꼭두랑놀자,,2009,종로구  ,       ,서울시 종로구 동숭동 1-5번지 동숭아트센터,37.583653,127.0036978
공연장,동양아트홀,Dongyang Art Hall&nbsp;,2006,강남구  ,       ,서울시 강남구 논현동 1-3번지 렉스타워 B1,37.5162574,127.0206194
도서관,동작 상도 국주도서관,,    ,동작구  ,156-830,서울시 동작구 매봉로 37,37.5087964,126.9510463
도서관,동작도서관,,    ,동작구  ,156-806,서울시 동작구 장승배기로 94,37.5059274,126.9401698
지방문화원,동작문화원,,    ,동작구  ,156-832,서울시 동작구 문화원길 10,37.5044862,126.9409749
도서관,동작어린이도서관,,    ,동작구  ,156-052,서울시 동작구 장승배기로 16길 98,37.509114,126.9435624
복지관,동작이수사회복지관,,    ,동작구  ,156-814,서울시 동작구 동작대로 35차 7길,37.4796138,126.9809382
복지관,동작종합사회복지관,,    ,동작구  ,156-807,서울시 동작구 등용로 47,37.5057188,126.933391
전시시설,동호갤러리,,    ,종로구  ,110-718,서울시 종로구 인사동7길 12,37.5730861,126.9852119
공연장,두레홀 3관,Doore Hall 3,2006,종로구  ,       ,서울시 종로구 동숭동 1-78번지 마로니 빌딩 지하,37.5818839,127.0037254
공연연습실(대학로),두레홀 4관,,    ,종로구  ,110-809,서울시 종로구 대학로12길 15,37.5827724,127.0028475
공연장,"두레홀 4관(구,아룽구지)",Doore Hall 4,2007,종로구  ,       ,서울시 종로구 동숭동 1-54,37.5827724,127.0028475
공연연습실(대학로),두레홀1관,,    ,종로구  ,110-809,서울시 종로구 대학로12길 50,37.5818839,127.0037254
전시시설,두루아트스페이스,,    ,종로구  ,110-817,서울시 종로구 창의문로 151,37.5932719,126.9635513
공연연습실(대학로),두산아트센터,,    ,종로구  ,110-739,서울시 종로구 종로33길 15,37.5718981,127.001222
공연장,두산아트센터 스페이스111,DooSan Art Center Space 111&nbsp;,    ,종로구  ,       ,서울시 종로구 연지동 270,37.5718981,127.001222
공연장,두산아트센터 연강홀,Doosan Art Center Yonkang Hall,    ,종로구  ,       ,서울시 종로구 연지동 270,37.5718981,127.001222
공연연습실(대학로),두산아트센터 연강홀,,    ,종로구  ,110-739,서울시 종로구 종로33길 15,37.5718981,127.001222
공연장,드림시어터,DREAM Theater,2012,종로구  ,       ,서울시 종로구 동숭동 1-48 빌리지빌딩 3층 [110-809],37.5829499,127.0026333
복지관,등촌1 종합사회복지관,,    ,강서구  ,157-761,서울시 강서구 강서로68길 36,37.564973,126.8424306
복지관,등촌4 종합사회복지관,,    ,강서구  ,157-764,서울시 강서구 공항대로 39길 59,37.5615689,126.8433209
복지관,등촌7 종합사회복지관,,    ,강서구  ,157-767,서울시 강서구 공항대로 43길 104,37.5608036,126.8516881
복지관,등촌9 종합사회복지관,,    ,강서구  ,157-769,서울시 강서구 화곡로63가길 92,37.5616417,126.8496298
공연장,디마떼오홀,Dimatteo,1998,종로구  ,       ,서울시 종로구 동숭동 1-141,37.5800339,127.0039507
공연연습실(대학로),디마떼오홀,,    ,종로구  ,110-809,서울시 종로구 동숭길 29,37.5800339,127.0039507
공연장,디큐브아트센터,,    ,     ,       ,,,
공연장,떼아뜨르추,,    ,마포구  ,       ,서울시 마포구 동교동 358-116,37.5531143,126.9221592
공연연습실(대학로),라이브극장,,    ,종로구  ,110-809,서울시 종로구 대학로12길 64,37.5812002,127.0037165
공연장,라이프씨어터,Life Theater,2008,종로구  ,       ,서울시 종로구 명륜2가 24-1,37.5839008,127.0010554
공연연습실(대학로),라이프씨어터,,    ,종로구  ,110-522,서울시 종로구 창경궁로34길 26,37.5839008,127.0010554
공연장,라트어린이극장,LATT Children`s Theatre,2002,강남구  ,       ,서울시 강남구 도곡동 514-1,37.4842685,127.0421734
공연연습실(대학로),라트어린이극장,,    ,강남구  ,135-854,서울시 강남구 논현로 164,37.4842964,127.0424336
공연장,레몬아트홀,Arts Play Theater 2,2007,종로구  ,       ,서울시 종로구 동숭동 1-58,37.5822932,127.0025237
공연연습실(대학로),롤링홀,,    ,마포구  ,121-895,서울시 마포구 어울마당로 35,37.548485,126.9201334
공연장,롯데월드 예술극장,Lotteworld Art Theater,1994,송파구  ,       ,서울시 송파구 잠실동 40-1번지,37.5112862,127.0979392
공연연습실(대학로),롯데월드예술극장,,    ,송파구  ,138-721,서울시 송파구 올림픽로 240,37.5112862,127.0979392
공연장,롯데카드 아트센터,LOTTE CARD ART CENTER,2012,마포구  ,       ,서울시 마포구 서교동 490번지 메세나 폴리스 2층 롯데카드 아트센터,37.5509344,126.9137824
공연장,르메이에르소극장,Lemeilleur Theater,2006,종로구  ,       ,서울시 종로구 동숭동 1-145 대학빌딩 지하 1층,37.58077,127.0041608
공연연습실(대학로),르메이에르소극장,,    ,종로구  ,110-809,서울시 종로구 동숭길 55,37.58077,127.0041608
전시시설,리더스 갤러리수,,    ,종로구  ,110-300,서울시 종로구 인사동5길 21,37.5724697,126.9852399
전시시설,리씨갤러리,,    ,종로구  ,110-220,서울시 종로구 팔판길 1-8,37.5825848,126.9805781
공연장,마당세실극장,Madang Sesil Theater,1997,종로구  ,       ,서울시 종로구 동숭동 192-18 지하,37.5786935,127.0046492
공연연습실(대학로),마당세실극장,,    ,종로구  ,110-810,서울시 종로구 이화장길 78,37.5786935,127.0046492
복지관,마들사회복지관,,    ,노원구  ,139-865,서울시 노원구 동일로 210길 22,37.6472537,127.0651959
공연장,마로니에 극장,marronnier theater,2010,종로구  ,       ,서울시 종로구 동숭동 130-47,37.5805863,127.0045827
공연연습실(대학로),마로니에극장,,    ,종로구  ,110-809,서울시 종로구 동숭길 50,37.5805863,127.0045827
공연장,마루채,maruchae,2003,종로구  ,       ,서울시 종로구 명륜4가 62번지 공간 마루채,37.5825888,126.9997447
공연장,마을극장 흰고무신,Village Theater White Rubber Shoes,2018,도봉구  ,1315,"서울시 도봉구 시루봉로15마길 13 (방학동, 방학2동 마을극장)",37.6681901,127.0350444
전시시설,마이클슐츠갤러리,,    ,강남구  ,135-955,서울시 강남구 압구정로 461,37.5252829,127.0472385
복지관,마천종합사회복지관,,    ,송파구  ,138-821,서울시 송파구 마천로 65길 4,37.4917741,127.1556303
청소년수련관,마천청소년수련관,,    ,송파구  ,138-821,서울시 송파구 성내천로 319,37.4923374,127.1566455
도서관,마포구립 서강도서관,,    ,마포구  ,121-881,서울시 마포구 독막로 165,37.5477111,126.9320121
공연연습실(대학로),마포문화센터,,    ,마포구  ,121-809,서울시 마포구 대흥로 20길 28,37.5499841,126.9455597
지방문화원,마포문화원,,    ,마포구  ,121-853,서울시 마포구 백범로 227,37.542243,126.9554097
공연장,마포아트센터,Mapo Arts Center,2008,마포구  ,       ,서울시 마포구 대흥동 30-3,37.5499841,126.9455597
공연연습실(대학로),마포아트센터,,    ,마포구  ,121-809,서울시 마포구 대흥로 20길 28,37.5499841,126.9455597
청소년수련관,마포청소년문화의집,,    ,마포구  ,121-904,서울시  마포구 상암산로1길 67,37.5803526,126.8838894
청소년수련관,마포청소년수련관,,    ,마포구  ,121-711,서울시 마포구 월드컵로 212,37.566242,126.9019425
도서관,마포평생학습관,,    ,마포구  ,121-837,서울시 마포구 홍익로2길 16,37.5542731,126.9242413
도서관,마포평생학습관 아현분관,,    ,마포구  ,121-861,서울시 마포구 마포대로 224,37.5538717,126.95725
공연장,맛있는 극장,,2010,종로구  ,       ,서울시 종로구 혜화동 109-4  지층,37.5862367,127.0007573
청소년수련관,망우청소년수련관,,    ,중랑구  ,131-800,서울시 중랑구 송림길 156,37.606169,127.108855
공연장,메모리아트홀,Memory ArtHall,2009,종로구  ,       ,서울시 종로구 동숭동 50-24 지하1층,37.5817566,127.0042887
공연장,메사고릴라크루전용관(메사팝콘홀),,    ,중구   ,       ,서울시 중구 회현동 1가 204번지 10~12층,37.5603767,126.9796171
복지관,면목종합사회복지관,,    ,중랑구  ,131-753,서울시 중랑구 용마산로 228,37.5736945,127.0878178
전시시설,명갤러리,,    ,종로구  ,110-300,서울시 종로구 인사동길 28-1,37.5732953,126.9861357
공연장,명동 해치홀,HAECHIHALL,2008,중구   ,       ,서울시 중구 명동2가 31-1 M플라자 빌딩 5층,37.5624994,126.9851619
공연장,명동난타극장(구.명동아트센터),Myeong Dong Art Center,    ,중구   ,       ,서울시 중구 명동2가 50-14,37.5634537,126.9837623
공연연습실(대학로),명동성당 꼬스트홀,,    ,중구   ,100-809,서울시 중구 명동길 74,37.5630786,126.9869944
공연장,명동예술극장,MYEONGDONG THEATER,2009,종로구  ,       ,서울시 종로구 명동 1가 54,37.5639764,126.984217
공연연습실(대학로),명동예술극장,,    ,중구   ,101-021,서울시 중구 명동길35,37.5639764,126.984217
전시시설,모인화랑,,    ,종로구  ,110-300,서울시 종로구 인사동10길 13,37.5743466,126.9857216
공연연습실(대학로),모차르트홀,,    ,서초구  ,137-871,서울시 서초구 명달로 104,37.4864197,127.0045483
전시시설,목금토갤러리,,    ,종로구  ,110-809,서울시 종로구 마로니에길 33,37.5805009,127.0028245
공연장,목동 브로드홀,Broad Hall,    ,양천구  ,       ,서울시 양천구 목동 923-5,37.5269584,126.8715054
복지관,목동종합사회복지관,,    ,양천구  ,158-810,서울시 양천구 목동중앙북로 8길 104,37.5445593,126.8663507
공연연습실(대학로),목동청소년수련관,,    ,양천구  ,158-050,서울시 양천구 목동서로 143,37.5307355,126.8754829
도서관,목마작은도서관,,    ,양천구  ,158-879,서울시 양천구 목동동로 407-2,37.5242141,126.8713288
도서관,문래정보문화도서관,,    ,영등포구 ,150-093,서울시 영등포구 문래로20길 49,37.516569,126.8913666
청소년수련관,문래청소년수련관,,    ,영등포구 ,150-835,서울시 영등포구 문래로 110,37.5189081,126.8940305
공연장,문화공간 가치,cultural space value,2020,도봉구  ,1448,서울시 도봉구 도봉로109길 11 (쌍문동),37.6608835,127.0362193
공연장,문화공간 아리,,2009,종로구  ,       ,서울시 종로구 혜화동 10-18 지하1층,37.5895698,126.9994495
공연연습실(대학로),문화공간 아리,,    ,종로구  ,110-530,서울시 종로구 혜화로 46,37.5895698,126.9994495
공연장,문화공간엘림홀,Culture Space Ellim Hall,2007,종로구  ,       ,서울시 종로구 동숭동 195- 6(110-810),37.579389,127.004791
공연장,문화일보갤러리,MUNHWAILBO GALLERY,1995,중구   ,       ,서울시 중구 충정로 1가 68,37.5671084,126.9686899
공연장,문화일보홀,Munhwailbo Hall&nbsp;,1995,중구   ,       ,서울시 중구 충정로1가 68 문화일보 홀,37.567088,126.96859
공연연습실(대학로),문화일보홀,,    ,중구   ,100-723,서울시 중구 새문안로 22,37.5671084,126.9686899
공연장,문화정원아트홀,MUN HWA JEONG WON Aat Hall,2015,금천구  ,8523,서울시 금천구 가산로 61 (독산동),37.4718517,126.8959292
전시시설,물파스페이스,,    ,종로구  ,110-170,서울시 종로구 인사동9길 27,37.572967,126.9838458
공연장,뮤디스홀,MUDIZ HALL,2006,종로구  ,       ,서울시 종로구 동숭동 1-57,37.5825008,127.0024538
공연장,미라클씨어터 1관,Miracle Theater 1,2005,종로구  ,       ,서울시 종로구 동숭동 1-145 대학빌딩,37.58077,127.0041608
공연장,미라클씨어터 2관,Miracle Theater 2,2006,종로구  ,       ,서울시 종로구 동숭동 1-145 대학빌딩,37.58077,127.0041608
공연연습실(대학로),미라클씨어터1관,,    ,종로구  ,110-809,서울시 종로구 동숭길 55,37.58077,127.0041608
공연장,미마지아트센터 눈빛극장,,2009,종로구  ,       ,서울시 종로구 명륜1가 36-13,37.5871032,126.9997925
공연장,미마지아트센터 물빛극장,,2003,종로구  ,       ,서울시 종로구 동숭동 1-133,37.5803213,127.0035149
공연연습실(대학로),미마지아트센터 물빛극장,,    ,종로구  ,110-809,서울시 종로구 대학로8가길 129,37.5803213,127.0035149
공연장,미마지아트센터 풀빛극장,,2009,종로구  ,       ,서울시 종로구 동숭동 1-133,37.5803213,127.0035149
공연연습실(대학로),민속극장풍류,,    ,강남구  ,135-874,서울시 강남구 봉은사로 406,37.5102289,127.0446484
미술관,밀알미술관,,    ,강남구  ,135-230,서울시 강남구 일원로 90,37.4857714,127.0823193
공연연습실(대학로),밀알학교세라믹팔레스홀,,    ,강남구  ,135-230,서울시 강남구 일원로 90,37.4857714,127.0823193
공연장,바다씨어터,Bada Theater,2008,종로구  ,       ,서울시 종로구 명륜4가 16-1,37.5831369,127.0009931
공연연습실(대학로),바로크챔버홀 ,,    ,서초구  ,137-867,서울시 서초구 남부순환로325길 9,37.4817433,127.0144813
공연장,바탕골소극장,,    ,종로구  ,       ,서울시 종로구 동숭동 1-60 5층,37.5818912,127.0025727
전시시설,박여숙화랑,,    ,강남구  ,135-955,서울시 강남구 압구정로 461,37.5252829,127.0472385
전시시설,박영덕화랑,,    ,강남구  ,135-954,서울시 강남구 압구정로 72길 12,37.5257106,127.0448889
복지관,반포종합사회복지관,,    ,서초구  ,137-907,서울시 서초구 신반포로 33길 22,37.5099503,127.01099
청소년수련관,방배유스센터,,    ,서초구  ,137-851,서울시 서초구 방배로 5길 11,37.478305,126.9990658
복지관,방아골종합사회복지관,,    ,도봉구  ,132-833,서울시 도봉구 시루봉로 17길 43,37.6692693,127.0327234
복지관,방화11 종합사회복지관,,    ,강서구  ,157-775,서울시 강서구 개화동로 21길 4,37.570159,126.8054428
복지관,방화2 종합사회복지관,,    ,강서구  ,157-782,서울시 강서구 방화대로48길 40,37.5747818,126.8189606
복지관,방화6 종합사회복지관,,    ,강서구  ,157-786,서울시 강서구 금낭화로23길 25,37.5784496,126.8110072
공연장,배고파 씨어터,,    ,종로구  ,       ,서울시 종로구 동숭동 128-16,37.5811167,127.00436
전시시설,백송화랑,,    ,종로구  ,110-300,서울시 종로구 인사동길 31-8,37.5732897,126.985325
공연장,백암아트홀,Baekam Art Hall&nbsp;,2004,강남구  ,       ,서울시 강남구 삼성동 170-5,37.5105376,127.0659125
공연연습실(대학로),백암아트홀,,    ,강남구  ,135-882,서울시 강남구 테헤란로113길 7,37.5105376,127.0659125
복지관,번동2단지 종합사회복지관,,    ,강북구  ,142-762,서울시 강북구 한천로105길 24,37.6265676,127.0453405
복지관,번동3단지 종합사회복지관,,    ,강북구  ,142-763,서울시 강북구 오현길 210,37.6434801,127.0111839
도서관,법원도서관,,    ,서초구  ,137-750,서울시 서초구 서초대로 219,37.4922928,127.0053561
청소년수련관,보라매청소년수련관,,    ,동작구  ,156-849,서울시 동작구 여의대방로 20길 33,37.4926778,126.919139
복지관,본동종합사회복지관,,    ,동작구  ,156-812,서울시 동작구 용봉길 61,36.0116947,128.2711393
전시시설,본화랑,,    ,종로구  ,110-200,서울시 종로구 삼청로2길 37-2,37.5799669,126.9812708
복지관,봉천종합사회복지관,,    ,관악구  ,151-808,서울시 관악구 관악로 254,37.4866744,126.9575151
공연연습실(대학로),부암아트홀,,    ,종로구  ,110-817,서울시 종로구 자하문로 242,37.5957428,126.9640996
복지관,북부종합사회복지관,,    ,노원구  ,139-838,서울시 노원구 동일로 245길 56,37.6796011,127.052403
공연연습실(대학로),북서울꿈의숲 아트센터,,    ,강북구  ,142-861,서울시 강북구 월계로 173,37.6217709,127.0411741
미술관,북촌미술관,,    ,종로구  ,110-260,서울시 종로구 북촌로7길 4,37.5803267,126.9841837
공연장,북촌아트홀,Bukchon Art Hall,2010,종로구  ,       ,서울시 종로구 원서동 157-1번지,37.5789636,126.9889818
공연연습실(대학로),불교전통문화예술공연장,,    ,종로구  ,110-170,서울시 종로구 우정국로 55,37.573909,126.9825588
공연연습실(대학로),브로드웨이아트홀 ,,    ,종로구  ,110-530,서울시 종로구 대학로 144,37.5839645,127.002167
공연장,브로드웨이아트홀 1관,Chang Jo Concert Hall 1,2007,종로구  ,       ,서울시 종로구 혜화동 185번지 중원빌딩 6층,37.5839645,127.002167
공연장,브로드웨이아트홀 2관,Brodway Art Hall 2,2007,종로구  ,       ,서울시 종로구 혜화동 185번지 중원빌딩 6층,37.5839645,127.002167
공연연습실(대학로),블랙박스씨어터,,    ,종로구  ,110-809,서울시 종로구 대학로10길 5,37.5818912,127.0025727
공연장,블러섬랜드,blossomland,2007,마포구  ,       ,서울시 마포구 서교동 403-1 4층,37.5501091,126.9208488
공연장,블루스퀘어 삼성전자홀,BLUE SQUARE,2011,용산구  ,       ,서울시 용산구 한남동 727-56,37.5407031,127.0026478
공연장,블루스퀘어 삼성카드홀,BLUE SQUARE,2011,용산구  ,       ,서울시 용산구 한남동 727-56,37.5407031,127.0026478
공연연습실(대학로),비보이 전용극장,,    ,마포구  ,121-739,서울시 마포구 와우산로 121,37.553552,126.9267194
전시시설,빛갤러리,,    ,종로구  ,110-200,서울시 종로구 북촌로5길 84,37.5801195,126.9804153
공연장,빛과 소리아트홀,,    ,     ,       ,,,
공연장,쁘티첼씨어터 (구. 컬처스페이스 엔유),,2010,종로구  ,       ,서울시 종로구 동숭동 1-144번지,37.5807735,127.003972
공연장,사.춤전용관,Sa-Choom Theater,    ,종로구  ,       ,서울시 종로구 낙원동 284-6 낙원빌딩 5층 502호,37.5725746,126.9878037
복지관,사당종합사회복지관,,    ,동작구  ,156-821,서울시 동작구 사당로 14길 20,37.4832708,126.9713925
복지관,사랑의전화마포종합사회복지관,,    ,마포구  ,121-851,서울시 마포구 만리재로 29,37.5447594,126.9545693
공연연습실(대학로),사랑하면 춤을춰라 전용관 (사춤전용관),,    ,종로구  ,110-707,서울시 종로구 삼일대로 428,37.5722166,126.9876448
도서관,사립명성교회도서관,,    ,강동구  ,134-830,서울시 강동구 상암로 51길 8,37.5469091,127.1462725
미술관,사비나미술관,,    ,종로구  ,110-240,서울시 종로구 율곡로 49-4,37.5765769,126.9845745
공연장,산울림소극장,Sanwoollim Theatre&nbsp;,1985,마포구  ,       ,서울시 마포구 서교동 327-9,37.5550758,126.930102
공연연습실(대학로),산울림소극장,,    ,마포구  ,121-836,서울시 마포구 와우산로 157,37.5550758,126.930102
공연장,삼각산 문화예술회관,Samgaksan Culture & Art Center,2001,강북구  ,       ,서울시 강북구 가오길 82(수유6동 360-10) (우)142-882,37.6441649,127.015797
미술관,삼성미술관Leeum,,    ,용산구  ,140-893,서울시 용산구 이태원로 55길,37.537227,126.9978713
공연연습실(대학로),삼성아트홀 ,,    ,강남구  ,135-847,서울시 강남구 영동대로 407,37.5055754,127.0642484
박물관,삼성출판박물관,,    ,종로구  ,110-804,서울시 종로구 비봉길 2-2,37.6087042,126.9570727
공연장,삼일로창고극장,Changgo Theatre,    ,중구   ,       ,서울시 중구 저동1가 1-20,37.5646634,126.986744
공연연습실(대학로),삼일로창고극장,,    ,중구   ,100-031,서울시 중구 삼일대로9길 12,37.5634575,126.9880094
복지관,삼전종합사회복지관,,    ,송파구  ,138-841,서울시 송파구 백제고분로 32길 35,37.4991276,127.0949477
공연연습실(대학로),삼청각,,    ,성북구  ,136-823,서울시 성북구 대사관로 3,37.5971439,126.9843219
공연장,삼형제극장(대학로),.,2009,종로구  ,       ,서울시 종로구 동숭동 199-33 2F,37.5785059,127.0046483
복지관,상계종합사회복지관,,    ,노원구  ,139-810,서울시 노원구 덕릉로 115나길 25,37.667934,127.0784423
복지관,상도종합사회복지관,,    ,동작구  ,156-830,서울시 동작구 상도로 39가길 7,37.5024836,126.9496074
공연연습실(대학로),상명아트센터,,    ,종로구  ,110-743,서울시 종로구?홍지문2길 20?,37.602823,126.9550432
공연장,상명아트센터 계당홀,sangmyung art center,2009,종로구  ,       ,서울시 종로구 홍지동 7 상명아트센터 U B204,37.6030022,126.9563873
공연장,상명아트센터 콘서트홀,sangmyung art center,2009,종로구  ,       ,서울시 종로구 홍지동 7 상명아트센터 U B204,37.6030022,126.9563873
공연장,상명아트홀 1관,Sang Myung Art Hall 1,2004,종로구  ,       ,서울시 종로구 동숭동 1-38 상명대학교 동숭캠퍼스 예술?디자인 센터 (우) 110-510,37.5833504,127.0027297
공연장,상명아트홀 2관,Sang Myung Art Hall 2,2004,종로구  ,       ,서울시 종로구 동숭동 1-38 상명대학교 동숭캠퍼스 예술?디자인 센터 (우) 110-510,37.5833504,127.0027297
공연연습실(대학로),상상마당 라이브홀,,    ,마포구  ,121-893,서울시 마포구 어울마당로 65,37.551001,126.9210338
공연장,상상아트홀 블루관,Sang Sang Blue Art Hall,1991,종로구  ,       ,서울시 종로구 동숭동 1-42,37.5832937,127.0032917
공연장,상상아트홀 화이트관,Sang Sang White Art Hall,2004,종로구  ,       ,서울시 종로구 동숭동 1-42,37.5832937,127.0032917
공연연습실(대학로),상설무대우리소리소극장,,    ,마포구  ,121-841,서울시 마포구 월드컵북로5가길 8-7,37.556765,126.9182533
미술관,상원미술관,,    ,종로구  ,110-848,서울시 종로구 평창 31길 27,37.6116119,126.976591
공연장,샘터파랑새극장 1관,Samtoh Bluebird Theater 1,1984,종로구  ,       ,서울시 종로구 동숭동 1-115,37.5815458,127.0023403
공연장,샘터파랑새극장 2관,Samtoh Bluebird Theater 2,2007,종로구  ,       ,서울시 종로구 동숭동 1-115,37.5815458,127.0023403
공연연습실(대학로),샘터파랑새극장1관,,    ,종로구  ,110-809,서울시 종로구 대학로 116,37.5815458,127.0023403
전시시설,샘터화랑,,    ,서초구  ,137-044,서울시 서초구 고무래로8길 4,37.502667,127.0103074
복지관,생명의전화종합사회복지관,,    ,성북구  ,136-130,서울시 성북구 오패산로 21,37.6045618,127.0364666
공연장,샤론홀,Sharon Hall,2018,서초구  ,6656,"서울시 서초구 서초대로40길 49 (서초동, 라이프재단 빌딩)",37.4894637,127.0082
공연장,샤롯데씨어터,Charlotte Theater&nbsp;,2006,송파구  ,       ,서울시 송파구 잠실동 40-1,37.5112862,127.0979392
공연연습실(대학로),샤롯데씨어터,,    ,송파구  ,138-721,서울시 송파구 올림픽로 240,37.5112862,127.0979392
공연장,서강대학교 메리홀 소극장,,1970,마포구  ,       ,서울시 마포구 신수동 1번지,37.5494124,126.940593
공연장,서강대학교 메리홀(대극장),Sogang University Mary Hall,1970,마포구  ,       ,서울시 마포구 신수동 1번지,37.5494124,126.940593
공연연습실(대학로),서강대학교메리홀,,    ,마포구  ,121-742,서울시 마포구 백범로 35,37.5512304,126.9392743
공연장,서교스퀘어,Seogyo Square,2020,마포구  ,4044,서울시 마포구 양화로 72 (서교동),37.5507977,126.9167221
도서관,서대문구 이진아기념도서관,,    ,서대문구 ,120-080,서울시 서대문구 독립문공원길 80,37.5742169,126.9561692
도서관,서대문도서관,,    ,서대문구 ,120-823,서울시 서대문구 모래내로 412,37.5833325,126.9409299
지방문화원,서대문문화원,,    ,서대문구 ,120-851,서울시 서대문구 백련사길 39,37.5832608,126.9303605
공연연습실(대학로),서대문문화체육회관,,    ,서대문구 ,120-760,서울시 서대문구 통일로 484,37.5913957,126.9424801
공연장,서대문문화회관,Seodaemun-gu Culture Facilities,1992,서대문구 ,       ,서울시 서대문구 백련사길 19 (홍은3동 산26-155번지) 서대문문화회관,37.5846072,126.9288988
문예회관,서대문문화회관,,    ,서대문구 ,120-851,서울시 서대문구 백련사길 39,37.5832608,126.9303605
공연장,서대문아트홀,,2009,서대문구 ,       ,서울시 서대문구 미근동 163번지,37.5633354,126.9672856
복지관,서대문종합사회복지관,,    ,서대문구 ,120-802,서울시 서대문구 모래내로 177,37.5714701,126.9202752
청소년수련관,서대문청소년수련관,,    ,서대문구 ,120-826,서울시 서대문구 연희로 32길 129,37.5790919,126.9379466
공연장,서연아트홀,,2013,종로구  ,       ,서울시 종로구 명륜2가 21-10,37.5839058,127.0005886
공연연습실(대학로),서연아트홀,,    ,종로구  ,110-522,서울시 종로구 창경궁로 258-9,37.5839058,127.0005886
공연장,서완소극장,SeowanTheater,2009,종로구  ,       ,서울시 종로구 명륜2가 21-23 한양빌딩 B1,37.5841719,127.0004668
공연연습실(대학로),서울 열린극장 창동,,    ,도봉구  ,132-898,서울시 도봉구 노해로69길 132,37.6581765,127.0507402
도서관,서울고덕평생학습관,,    ,강동구  ,134-804,서울시 강동구 고덕로 295,37.5581855,127.1586598
공연장,서울교육문화회관 대극장,Seoul KyoYuk MunHwa HoeKwan,    ,서초구  ,       ,서울시 서초구 양재동 202번지,37.4667729,127.0328158
공연연습실(대학로),서울교육문화회관 대극장,,    ,서초구  ,137-915,서울시 서초구 바우뫼로 12길 70,37.4667729,127.0328158
박물관,서울교육박물관,,    ,종로구  ,110-210,서울시 종로구 북촌로5길 48,37.5807787,126.9830411
공연장,서울남산국악당,Seoul Namsan Treditional Theater,2007,중구   ,       ,서울시 중구 필동 2가 84-1호 남산골 한옥마을내 서울남산국악당,37.559315,126.994477
공연연습실(대학로),서울남산국악당,,    ,중구   ,100-272,서울시 중구 퇴계로 34길 28,37.5583775,126.9939831
공연연습실(대학로),서울놀이마당,,    ,송파구  ,138-915,서울시 송파구 잠실로 148,37.5124523,127.0960483
공연연습실(대학로),서울대학교 두레문예관공연장,,    ,관악구  ,151-742,서울시 관악구 관악로 1,37.480967,126.953148
공연연습실(대학로),서울대학교문화관,,    ,관악구  ,151-742,서울시 관악구 관악로 1,37.480967,126.953148
전시시설,서울대학교미술관,,    ,관악구  ,151-742,서울시 관악구 관악로 1,37.480967,126.953148
도서관,서울도서관,,    ,중구   ,100-744,서울시 중구 세종대로 110,37.5665851,126.9782038
공연장,서울미동초등학교체육관,,    ,서대문구 ,       ,서울시 서대문구 충정로동 29 (미근동 36)번지 ,37.5644856,126.9670885
복지관,서울시립대종합사회복지관,,    ,중랑구  ,131-790,서울시 중랑구 신내길 115,37.6126006,127.1008186
미술관,서울시립미술관,,    ,중구   ,100-813,서울시 중구 덕수궁길 61,37.5643082,126.9744408
도서관,서울시립어린이도서관,,    ,종로구  ,110-054,서울시 종로구 사직로 9길 7,37.5759361,126.967264
청소년수련관,서울시립청소년드림센터,,    ,강남구  ,135-740,서울시 강남구 봉은사로114길 43,37.5124488,127.0663382
박물관,서울역사박물관,,    ,종로구  ,110-062,서울시 종로구 새문안로 55,37.5707551,126.9688336
공연장,서울연극센터,Seoul Theater Center,2007,종로구  ,       ,서울시 종로구 명륜4가 1번지,37.5834023,127.0013246
공연장,서울열린극장 창동,Seoul Open Theater CHANG DONG,    ,도봉구  ,       ,서울시 도봉구 창동 1-6,37.6581765,127.0507402
공연장,서울월드컵경기장 마당놀이전용극장,,2009,마포구  ,       ,서울시 마포구 성산동 서울월드컵경기장 북측광장 마당놀이전용극장,37.572917,126.899317
청소년수련관,서울유스호스텔,,    ,중구   ,100-250,서울시 중구 퇴계로26가길 6,37.5584605,126.9906136
공연장,서울점프전용극장,,2012,종로구  ,       ,서울시 종로구 관수동 59-7,37.5697989,126.9917928
도서관,서울중구구립도서관,,    ,중구   ,100-834,서울시 중구 동호로14길 18,37.5563646,127.0108385
공연연습실(대학로),서울패션센터 패션아트홀,,    ,중구   ,100-889,서울시 중구 퇴계로73길 50,37.5673942,127.0139749
공연장,서울패션아트홀,Seoul Fashion & Art Hall,    ,중구   ,       ,서울시 중구 신당동 251-7번지 서울패션센터 5층,37.5673069,127.0121051
공연장,서울퍼포밍아트홀,Seoul Performing Arts Hall,    ,마포구  ,       ,서울시 마포구 대흥동 30-3,37.5499841,126.9455597
공연장,서울호서아트홀 (구 클막시어터),,2009,종로구  ,       ,서울시 종로구 혜화동 143-2 유니로드빌딩 5층,37.5844992,127.0011794
복지관,서초구립 한우리정보문화센터,HanwooriRehabilitationCenter,2009,서초구  ,6756,서울시 서초구 남부순환로340길 15,37.4821422,127.0248702
공연장,서초구민회관,Seocho Hall,1988,서초구  ,       ,서울시 서초구 양재동 25,37.4816879,127.0358257
지방문화원,서초문화원,,    ,서초구  ,137-889,서울시 서초구 강남대로 201,37.4816879,127.0358257
청소년수련관,서초유스센터,,    ,서초구  ,137-872,서울시 서초구 반포대로 57,37.4855095,127.0103713
공연장,서커스싸구려관람석,,    ,종로구  ,       ,서울시 종로구 명륜4가 154-3 지하,37.5820165,126.9997859
공연장,선돌극장,Sundol Theatre,2007,종로구  ,       ,서울시 종로구 명륜1가 46-11,37.5868263,126.9997671
도서관,선유정보문화도서관,,    ,영등포구 ,150-103,서울시 영등포구 선유로 43가길 10-8,37.5333201,126.8929355
복지관,선의관악종합사회복지관,,    ,관악구  ,151-807,서울시 관악구 양녕로 16길 44-9,37.4918372,126.9456062
전시시설,선화랑,,    ,종로구  ,110-290,서울시 종로구 인사동 184,37.5729333,126.9857162
공연연습실(대학로),설치극장 정미소,,    ,종로구  ,110-810,서울시 종로구 이화장길 66,37.5782395,127.0047332
공연장,설치극장정미소,Theatre Jungmiso,2002,종로구  ,       ,서울시 종로구 동숭동 199-17 객석B/D,37.5782395,127.0047332
미술관,성곡미술관,,    ,종로구  ,110-062,서울시 종로구 신문로2가 1-101,37.5735475,126.9698356
공연연습실(대학로),성균관대 새천년홀,,    ,종로구  ,110-745,서울시 종로구 성균관로 41,37.5857974,126.9957392
공연장,성균관대학교 새천년홀,New Millenium Hall,1997,종로구  ,       ,서울시 종로구 명륜3가 53번지 성균관대학교 600주년기념관 B2F 새천년홀,37.5873659,126.9944673
공연장,성균소극장,Sungkyun Theater,2006,종로구  ,       ,서울시 종로구 명륜2가 149번지,37.584144,126.9979871
공연연습실(대학로),성균소극장,,    ,종로구  ,110-522,서울시 종로구 성균관로 12-3,37.584144,126.9979871
복지관,성내종합사회복지관,,    ,강동구  ,134-849,서울시 강동구 성안로13길 56,37.5322303,127.1293673
도서관,성동구립 금호도서관,,    ,성동구  ,133-801,서울시 성동구 난계로 20,37.5541236,127.0249051
도서관,성동구립 무지개도서관,,    ,성동구  ,133-701,서울시 성동구 고산자로 270,37.5632153,127.0367465
도서관,성동구립 용답도서관,,    ,성동구  ,133-849,서울시 성동구 용답 중앙3길 10,37.5667179,127.0513064
도서관,성동구립도서관,,    ,성동구  ,133-070,서울시 성동구 고산자로 10길 9,37.5592177,127.0349335
지방문화원,성동문화원,,    ,성동구  ,133-865,서울시 성동구 왕십리길 288,37.562579,127.0325566
공연장,성동문화회관 소월아트홀,Sowol Art Hall,2006,성동구  ,       ,서울시 성동구 행당동 142-16,37.5593642,127.0361222
공연연습실(대학로),성동문화회관(소월아트홀),,    ,성동구  ,133-865,서울시 성동구 왕십리로 281,37.5593642,127.0361222
복지관,성동종합사회복지관,,    ,성동구  ,133-814,서울시 성동구 청계천로 506,37.5703813,127.033664
청소년수련관,성동청소년문화의집,,    ,성동구  ,133-807,서울시 성동구 장터1길 18,37.5494779,127.0190581
청소년수련관,성동청소년수련관,,    ,성동구  ,133-070,서울시 성동구 고산지로 260,37.5632153,127.0367465
복지관,성민종합사회복지관,,    ,관악구  ,151-015,서울시 관악구 호암로 549,37.4667069,126.9310228
미술관,성북구립미술관,,    ,성북구  ,136-823,서울시 성북구 성북로 134,37.5948062,126.9948842
공연연습실(대학로),성북구민회관,,    ,성북구  ,136-060,서울시 성북구 성북로4길 177,37.595823,127.0079848
공연장,성북동비둘기 연극실험실 “일상지하”,SB theatre lab,2010,성북구  ,       ,서울시 성북구 성북동 100-1번지 지하,37.5930817,126.9971955
지방문화원,성북문화원,,    ,성북구  ,136-031,서울시 성북구 성북로 4길 13-8,37.5896121,127.0058455
도서관,성북정보도서관,,    ,성북구  ,136-120,서울시 성북구 화랑로 18자길 13,37.6050025,127.0507423
청소년수련관,성북청소년수련관,,    ,성북구  ,136-831,서울시 성북구 한천로 95길 7,37.5700557,127.0642733
공연연습실(대학로),성북청소년수련관,,    ,성북구  ,136-831,서울시 성북구 한천로 95길 7,37.5700557,127.0642733
복지관,성산종합사회복지관,,    ,마포구  ,121-850,서울시 마포구 월드컵로 215,37.5642995,126.9011546
공연장,성수아트홀,SungSu ArtHall,2012,성동구  ,       ,서울시 성동구 성수동1가 656-323,37.5454156,127.0469729
공연연습실(대학로),성신여자대학교,,    ,성북구  ,136-742,서울시 성북구 보문로34다길 2,37.591939,127.0220201
공연연습실(대학로),성암아트홀,,    ,강남구  ,135-833,서울시 강남구 선릉로111길 6,37.5110419,127.0429529
공연장,세실극장,Cecil Theater,1976,중구   ,       ,서울시 중구 정동 3-7번지,37.5668065,126.9759686
공연연습실(대학로),세실극장,,    ,중구   ,100-120,서울시 중구 세종대로19길 16,37.5668065,126.9759686
공연장,세실아트홀,Cecil Art Hall,1995,강남구  ,6023,서울시 강남구 언주로173길 20 (신사동),37.5281531,127.0318461
전시시설,세오갤러리,,    ,서초구  ,137-872,서울시 서초구 반포대로 94,37.4887343,127.0095941
공연장,세우아트센터,Sewoo Art Center,2002,종로구  ,       ,서울시 종로구 동숭동 1-86번지 세우아트센터 지하 1층,37.5819127,127.003969
공연장,세익스피어 극장,Shakespeare Theater,2008,종로구  ,       ,서울시 종로구 동숭동 1-147,37.5805315,127.0042076
공연연습실(대학로),세익스피어극장,,    ,종로구  ,110-809,서울시 종로구 동숭길 51,37.5805315,127.0042076
공연연습실(대학로),세종대학교대양홀,,    ,광진구  ,143-747,서울시 광진구 능동로 209,37.5507345,127.0741314
공연연습실(대학로),세종문화회관,,    ,종로구  ,110-821,서울시 종로구?세종대로 175,37.5722356,126.9759338
공연장,세종문화회관 M씨어터,Sejong M Theater,1978,종로구  ,       ,서울시 종로구 세종로 81-3,37.5722356,126.9759338
공연장,세종문화회관 대극장,Sejong Center,1978,종로구  ,       ,서울시 종로구 세종로 81-3,37.5722356,126.9759338
전시시설,세종화랑,,    ,종로구  ,110-300,서울시 종로구 인사동길 39,37.5737965,126.984952
공연장,소극장 가변,,2006,성북구  ,       ,서울시 성북구 삼선3가 5-2 지하 1층,37.6025525,127.0217244
공연장,소극장 극단적인 사람들,,    ,종로구  ,       ,서울시 종로구 명륜2가 8-29 2층,37.5844346,126.999967
공연연습실(대학로),소극장 꿈꾸는공작소,,    ,종로구  ,110-530,서울시 종로구 혜화로 14-1,37.586899,127.0002993
공연연습실(대학로),소극장 다르게놀자 ,,    ,종로구  ,110-809,서울시 종로구 동숭길 39,37.5799967,127.0042474
공연장,소극장 다르게놀자(구.손가락놀이극장),Theater Dareuge Nolja,1999,종로구  ,       ,서울시 종로구 동숭동 1-153,37.5799967,127.0042474
공연장,소극장 시월,,    ,종로구  ,       ,서울시 종로구 동숭동 1-47 연경빌딩,37.5829596,127.0024201
공연연습실(대학로),소극장 아리랑,,    ,종로구  ,110-809,서울시 종로구 동숭길 39,37.5799967,127.0042474
공연연습실(대학로),소극장 알과핵,,    ,종로구  ,110-809,서울시 종로구 동숭길 25,37.5799187,127.0035083
공연장,소극장축제,,2003,종로구  ,       ,서울시 종로구 명륜4가 111-2,37.5818497,127.0008522
공연장,소극장피카소,Theater Picaso,2008,종로구  ,       ,서울시 종로구 명륜4가 69-1 소극장 피카소,37.5826978,127.0006477
공연연습실(대학로),소극장피카소,,    ,종로구  ,110-524,서울시 종로구 대명1길 20,37.5826978,127.0006477
미술관,소마미술관,,    ,송파구  ,138-749,서울시 송파구 올림픽로 424,37.5210311,127.1161652
공연장,소울소극장,,2009,종로구  ,       ,서울시 종로구 혜화동 188번지 지층,37.5837378,127.0021417
도서관,솔샘문화정보도서관,,    ,강북구  ,142-100,서울시 강북구 솔샘로 177,37.620458,127.0124383
전시시설,송아트갤러리,,    ,서초구  ,137-921,서울시 서초구 서초중앙로 188,37.4981989,127.0133145
도서관,송중문화정보도서관,,    ,강북구  ,142-809,서울시 강북구 도봉로 20나길 6,37.61832,127.0299758
도서관,송파도서관,,    ,송파구  ,138-857,서울시 송파구 동남로 263,37.5020129,127.1321882
공연장,송파문화원,Songpa Cultural Center,1994,송파구  ,       ,서울시 송파구 잠실동84번지(138-220),37.5102687,127.0763977
지방문화원,송파문화원,,    ,송파구  ,138-892,서울시 송파구 올림픽로 44,37.5102687,127.0763977
도서관,송파어린이도서관,,    ,송파구  ,138-908,서울시 송파구 올림픽로 105,37.5121101,127.0824183
공연연습실(대학로),송파여성문화회관소극장,,    ,송파구  ,138-851,서울시 송파구 백제고분로 42길 5,37.5058978,127.1097799
복지관,송파종합사회복지관,,    ,송파구  ,138-813,서울시 송파구 오금로51길 34,37.4982788,127.1417792
청소년수련관,송파청소년수련관,,    ,송파구  ,138-885,서울시 송파구 중대로4길 4,37.4895602,127.1106174
복지관,수서명화종합사회복지관,,    ,강남구  ,135-783,서울시 강남구 광평로 51길 49,37.4911322,127.1001778
복지관,수서종합사회복지관,,    ,강남구  ,135-885,서울시 강남구 광평로 56길 11,37.4873122,127.1051462
청소년수련관,수서청소년수련관,,    ,강남구  ,135-886,서울시 강남구 광평로 144,37.4832555,127.0893646
도서관,수유문화정보도서관,,    ,강북구  ,142-070,서울시 강북구 삼양로 299,37.6300774,127.0176093
전시시설,수화랑,,    ,강남구  ,135-732,서울시 강남구 테헤란로 521,37.5090474,127.060893
공연장,숙명아트센터 - 씨어터S,Sookmyung Art Center - Theater S,2008,용산구  ,       ,서울시 용산구 청마동 2가 53-12 숙명여자대학교 르네상스플라자 B205,37.5446761,126.9640826
전시시설,숙명여자대학교 문신미술관,,    ,용산구  ,140-742,서울시 용산구 효창원길 52,37.5427825,126.9608745
공연연습실(대학로),숙명여자대학교르네상스플라자콘서트홀,,    ,용산구  ,140-742,서울시 용산구 청파로47길 100,37.5461385,126.9649336
공연장,쉐라톤 그랜드 워커힐호텔 워커힐씨어터,Sheraton Grand Walkerhill Hotel Walkerhill Theatre,2008,광진구  ,       ,서울시 광진구 아차성길 175(광장동 산21) 쉐라톤 그랜드 워커힐,37.5478239,127.1047149
공연장,슈퍼맨아트홀,SupermanArtHall,2012,마포구  ,       ,서울시 마포구 서교동 394-44 서교제일빌딩 지하,37.5504587,126.9157099
공연장,스카이씨어터,Sky Theatre,2010,종로구  ,       ,서울시 종로구 동숭동 1-48 6층,37.5830042,127.0026459
공연장,스타시티 IM스테이지,Starcity IM Stage,2007,종로구  ,       ,서울시 종로구 명륜4가 113-1 스타시티 빌딩,37.582024,127.000347
공연장,스타시티 TM스테이지,Starcity TM Stage,2007,종로구  ,       ,서울시 종로구 명륜4가 113-1 스타시티 빌딩,37.582024,127.000347
공연장,스튜디오 동숭무대,Studio Dongsung Stage,2008,강북구  ,       ,서울시 강북구 미아5동 482-2  (142-105),37.6145576,127.0251302
전시시설,스페이스선+,,    ,종로구  ,110-220,서울시 종로구 삼청로 75-1,37.5821929,126.9814455
공연장,시네마 정동 1관,Cinema Jeongdong 1,2000,중구   ,       ,서울시 중구 정동 스타식스 정동 아트홀,37.5666082,126.9731481
공연장,시네코아 비밥 전용관,CINECORE BIBAP THEATRE,2012,종로구  ,       ,서울시 종로구 삼일대로 386 (관철동 33-1),37.5689572,126.98815
공연연습실(대학로),시네코아 비밥전용관 ,,    ,종로구  ,110-111,서울시 종로구 삼일대로 386,37.5689572,126.98815
공연연습실(대학로),시립창동문화체육센터공연장,,    ,도봉구  ,132-898,서울시 도봉구 노해로 69길 132,37.6581765,127.0507402
복지관,신길종합사회복지관,,    ,영등포구 ,150-853,서울시 영등포구 영등포로84길 24-5,37.5111591,126.9214567
복지관,신내종합사회복지관,,    ,중랑구  ,131-792,서울시 중랑구 봉화산로 153,37.6053667,127.0911425
복지관,신당종합사회복지관,,    ,중구   ,100-828,서울시 중구 동호로11길 22,37.5544011,127.0095329
공연장,신도림 테크노마트 프라임아트홀,Prime Art Hall,2007,구로구  ,       ,서울시 구로구 구로5동3-25,37.5000414,126.8893134
복지관,신림종합사회복지관,,    ,관악구  ,151-015,서울시 관악구 난곡로 110,37.4648455,126.9198509
청소년수련관,신림청소년쉼터,,    ,관악구  ,151-891,서울시 관악구 신림로 376,37.4879832,126.9288344
복지관,신목종합사회복지관,,    ,양천구  ,158-764,서울시 양천구 신목로 5,37.5169375,126.8765544
공연연습실(대학로),신사문화센터,,    ,강남구  ,135-890,서울시 강남구 압구정로 128-0,37.5239986,127.022742
복지관,신사종합사회복지관,,    ,은평구  ,122-882,서울시 은평구 은평로 38,37.5980236,126.9122222
도서관,신월디지털정보도서관,,    ,양천구  ,158-832,서울시 양천구 오목로5길 34,37.5247014,126.8400911
복지관,신월종합사회복지관,,    ,양천구  ,158-841,서울시 양천구 신월로 160,37.5175174,126.841609
청소년수련관,신월청소년문화센터,,    ,양천구  ,158-829,서울시 양천구 가로공원로 86,37.5352345,126.8254896
복지관,신정종합사회복지관,,    ,양천구  ,158-857,서울시 양천구 신정중앙로 80,37.5264869,126.860493
공연장,신촌문화발전소,Shinchon Arts Space,2018,서대문구 ,3777,서울시 서대문구 연세로2나길 57 (창천동),37.5579585,126.9397595
공연연습실(대학로),신한아트홀,,    ,강남구  ,135-514,서울시 강남구 역삼로 251,37.4985355,127.0437437
공연연습실(대학로),신한아트홀,,    ,강남구  ,135-514,서울시 강남구 역삼로 251,37.4985355,127.0437437
공연연습실(대학로),쌈지스페이스 바람소극장,,    ,마포구  ,121-880,서울시 마포구 와우산로30길 18,37.5539627,126.929647
청소년수련관,쌍문동청소년랜드,,    ,도봉구  ,132-884,서울시 도봉구 노해로 140,37.6472083,127.0260468
청소년수련관,쌍문동청소년문화의집,,    ,도봉구  ,132-034,서울시 도봉구 시루봉로 2길 34,37.6543099,127.0290053
공연연습실(대학로),썬프라자 아트홀,,    ,영등포구 ,150-820,서울시 영등포구 신길로 41,37.496457,126.9080686
공연장,썬프라자아트홀,Sunplaza Art Hall,1996,영등포구 ,       ,서울시 영등포구 대림동 909-2 (썬프라자백화점) 2층,37.496457,126.9080686
공연장,씨어터 송,Theatre Song,2013,서초구  ,       ,서울시 서초구 법원로 3길 22 영인빌딩 B1,37.4932388,127.0082602
공연연습실(대학로),씨어터SH,,    ,종로구  ,110-809,서울시 종로구 동숭길 25,37.5799187,127.0035083
공연장,씨어터디아더,Theater TheOther,2005,종로구  ,       ,서울시 종로구 동숭동 1-132,37.5801229,127.0035125
공연장,씨어터바 꿈꾸다,Theater Bar Dreaming,2010,종로구  ,       ,서울시 종로구 명륜2가 33번지 B1층,37.5836029,127.0004638
공연장,씽크아트홀,Think Art Hall,2005,서초구  ,       ,서울시 서초구 반포동 센트럴시티 파미에파크 2F 씽크타운,37.5041299,127.0030692
전시시설,아라리오서울,,    ,강남구  ,135-100,서울시 강남구 도산대로 75길 22,37.5256884,127.0457141
미술관,아르코미술관,,    ,종로구  ,110-809,서울시 종로구 동숭길 3,37.5800891,127.0029816
공연연습실(대학로),아르코예술극장,,    ,종로구  ,110-809,서울시 종로구 대학로8길 7,37.5811966,127.0029748
공연장,아르코예술극장 대극장,Arko Arts Theater,1981,종로구  ,       ,서울시 종로구 동숭동 1-111,37.5811966,127.0029748
공연장,아르코예술극장 소극장,Arko Arts Theater : Small Theater,1981,종로구  ,       ,서울시 종로구 동숭동 1-111,37.5811966,127.0029748
공연장,아름다운 극장,Beautiful Theater,2008,종로구  ,       ,서울시 종로구 명륜2가 8-9,37.5847113,127.0000354
공연연습실(대학로),아름다운극장,,    ,종로구  ,110-522,서울시 종로구 성균관로4길 48,37.5847113,127.0000354
공연장,아리랑소극장,Arirang Theater,1996,종로구  ,       ,서울시 종로구 동숭동 1 - 153 번지,37.5799967,127.0042474
공연장,아리랑아트홀,Arirang Art Hall,1998,성북구  ,       ,서울시 성북구 돈암동 51-49호,37.5978002,127.0214385
도서관,아리랑정보도서관,,    ,성북구  ,136-891,서울시 성북구 아리랑로 82,37.5999181,127.0139024
전시시설,아소갤러리,,    ,강남구  ,135-732,서울시 강남구 테헤란로 521,37.5090474,127.060893
공연연습실(대학로),아시아공원 원형무대,,    ,송파구  ,138-892,서울시 송파구 올림픽로 44,37.5102687,127.0763977
공연장,아이러브아트홀,EYE LOVE ART HALL,2018,강남구  ,6022,서울시 강남구 압구정로32길 30 (신사동),37.5258146,127.0297725
전시시설,아츠스테이 갤러리,ARTXSTAY Gallery in Mullae,2017,영등포구 ,7299,서울시 영등포구 문래동3가 54-43,37.5137559,126.8969355
전시시설,아츠스테이 시청점,ARTXSTAY Co-working in Cityhall,2018,중구   ,4533,"서울시 중구 을지로 지하 12 (을지로1가, 시청광장지하쇼핑센터)",37.5658166,126.9787644
공연장,아츠플레이씨어터 1관,Arts Play Theater 1,2007,종로구  ,       ,서울시 종로구 동숭동 1-58,37.5822932,127.0025237
공연연습실(대학로),아츠플레이씨어터1관,,    ,종로구  ,110-809,서울시 종로구 대학로8가길 30,37.5822932,127.0025237
전시시설,아카스페이스,,    ,종로구  ,110-778,서울시 종로구 인사동5길 29,37.572007,126.9848565
공연연습실(대학로),아트선재 센터(공연장),,    ,종로구  ,110-200,서울시 종로구 율곡로3길 87,37.5794223,126.9818411
공연연습실(대학로),아트센터K,,    ,종로구  ,110-530,서울시 종로구 대학로14길 29,37.5846112,127.002336
공연장,"아트센터K 네모극장(구,원더스페이스 네모극장)",Wonder Space Theater(Nemo),2005,종로구  ,       ,서울시 종로구 혜화동 163-24번지 원더스페이스,37.584533,127.0023555
공연장,"아트센터K 동그라미극장(구,원더스페이스 동그라미극장)",Wonder Space Theater(Donggeurami),2005,종로구  ,       ,서울시 종로구 혜화동 163-24번지 원더스페이스,37.584533,127.0023555
공연장,"아트센터K 세모극장(구,원더스페이스 세모극장)",Wonder Space Theater(Semo),2005,종로구  ,       ,서울시 종로구 혜화동 163-24번지,37.5846112,127.002336
미술관,아트센터나비,,    ,종로구  ,110-728,서울시 종로구 종로 26,37.5696154,126.9803675
전시시설,아트스페이스풀,,    ,종로구  ,110-803,서울시 종로구 세검정로 9길 91-5,37.6064131,126.959217
공연장,아트씨어터 문,Art Theter Mu:n,2007,종로구  ,       ,서울시 종로구 명륜3가 140-4번지 태연 빌딩 지하 1층.,37.5830622,126.9969567
공연연습실(대학로),아트씨어터문,,    ,종로구  ,110-812,서울시 종로구 성균관로3길 23,37.5830622,126.9969567
전시시설,아트파크,,    ,종로구  ,110-230,서울시 종로구 삼청로 129,37.5869381,126.9814871
전시시설,아트포럼뉴게이트,,    ,종로구  ,110-524,서울시 종로구 대명1길 16-7,37.582876,127.0002772
공연장,아트홀 봄,Art Hall bom,2006,동작구  ,       ,서울시 동작구 대방동 345-1 서울여성플라자 1층 아트홀 봄,37.5115773,126.9271429
공연장,아티스탄홀,Artistan Hall,2007,종로구  ,       ,서울시 종로구 동숭동 1-35,37.5830934,127.0020893
공연연습실(대학로),아티스탄홀,,    ,종로구  ,110-522,서울시 종로구 창경궁로 241-1,37.5833986,126.9988578
공연연습실(대학로),악어극장,,    ,종로구  ,110-521,서울시 종로구 성균관로 48-2,37.5868067,126.9967584
공연장,알과핵 소극장,Theater Egg & Nucleus,1998,종로구  ,       ,서울시 종로구 동숭동 1-140,37.5799321,127.0036996
공연장,암사어린이 극장,Amsa Children Theater,    ,강동구  ,       ,서울시 강동구 암사동116-22(암사동 선사유적지 근처),37.5634545,127.1333618
공연장,압구정 로데오 극장,RodeoTheater,2012,강남구  ,       ,서울시 강남구 신사동 657-32 지하 1층,37.5257489,127.0382932
공연연습실(대학로),압구정예홀,,    ,강남구  ,135-896,서울시 강남구 언주로174길 30,37.5278596,127.0362455
공연장,애경아트홀,Aekyung Art Hall,    ,구로구  ,       ,서울시 구로구 구로5동 573번지 애경 백화점 내 5층,37.5000414,126.8893134
복지관,양재종합사회복지관,,    ,서초구  ,137-887,서울시 서초구 남부순환로 2610,37.4845271,127.036194
공연장,양천 문화회관 대극장,YANGCHEON CITY HALL,1998,양천구  ,       ,서울시 양천구 목동서로 367(신정동 322번지),37.5165519,126.8632631
도서관,양천도서관,,    ,양천구  ,158-055,서울시 양천구 목동서로 113,37.5335044,126.8760979
지방문화원,양천문화원,,    ,양천구  ,158-885,서울시 양천구 목동서로 367,37.5165519,126.8632631
공연연습실(대학로),양천문화회관,,    ,양천구  ,158-885,서울시 양천구 목동서로 367,37.5165519,126.8632631
공연연습실(대학로),어린이공원 돔아트홀,,    ,광진구  ,143-847,서울시 광진구 능동로 216,37.5495886,127.081578
공연연습실(대학로),어린이회관 무지개극장,,    ,광진구  ,143-847,서울시 광진구 광나루로 441,37.5468015,127.0778337
전시시설,어반아트,,    ,강남구  ,135-889,서울시 강남구 압구정로12길 51,37.5265851,127.0373028
공연장,언더스탠드 에비뉴 아트스탠드,UNDER STAND AVENUE ART STAND,2016,성동구  ,4769,"서울시 성동구 왕십리로 63 (성수동1가, 언더 스탠드 에비뉴)",37.5435456,127.0436285
전시시설,얼갤러리,,    ,강남구  ,135-889,서울시 강남구 압구정로12길 51,37.5265851,127.0373028
전시시설,엔비전스,,    ,서대문구 ,120-833,서울시 서대문구 연세로 8-1,37.5563107,126.9372084
공연연습실(대학로),엔젤씨어터,,    ,양천구  ,158-050,서울시 양천구 안양천로 939,37.5305022,126.8816564
공연연습실(대학로),여해문화공간,,    ,중구   ,100-391,서울시 중구 장충단로 204,37.5631273,127.0072163
공연연습실(대학로),역삼1동 문화센터 문화예술회관,,    ,강남구  ,135-936,서울시 강남구 역삼로7길 16,37.4953545,127.0332497
도서관,역삼도서관,,    ,강남구  ,135-936,서울시 강남구 역삼로7길 16,37.4953545,127.0332497
청소년수련관,역삼청소년수련관,,    ,강남구  ,135-928,서울시 강남구 논현로 64길 7,37.4939785,127.0409155
공연연습실(대학로),연극사랑 솔나무극장,,    ,종로구  ,110-524,서울시 종로구 대학로11길 43,37.5824478,126.9993213
공연장,연극실험실 혜화동1번지,Hyehwa-dong 1st number,1993,종로구  ,       ,서울시 종로구 혜화동 88-1,37.5863902,127.001343
공연장,연세대학교 노천극장,,2000,서대문구 ,       ,서울시 서대문구 성산로 262 연세대학교 노천극장,37.5653121,126.9396955
공연연습실(대학로),연세대학교 백주년기념관,,    ,서대문구 ,120-749,서울시 서대문구 연세로 50,37.5646993,126.9394972
공연장,연우소극장,Yeonwoo Theater,1987,종로구  ,       ,서울시 종로구 혜화동 53-9 다림빌딩 지하 연우 소극장,37.5869494,127.0017166
공연연습실(대학로),연우소극장,,    ,종로구  ,110-530,서울시 종로구 창경궁로35길 21,37.5869556,127.0018827
공연장,연진아트홀,Champ Theater,2006,종로구  ,       ,서울시 종로구 동숭동 31-9,37.5803585,127.005287
공연연습실(대학로),열린극장,,    ,종로구  ,110-522,서울시 종로구 창경궁로 258-12,37.5837333,127.0004164
공연장,열림홀,openhall,2007,종로구  ,       ,서울시 종로구 연지동 136-25 가나의집 B2,37.5739232,127.0012448
공연연습실(대학로),영등포문화예술회관,,    ,영등포구 ,150-030,서울시 영등포구 신길로 275,37.5152382,126.9108539
지방문화원,영등포문화원,,    ,영등포구 ,150-030,서울시 영등포구 신길로 275,37.5152382,126.9108539
공연장,영등포아트홀,Yeongdeungpo Art Hall,2009,영등포구 ,       ,서울시 영등포구 제물포길 213번지 ,37.5223245,126.9101692
공연연습실(대학로),영등포아트홀,,    ,영등포구 ,150-720,서울시 영등포구 제물포길 213,37.5223245,126.9101692
복지관,영등포종합사회복지관,,    ,영등포구 ,150-851,서울시 영등포구 신길로13길 4,37.4973236,126.9076252
도서관,영등포평생학습관,,    ,영등포구 ,150-808,서울시 영등포구 버드나무로 15길 10,37.5205446,126.9122939
공연연습실(대학로),영산아트홀,,    ,영등포구 ,150-968,서울시 영등포구 여의공원로 101,37.5292525,126.9249131
공연연습실(대학로),영산양재홀,,    ,서초구  ,137-888,서울시 서초구 바우뫼로37길 45,37.4804761,127.0384054
공연연습실(대학로),예림당아트홀,,    ,강남구  ,135-756,서울시 강남구 언주로 337,37.4977905,127.044094
전시시설,예맥화랑,,    ,강남구  ,135-822,서울시 강남구 강남대로 546,37.5109052,127.021953
전시시설,예성화랑,,    ,종로구  ,110-170,서울시 종로구 인사동9길 31,37.5729188,126.9835549
공연장,예술공간 SM(구.스타시티SM스테이지),Starcity SM Stage,2013,종로구  ,       ,서울시 종로구 명륜4가 113-1 스타시티 빌딩,37.582024,127.000347
공연장,예술공간 라푸푸,,2012,종로구  ,       ,서울시 종로구 동숭동 26번지 지하,37.5830555,127.004009
공연장,예술공간 서울,Art Space Seoul,2012,종로구  ,       ,서울시 종로구 명륜2가 93번지,37.5851154,126.998316
공연장,예술공간 혜화,,    ,종로구  ,       ,서울시 종로구 혜화동 74-38,37.5866393,127.0004888
공연연습실(대학로),예술공간혜화,,    ,종로구  ,110-530,서울시 종로구 혜화로 10-3,37.5866393,127.0004888
공연장,예술극장나무와물,Life theater Tree & Water,2003,종로구  ,       ,서울시 종로구 명륜2가 8-1 B1,37.5848743,127.0003674
공연장,예술나무씨어터,artstree theater,2013,구로구  ,       ,서울시 구로구 구로5동 501 나인스에비뉴 B1 예술나무씨어터,37.5323957,126.8432848
공연장,예술마당 1관,Artmadang 1,2005,종로구  ,       ,서울시 종로구 이화동 139번지 예술마당 (110-500),37.5766289,127.0039406
공연장,예술마당 2관,Artmadang 2,2005,종로구  ,       ,서울시 종로구 이화동 139번지 예술마당 (110-500),37.5766289,127.0039406
공연장,유니플렉스 3관,uni plex,2013,종로구  ,       ,서울시 종로구 대학로 12길 64 복합문화예술공간 유니플렉스,37.5811328,127.0036997
공연장,예술마당 3관,Artmadang 3,2005,종로구  ,       ,서울시 종로구 이화동 139번지 예술마당 (110-500),37.5766289,127.0039406
공연장,예술마당 4관,Artmadang 4,2005,종로구  ,       ,서울시 종로구 이화동 139번지 예술마당,37.5766289,127.0039406
공연연습실(대학로),예술의전당,,    ,서초구  ,137-718,서울시 서초구 남부순환로 2406,37.4810859,127.0152453
미술관,예술의전당 서예관,,    ,서초구  ,137-718,서울시 서초구 남부순환로 2406,37.4810859,127.0152453
공연장,예술의전당 오페라극장,Seoul Arts Center Opera Theater,    ,서초구  ,       ,서울시 서초구 남부순환로 2406,37.4810859,127.0152453
공연장,예술의전당 자유소극장,Seoul Arts Center Jayu Theater,    ,서초구  ,       ,서울시 서초구 남부순환로 2406,37.4810859,127.0152453
공연장,예술의전당 제2지하보도,Seoul Arts Center The 2nd Underground passage,1989,서초구  ,       ,서울시 서초구 서초동 1451-95번지,37.4811543,127.0135045
공연장,예술의전당 토월극장,Seoul Arts Center Towol Theater,    ,서초구  ,       ,서울시 서초구 남부순환로 2406,37.4810859,127.0152453
공연연습실(대학로),예술종합학교(크누아홀),,    ,서초구  ,137-070,서울시 서초구 남부순환로 2374,37.4776487,127.0104477
공연장,예스24 스테이지,YES24 STAGE,2019,종로구  ,3086,서울시 종로구 대학로12길 21 (동숭동),37.5842964,127.0066348
전시시설,예원화랑,,    ,강남구  ,135-998,서울시 강남구 삼성로 319,37.5003433,127.059761
공연장,예인아트홀,Yein Art Hall,2018,강남구  ,135-956,서울시 강남구 도산대로81길 45 (청담동),37.5270391,127.0461894
전시시설,예화랑,,    ,강남구  ,135-888,서울시 강남구 압구정로 12길 18,37.5265851,127.0373028
공연연습실(대학로),오디토리움,,    ,강남구  ,135-975,서울시 강남구 봉은사로 524,37.5125207,127.0588194
도서관,오류도서관,,    ,구로구  ,152-890,서울시 구로구 경인로19길 29-6,37.4972064,126.8420372
공연장,오아시스극장,Oasis Theatre,2009,종로구  ,       ,서울시 종로구 동숭동 1-133 드라마하우스 3층 오아시스극장,37.5802558,127.0034944
전시시설,오온,ooooon,2022,송파구  ,5561,서울시 송파구 백제고분로7길 16-16 (잠실동),37.5097871,127.0807107
전시시설,오페라갤러리,,    ,강남구  ,135-955,서울시 강남구 압구정로 461,37.5252829,127.0472385
복지관,옥수종합사회복지관,,    ,성동구  ,133-839,서울시 성동구 한림말길 16-5,37.5404334,127.0127253
공연장,"올래홀 (구,두레홀 2관)",All Rae Hall,2005,종로구  ,       ,서울시 종로구 동숭동 1-97,37.5816082,127.0035317
공연연습실(대학로),올림픽기념국민생활관1,,    ,종로구  ,110-530,서울시 종로구 성균관로 91,37.5903566,126.9988422
박물관,옹기민속박물관,,    ,도봉구  ,132-890,서울시 도봉구 삼양로 574-41,37.654327,127.0132386
공연장,용산 랜드 시네마,Land Cinema,2002,용산구  ,       ,서울시 용산구 한강로 3가 16-9 용산전자랜드,37.5328141,126.9597276
도서관,용산도서관,,    ,용산구  ,140-899,서울시 용산구 두텁바위로 160,37.5520223,126.9800674
지방문화원,용산문화원,,    ,용산구  ,140-850,서울시 용산구 효창원로8길 28,37.5335207,126.9519225
공연연습실(대학로),용산아트홀,,    ,용산구  ,140-704,서울시 용산구 녹사평대로 150,37.5325615,126.990179
청소년수련관,용산청소년수련관,,    ,용산구  ,140-906,서울시 용산구 이촌로 71길 24,37.5212623,126.9732464
공연장,우리금융아트홀,Wooriarthall,2009,송파구  ,       ,서울시 송파구 방이동 88-2 올림픽공원 우리금융아트홀,37.5166667,127.125
공연장,우림청담씨어터,Woolim Theater,2002,강남구  ,       ,"서울시 강남구 청담동 86외 1. I&H빌딩 지하 2,3층 (학동사거리, 구 키네마 극장)",37.5238189,127.0396036
복지관,우면종합사회복지관,,    ,서초구  ,137-783,서울시 서초구 바우뫼로 7길 11,37.4701876,127.0242224
공연연습실(대학로),우석레파토리,,    ,종로구  ,110-810,서울시 종로구 이화장길 86-11,37.5792349,127.0051596
공연장,우석레퍼토리극장,Woosuk Repertory Theater,2002,종로구  ,       ,서울시 종로구 동숭동 192-8,37.5792349,127.0051596
전시시설,운우판화미술관,,    ,성북구  ,136-821,서울시 성북구 선잠로 12-11,37.5947826,126.9997723
공연연습실(대학로),워커힐 씨어터,,    ,광진구  ,143-800,서울시 광진구 워커힐로 177,37.5551679,127.1114168
전시시설,원엔제이갤러리,,    ,종로구  ,110-260,서울시 종로구 북촌로 31-14,37.5797569,126.9841434
도서관,월계문화정보도서관  ,,    ,노원구  ,139-848,서울시 노원구 월계로 319,37.6286393,127.0561006
복지관,월계종합사회복지관,,    ,노원구  ,139-770,서울시 노원구 초안산로 1길 51,37.6281255,127.0527822
복지관,월곡종합사회복지관,,    ,성북구  ,136-130,서울시 성북구 오패산로 16길 23,37.6088767,127.0374712
공연장,유니버설아트센터,Universal Arts Center,1981,광진구  ,       ,서울시 광진구 능동 25번지,37.5503951,127.087338
공연연습실(대학로),유니버설아트센터,,    ,광진구  ,143-847,서울시 광진구 천호대로 664,37.5503951,127.087338
공연연습실(대학로),유니클로악스홀,,    ,광진구  ,143-807,서울시 광진구 구천면로 20,37.545735,127.1080542
공연장,유니플렉스 1관,uni plex,2013,종로구  ,       ,서울시 종로구 대학로 12길 64 복합문화예술공간 유니플렉스,37.5811328,127.0036997
공연장,유니플렉스 2관,uni plex,2013,종로구  ,       ,서울시 종로구 대학로 12길 64 복합문화예술공간 유니플렉스,37.5811328,127.0036997
복지관,유린원광종합사회복지관,,    ,중랑구  ,131-866,서울시 중랑구 신내로 56,37.6041991,127.0960164
공연연습실(대학로),유림아트홀,,    ,강남구  ,135-892,서울시 강남구 압구정로28길 49,37.5232923,127.027693
공연장,유시어터,You Theater,1999,강남구  ,       ,서울시 강남구 청담2동 22-13,37.5190418,127.0464364
공연연습실(대학로),유시어터,,    ,강남구  ,135-950,서울시 강남구 도산대로58길 16,37.5222431,127.0412593
전시시설,유아트스페이스,,    ,강남구  ,135-956,서울시 강남구 압구정로 71길 10,37.5273838,127.0458454
전시시설,유영공간,Space uooyoung,2020,성북구  ,2836,서울시 성북구 성북로16가길 1 (성북동),37.5939579,127.0003916
전시시설,윤갤러리,,    ,종로구  ,110-290,서울시 종로구 인사동4길 9,37.5732351,126.9866569
공연연습실(대학로),윤당아트홀,,    ,강남구  ,135-895,서울시 강남구 언주로 844,37.5256443,127.0338682
공연장,윤당아트홀1관,YOONDANG ARTHALL,2009,강남구  ,       ,서울시 강남구 신사동 634-10번지 윤당빌딩,37.5256241,127.0337152
공연장,윤당아트홀2관,YOONDANG ARTHALL,2009,강남구  ,       ,서울시 강남구 신사동 634-10번지 윤당빌딩,37.5256241,127.0337152
도서관,은천동 작은 도서관,,    ,관악구  ,151-843,서울시 관악구 봉천로 33나길 30,37.4853082,126.9424256
도서관,은평구립도서관,,    ,은평구  ,122-042,서울시 은평구 통일로 78가 길 13-84,37.6240118,126.923912
공연장,은평문화예술회관,Eun-Pyeong Culture Art Center,1996,은평구  ,       ,서울시 은평구 예술의 길 67번지,37.6191784,126.9270142
문예회관,은평문화예술회관,,    ,은평구  ,122-829,서울시 은평구 녹번로 16,37.6039156,126.9283637
지방문화원,은평문화원,,    ,은평구  ,122-829,서울시 은평구 녹번로 16,37.6039156,126.9283637
복지관,은평종합사회복지관,,    ,은평구  ,122-872,서울시 은평구 은평터널로 48,37.5850615,126.8993062
청소년수련관,은평청소년수련관,,    ,은평구  ,122-913,서울시 은평구 백련산로 4길 16,37.5942391,126.9248841
도서관,응암정보도서관,,    ,은평구  ,122-010,서울시 은평구 가좌로7길 15,37.5859995,126.9196208
복지관,이대종합사회복지관,,    ,서대문구 ,120-866,서울시 서대문구 북아현로 19길 58-21,37.5641671,126.952626
공연장,이랑씨어터,Erang Theater,2000,종로구  ,       ,서울시 종로구 동숭동 187-12(태림빌딩 지하층),37.5796956,127.0042901
공연연습실(대학로),이랑씨어터,,    ,종로구  ,110-810,서울시 종로구 이화장길 99,37.5796956,127.0042901
전시시설,이목화랑,,    ,종로구  ,110-260,서울시 종로구 북촌로 94,37.5851916,126.9854236
전시시설,이엠아트갤러리,,    ,강남구  ,135-948,서울시 강남구 선릉로148길 27,37.522475,127.0425132
공연연습실(대학로),이영란의 감성놀이터,,    ,종로구  ,110-809,서울시 종로구 대학로8가길 52,37.5830042,127.0026459
공연연습실(대학로),이원문화센터 ,,    ,마포구  ,121-736,서울시 마포구 마포대로 12,37.5379078,126.9444349
전시시설,이형아트센터,,    ,종로구  ,110-300,서울시 종로구 인사동길 34-1,37.5738423,126.9856096
공연장,이화여고 100주년 기념관,EWHA 100th Memorial Hall,    ,중구   ,       ,서울시 중구 정동 32번지,37.5658654,126.9713247
공연연습실(대학로),이화여고100주년기념관,,    ,중구   ,100-120,서울시 중구 정동길 26,37.5658654,126.9713247
전시시설,이화익갤러리,,    ,종로구  ,110-180,서울시 종로구 율곡로3길 67,37.5785693,126.9820192
공연장,익스트림씨어터,,2008,종로구  ,       ,서울시 종로구 동숭동 1-33번지 21C빌딩 5층 껌 아트홀,37.5826444,127.0021334
공연장,익스트림씨어터 1관,Extreme Theater -1,2012,종로구  ,       ,서울시 종로구 동숭동 1-33 21세기빌딩 5층,37.5827062,127.0021527
공연연습실(대학로),익스트림씨어터 1관 ,,    ,종로구  ,110-809,서울시 종로구 대학로 128,37.5827062,127.0021527
공연장,익스트림씨어터 2관,Extreme Theater -2,2012,종로구  ,       ,서울시 종로구 동숭동 1-96번지,37.5816056,127.0037221
공연연습실(대학로),익스트림씨어터 2관 ,,    ,종로구  ,110-809,서울시 종로구 대학로10길 26,37.5816056,127.0037221
공연연습실(대학로),익스트림씨어터2관,,    ,종로구  ,110-809,서울시 종로구 대학로10길 26,37.5816056,127.0037221
전시시설,인사갤러리,,    ,종로구  ,110-300,서울시 종로구 인사동10길 10,37.5739997,126.985623
공연장,인산아트홀(구.로빈아트홀),Insan Art Hall,2007,강남구  ,       ,서울시 강남구 대치동 949-1 코니빌딩 지하1층,37.5055716,127.0643795
공연장,인아소극장,Ina Theater,2004,종로구  ,       ,서울시 종로구 명륜2가 21-10,37.5839058,127.0005886
미술관,일민미술관,,    ,종로구  ,110-050,서울시 종로구 세종로 139,37.5695495,126.9776653
전시시설,일상예술창작센터,,    ,마포구  ,121-865,서울시 마포구 성미산로 26길 29,37.5625943,126.9231515
도서관,자양 제4동도서관,,    ,광진구  ,143-845,서울시 광진구 뚝섬로 26길 58,37.5341158,127.0662593
복지관,자양종합사회복지관,,    ,광진구  ,143-864,서울시 광진구 자양번영로 35,37.5328982,127.0752311
미술관,자하미술관,,    ,종로구  ,110-819,서울시 종로구 창의문로5가길 46,37.5893848,126.9603333
복지관,잠실종합사회복지관,,    ,송파구  ,138-861,서울시 송파구 올림픽로 12길 12,37.5104972,127.0826846
복지관,장안종합사회복지관,,    ,동대문구 ,130-842,서울시 동대문구 한천로 18길 48,37.5679961,127.0661691
복지관,장위종합사회복지관,,    ,성북구  ,136-826,서울시 성북구 한천로89길 13,37.5696447,127.0640524
전시시설,장은선갤러리,,    ,종로구  ,110-310,서울시 종로구 인사동10길 23-8,37.5747801,126.9861921
공연장,전자쌀롱 독각귀홀,jeonja salon dokkakki,2012,용산구  ,       ,서울시 용산구 한강로 3가 16-9 전자랜드 신관 광장층 34호,37.5328141,126.9597276
공연장,전쟁기념관 문화극장,The War Memorial of Korea- Cultural Theater&nbsp;,    ,용산구  ,       ,서울시 용산구 용산동 1가 8번지,37.5363171,126.9771144
공연장,전통연희상설극장 광화문아트홀,Gwanghwamun Art Hall,2007,종로구  ,       ,서울시 종로구 사직동 284-1,37.5742758,126.9646707
도서관,정다운 도서관,,    ,강남구  ,135-950,서울시 강남구 학동로 67길 11,37.5191111,127.0464381
도서관,정독도서관,,    ,종로구  ,110-210,서울시 종로구 북촌로 5길 48,37.5807787,126.9830411
공연연습실(대학로),정동 경향아트홀,,    ,중구   ,100-702,서울시 중구 정동길 3,37.5681697,126.9699923
공연장,정동극장,Chongdong Theater,1995,중구   ,       ,서울시 중구 정동길 41(정동 8-11) (재) 정동극장,37.5658718,126.9725764
공연연습실(대학로),정동극장,,    ,중구   ,100-120,서울시 중구 정동길 43,37.5658794,126.9728864
복지관,정릉종합사회복지관,,    ,성북구  ,136-855,서울시 성북구 솔샘로5길 92,37.6111996,127.0012869
공연장,정보소극장,Joungbo Theater,1993,종로구  ,       ,서울시 종로구 동숭동 1-81 지하,37.5824904,127.0037339
전시시설,제로 투 원,0 to 1,2020,마포구  ,3962,서울시 마포구 망원동 472-19,37.5623171,126.9039841
공연장,제이에이치(JH) 아트홀,JH Art Hall,2012,종로구  ,       ,서울시 종로구 동숭동 1-50번지 2층,37.5830057,127.0030586
전시시설,조선화랑,,    ,강남구  ,135-090,서울시 강남구 봉은사로 524,37.5125207,127.0588194
전시시설,조현화랑 청담,,    ,강남구  ,135-955,서울시 강남구 압구정로 461,37.5252829,127.0472385
공연연습실(대학로),종로구민회관 대강당,,    ,종로구  ,110-840,서울시 종로구 지봉로5길 7-5,37.5735118,127.0144845
도서관,종로도서관,,    ,종로구  ,110-054,서울시 종로구 사직로 9길 15-14,37.5759361,126.967264
지방문화원,종로문화원,,    ,종로구  ,110-190,서울시 종로구 율곡로 5,37.5761265,126.9803089
복지관,종로종합사회복지관,,    ,종로구  ,110-837,서울시 종로구 지봉로13길 82,37.5772804,127.0124638
박물관,종이나라박물관,,    ,중구   ,100-391,서울시 중구 장충단로 166,37.5596792,127.0062029
전시시설,주영갤러리,,    ,강남구  ,135-517,서울시 강남구 압구정로80길 26,37.5248042,127.0446044
복지관,중계종합사회복지관,,    ,노원구  ,139-793,서울시 노원구 덕릉로 662,37.6566031,127.0761681
도서관,중곡문화체육센터도서관,,    ,광진구  ,143-900,서울시 광진구 능동로433,37.5677968,127.0847326
복지관,중곡종합사회복지관,,    ,광진구  ,143-891,서울시 광진구 용마산로3길 62,37.5567009,127.0848344
도서관,중구구립 신당도서관,,    ,중구   ,100-831,서울시 중구 다산로38길 66-35,37.5617091,127.0189605
지방문화원,중구문화원,,    ,중구   ,100-797,서울시 중구 청계천로 86,37.5673769,126.9865762
청소년수련관,중구청소년수련관,,    ,중구   ,100-450,서울시 중구 동호로 5길 19,37.5518392,127.0125843
도서관,중랑구립 면목정보도서관,,    ,중랑구  ,131-818,서울시 중랑구 면목로 397,37.5873591,127.0875602
도서관,중랑구립정보도서관,,    ,중랑구  ,131-846,서울시 중랑구 신내로15길 197,37.6152183,127.08694
공연장,중랑구민회관,Jungnang-Gu Hall,2003,중랑구  ,       ,서울시 중랑구 면목4동 378-5,37.5762111,127.0828246
공연연습실(대학로),중랑구민회관,,    ,중랑구  ,131-830,서울시 중랑구 용마산로 215,37.5735492,127.085357
지방문화원,중랑문화원,,    ,중랑구  ,131-830,서울시 중랑구 면목로 238,37.5737227,127.0847565
청소년수련관,중랑청소년수련관,,    ,중랑구  ,131-839,서울시 중랑구 용마산로 217,37.5732443,127.085825
공연연습실(대학로),중앙대학교아트센터,,    ,동작구  ,156-756,서울시 동작구 흑석로 84,37.5045563,126.9569379
복지관,중앙사회복지관,,    ,관악구  ,151-823,서울시 관악구 봉천로 41길 33,37.4843628,126.9480705
전시시설,쥴리아나갤러리,,    ,강남구  ,135-954,서울시 강남구 선릉로162길 25,37.5266747,127.0426454
박물관,지구촌 민속교육박물관,,    ,중구   ,100-873,서울시 중구 소파로 46,37.5543813,126.9809985
공연장,지즐소극장,Stage Hwanhui,2007,종로구  ,       ,서울시 종로구 명륜2가 8-16,37.5847341,126.9996873
공연연습실(대학로),지즐소극장 ,,    ,종로구  ,110-522,서울시 종로구 성균관로4길 42,37.5847341,126.9996873
전시시설,진화랑.진아트센터,,    ,종로구  ,110-040,서울시 종로구 효자로 25,37.5783286,126.9736927
공연연습실(대학로),창덕궁 소극장,,    ,종로구  ,110-360,서울시 종로구 돈화문로 94,37.5768269,126.990491
공연장,창동문화체육센터,Changdong Sports Culture Complex,2005,도봉구  ,       ,서울시 도봉구 창4동 1-6,37.6449634,127.055145
복지관,창동종합사회복지관,,    ,도봉구  ,132-911,서울시 도봉구 덕릉로 329,37.6448462,127.0454875
청소년수련관,창동청소년문화의집,,    ,도봉구  ,132-043,서울시 도봉구 덕릉로 62길 89,37.6380062,127.0428806
청소년수련관,창동청소년수련관,,    ,도봉구  ,132-898,서울시 도봉구 노해로 69길 132,37.6581765,127.0507402
공연장,천공의 성,theatre SUNG in the sky,2010,종로구  ,       ,서울시 종로구 명륜1가 33-72 지하 1층,37.5883561,126.9994347
박물관,청계천문화관,,    ,성동구  ,133-814,서울시 성동구 청계천로 530,37.5711935,127.0349103
복지관,청담종합사회복지관,,    ,금천구  ,153-842,서울시 금천구 금하로 29길 36,37.4513835,126.9137487
공연장,청소년 협력종합예술활동 교육장 채움,Training Center for Collaborative Arts Activities for Youth,2018,도봉구  ,1301,"서울시 도봉구 도봉로 955 (도봉동, 도봉산역 광역환승센타)",37.6897141,127.0448117
청소년수련관,청소년미디어센터,,    ,용산구  ,140-807,서울시 용산구 한강대로 255,37.5409836,126.9726083
청소년수련관,청소년상담복지센터,,    ,중구   ,100-230,서울시 중구 을지로 11길 23,37.5674832,126.9905621
청소년수련관,청소년성문화센터,,    ,영등포구 ,150-037,서울시 영등포구 영신로 200,37.5251135,126.9030894
청소년수련관,청소년직업체험센터,,    ,영등포구 ,150-037,서울시 영등포구 영신로 200,37.5251135,126.9030894
청소년수련관,청소년활동진흥센터,,    ,동작구  ,156-010,서울시 동작구 여의대방로 20길 33,37.4926778,126.919139
공연장,청운예술극장,Chungwoon art theatre,2004,종로구  ,       ,서울시 종로구 연건동 178-1 동마루빌딩 4층,37.576534,127.0025224
공연연습실(대학로),청운예술극장,,    ,종로구  ,110-460,서울시 종로구 대학로 60,37.576522,127.0025859
전시시설,청작화랑,,    ,강남구  ,135-890,서울시 강남구 논현로175길 63,37.5240154,127.0239103
도서관,청파도서관,,    ,용산구  ,140-140,서울시 용산구 청파로93길 27,37.5539424,126.9675804
전시시설,청화랑,,    ,강남구  ,135-100,서울시 강남구 삼성로 147길 4,37.5227382,127.0476507
공연장,최일화스튜디오,Cho il hwa studio,2012,종로구  ,       ,서울시 종로구 이화동 28-18 B1,37.5773844,127.0057301
공연연습실(대학로),추계예술대학교 추계콘서트홀,,    ,서대문구 ,120-763,서울시 서대문구 북아현로11가길 7,37.5627129,126.9533273
공연연습실(대학로),충무아트홀,,    ,중구   ,100-880,서울시 중구 퇴계로 387,37.5659291,127.0148592
공연장,충무아트홀 대극장,Chungmu Art Hall - Grand Theater,2005,중구   ,       ,서울시 중구 흥인동 131번지 충무아트홀,37.5660139,127.0148131
공연장,충무아트홀 소극장블루,Chungmu Art Hall - Small Theater Blue,2005,중구   ,       ,서울시 중구 흥인동 131번지 충무아트홀,37.5660139,127.0148131
공연장,충무아트홀 중극장블랙,Chungmu Art Hall - Midium Theater Black,2005,중구   ,       ,서울시 중구 흥인동 131번지 충무아트홀,37.5660139,127.0148131
미술관,치우금속공예관,,    ,서초구  ,137-901,서울시 서초구 중앙로 555,37.4577303,127.0123046
전시시설,카이노스갤러리,,    ,강남구  ,135-975,서울시 강남구 봉은사로 524,37.5125207,127.0588194
전시시설,카이스갤러리,,    ,강남구  ,135-100,서울시 강남구 압구정로80길 17,37.5246694,127.0453786
전시시설,커뮤니티디자인연구소,,    ,종로구  ,110-210,서울시 종로구 북촌로5나길 3-16,37.5816785,126.9819387
공연장,컬투홀,,2006,종로구  ,       ,서울시 종로구 혜화동 179-4,37.5835156,127.0021666
공연연습실(대학로),컬투홀,,    ,종로구  ,110-809,서울시 종로구 대학로 128,37.5827062,127.0021527
미술관,코리아나미술관,,    ,강남구  ,135-895,서울시 강남구 언주로 827,37.524005,127.0326264
공연장,코엑스 오디토리움 대극장,COEX Auditorium Theater,    ,강남구  ,       ,서울시 강남구 삼성동 무역센터 코엑스 신관 3층,37.5116828,127.059151
공연장,코엑스아트홀,Coex Art Hall,    ,강남구  ,       ,서울시 강남구 삼성동 159번지 코엑스본관 2층,37.5125207,127.0588194
공연연습실(대학로),코엑스아트홀,,    ,강남구  ,135-975,서울시 강남구 봉은사로 524,37.5125207,127.0588194
공연장,코우스(한국문화의 집),KOUS,2003,강남구  ,       ,서울시 강남구 대치동 944-22번지,37.506839,127.0604679
공연장,콘텐츠문화광장,Multi Content Testbed,2017,동대문구 ,2456,"서울시 동대문구 회기로 66 (청량리동, 한국과학기술정보연구원)",37.5905801,127.044711
공연장,콘텐츠문화광장,MULTI CONTENT TESTBED,2017,동대문구 ,2456,"서울시 동대문구 회기로 66 (청량리동, 한국과학기술정보연구원, 한국콘텐츠진흥원)",37.5905801,127.044711
미술관,콜론비 아츠 갤러리,Colon B Arts Gallery,2017,종로구  ,3194,"서울시 종로구 청계천로 159 (장사동, 세운상가)",37.5697077,126.995225
공연연습실(대학로),키득키득아트홀,,    ,종로구  ,110-809,서울시 종로구 동숭길 68,37.5813334,127.0043158
공연장,"키득키득아트홀(구,루나틱아트홀)",,2004,종로구  ,       ,서울시 종로구 동숭동 1-150번지,37.5801091,127.0042689
공연장,키작은소나무,,2009,종로구  ,       ,서울시 종로구 혜화동 37-1,37.5875961,127.0032172
공연연습실(대학로),탑아트홀,,    ,종로구  ,110-809,서울시 종로구 동숭길 72,37.581449,127.0043088
복지관,태화기독교사회복지관,,    ,강남구  ,135-886,서울시 강남구 광평로 185,37.4848471,127.0933248
공연장,토탈미술관,Total Museum of Contemporary Art,1992,종로구  ,       ,서울시 종로구 평창동 465-16,37.612099,126.9757337
미술관,토탈미술관,,    ,종로구  ,110-848,서울시 종로구 평창32길 8,37.612099,126.9757337
공연장,틴틴홀,TintinHALL,2013,종로구  ,       ,서울시 종로구 동숭동 1-97,37.5816082,127.0035317
복지관,평화종합사회복지관,,    ,노원구  ,139-787,서울시 노원구 노원로 331,37.6465083,127.0690103
공연연습실(대학로),포니정홀,,    ,강남구  ,135-881,서울시 강남구?영동대로 520,37.5137373,127.0610794
미술관,포스코미술관,,    ,강남구  ,135-777,서울시 강남구 테헤란로 440,37.50579,127.0561533
공연연습실(대학로),포스트극장,,    ,마포구  ,121-880,서울시 마포구 와우산로 148,37.5541301,126.9296749
전시시설,포트폴리오,PORTFOLIO,2016,종로구  ,3061,서울시 종로구 율곡로3길 72,37.578815,126.9822495
전시시설,표갤러리,,    ,용산구  ,140-856,서울시 용산구 소월로 314,37.541423,126.9961245
공연장,푸른달극장,puleundal theater,2013,종로구  ,       ,서울시 종로구 혜화동 194번지 동선빌딩 지하 푸른달 극장,37.5878109,127.0017424
공연연습실(대학로),푸른달극장,,    ,종로구  ,110-530,서울시 종로구 대학로14길 18-2,37.5841543,127.0026883
공연장,풍기문란센터,Theater Poonggimulan Center,2007,종로구  ,       ,서울시 종로구 명륜2가 160-2,37.5844234,126.9988169
복지관,풍납종합사회복지관,,    ,송파구  ,138-876,서울시 송파구 강동대로 3길 5,37.5277442,127.1138908
공연연습실(대학로),프라임아트홀,,    ,구로구  ,152-725,서울시 구로구 새말로 97,37.5069735,126.8903193
공연장,프란치스코 교육회관,Franciscan Education Center,    ,중구   ,       ,서울시 중구 정동 17번지,37.5671974,126.9706646
공연장,플래툰 쿤스트할레,PLATOON KUNSTHALLE,2009,강남구  ,       ,서울시 강남구 논현동 97-22,37.5205498,127.0348965
전시시설,플랫폼엘 컨템포러리 아트센터,Platform-L Contemporary Art Center,2016,강남구  ,6053,서울시 강남구 언주로133길 11 (논현동),37.5113471,127.0288101
전시시설,플레이스막,,    ,마포구  ,121-865,서울시 마포구 동교로46길 36,37.5621296,126.9265778
공연연습실(대학로),피카소소극장,,    ,종로구  ,110-524,서울시 종로구 대명1길 20,37.5826978,127.0006477
전시시설,피케이엠 갤러리,,    ,종로구  ,110-230,서울시 종로구 삼청로 7길 32,37.5840664,126.9803051
전시시설,피케이엠 트리니티갤러리,,    ,강남구  ,135-954,서울시 강남구 압구정로 416,37.5269156,127.0424194
전시시설,픽스굿,PICKSGOOD,2022,종로구  ,3006,서울시 종로구 평창11길 29 (평창동),37.6081286,126.9656537
전시시설,필립강갤러리,,    ,강남구  ,135-517,서울시 강남구 압구정로 80길 34,37.5247518,127.0439584
전시시설,하나아트갤러리,,    ,종로구  ,110-300,서울시 종로구 인사동10길 2,37.5739186,126.985376
도서관,하늘도서관,,    ,구로구  ,152-851,서울시 구로구 구로동로13길 68,37.4874419,126.8810523
공연장,하늘땅극장,,    ,종로구  ,       ,서울시 종로구 동숭동 1-141,37.5800339,127.0039507
공연장,하모니아트홀,Harmony Art Hall,2012,종로구  ,       ,서울시 종로구 동숭동 1-92 태원빌딩 3층,37.5810306,127.00396
청소년수련관,하이서울유스호스텔,,    ,영등포구 ,150-037,서울시 영등포구 영신로 200,37.5251135,126.9030894
전시시설,학고재아트센터,,    ,종로구  ,110-200,서울시 종로구 삼청로 50,37.5803283,126.9802958
도서관,학마을 다사랑센터,,    ,도봉구  ,132-830,서울시 도봉구 시루봉로 128,37.6621708,127.0278612
공연장,학전그린,Hakchon Green,1996,종로구  ,       ,서울시 종로구 동숭동 1-8번지 무애빌딩,37.5838922,127.0030715
공연장,학전블루,Hakchon Blue,1991,종로구  ,       ,서울시 종로구 동숭동 1-79,37.5820849,127.0037287
공연연습실(대학로),학전블루 ,,    ,종로구  ,110-809,서울시 종로구 대학로12길 46,37.5820849,127.0037287
미술관,한가람디자인미술관,,    ,서초구  ,137-718,서울시 서초구 남부순환로 2406,37.4810859,127.0152453
미술관,한가람미술관,,    ,서초구  ,137-718,서울시 서초구 남부순환로 2406,37.4810859,127.0152453
공연연습실(대학로),한국문화의집 KOUS,,    ,강남구  ,135-846,서울시 강남구 테헤란로 92길 12-9,37.506839,127.0604679
공연연습실(대학로),한국문화재보호재단,,    ,강남구  ,135-090,서울시 강남구 봉은사로 406,37.5102289,127.0446484
박물관,한국미술박물관,,    ,종로구  ,110-280,서울시 종로구 창덕궁길 73,37.5816512,126.9878544
전시시설,한국미술센터,,    ,종로구  ,110-778,서울시 종로구 인사동5길 29,37.572007,126.9848565
공연연습실(대학로),한국예술종합학교,,    ,성북구  ,136-716,서울시 성북구 화랑로 32길 146-37,37.6037986,127.0558626
공연연습실(대학로),한국의집민속극장,,    ,중구   ,100-272,서울시 중구  퇴계로 36길 10,37.5601392,126.9946052
공연연습실(대학로),한국창극원 ,,    ,종로구  ,110-360,서울시 종로구 돈화문로 94,37.5768269,126.990491
도서관,한국학생도서관,,    ,중구   ,100-380,서울시 중구 동호로 27길 30,37.5607021,127.0021716
미술관,한미사진미술관,,    ,송파구  ,138-724,서울시 송파구 위례성대로 14,37.5165622,127.1139344
복지관,한빛종합사회복지관,,    ,양천구  ,158-840,서울시 양천구 신월로 11길 16,37.5190636,126.8402308
공연장,한성아트홀 1관(구.인켈아트홀),Inkel Arthall 1,1990,종로구  ,       ,서울시 종로구 명륜2가 41-4,37.5836983,127.0000205
공연장,한성아트홀 2관(구.인켈아트홀),Inkel Arthall 2,1993,종로구  ,       ,서울시 종로구 명륜2가 41-4,37.5836983,127.0000205
공연연습실(대학로),한성아트홀2관,,    ,종로구  ,110-522,서울시 종로구 창경궁로 254,37.5836983,127.0000205
공연장,한양레퍼토리씨어터,Han Yang Repertory Theater,2003,종로구  ,       ,서울시 종로구 혜화동 185번지 중원빌딩 B1,37.5839645,127.002167
공연장,한얼소극장,Haneol Theater,2002,종로구  ,       ,서울시 종로구 혜화동 70-1번지,37.5867512,127.0016484
공연연습실(대학로),한얼소극장,,    ,종로구  ,110-530,서울시 종로구 창경궁로 35길 17,37.5867512,127.0016484
미술관,한원미술관,,    ,서초구  ,137-070,서울시 서초구 남부순환로 2423,37.4818294,127.015222
공연장,한전아트센터,Kepco Art Center,2001,서초구  ,       ,서울시 서초구 쑥고개길 34,37.4790469,126.9533981
공연연습실(대학로),한전아트센터,,    ,서초구  ,137-862,서울시 서초구 효령로 72길 60,37.4856988,127.0279981
공연연습실(대학로),한평극장 ,,    ,종로구  ,110-070,서울시 종로구 사직로8길 42,37.5737827,126.9731648
공연연습실(대학로),해오름 소극장,,    ,종로구  ,110-522,서울시 종로구 창경궁로 259,37.5845541,127.000041
공연장,해오름소극장,Haeorm Theater,2007,종로구  ,       ,서울시 종로구 명륜2가 13번지,37.5845541,127.000041
공연연습실(대학로),해오름소극장,,    ,종로구  ,110-522,서울시 종로구 창경궁로 259,37.5845541,127.000041
공연장,해피씨어터,Happy Theater,2008,종로구  ,       ,서울시 종로구 동숭동 1-60,37.5818912,127.0025727
미술관,헬로우뮤지엄 어린이미술관,,    ,강남구  ,135-917,서울시 강남구 언주로 552,37.507386,127.0403328
공연연습실(대학로),호암아트홀,,    ,중구   ,100-759,서울시 중구 서소문로 88,37.5616033,126.97108
공연장,호은아트홀,,    ,종로구  ,       ,서울시 종로구 동숭동 1-150 연극극장,37.5801091,127.0042689
공연장,홍대 고스트 씨어터,Ghost Theater,2007,마포구  ,       ,서울시 마포구 서교동 356-1 지하 2~3층,37.5544355,126.922117
공연장,홍대 비보이 전용극장,B-boy,2005,마포구  ,       ,서울시 마포구 서교동 338-8번지 삼진제약빌딩 4층 SJ비보이즈,37.553552,126.9267194
공연장,홍대 포스트극장,hongik post theater,2013,마포구  ,       ,서울시 마포구 창전동 5-92,37.5541301,126.9296749
공연장,홍사소극장,Hong saa Theater,2003,종로구  ,       ,서울시 종로구 혜화동 64-1번지 홍사소극장,37.586598,127.0017972
도서관,홍은도담도서관,,    ,서대문구 ,120-842,서울시 서대문구 홍은중앙로 129,37.6017549,126.9490409
복지관,홍은종합사회복지관,,    ,서대문구 ,120-101,서울시 서대문구 세검정로 1길 116,37.5954015,126.9464398
청소년수련관,홍은청소년문화의집,,    ,서대문구 ,120-841,서울시 서대문구 포방터길 110,37.6016103,126.9499188
공연장,홍익대 대학로 아트센터 대극장,,2013,종로구  ,       ,서울시 종로구 연건동 128-8 홍익대 대학로 아트센터,37.5765378,127.0014599
공연장,홍익대 대학로 아트센터 소극장,,2013,종로구  ,       ,서울시 종로구 연건동 128-8 홍익대 대학로 아트센터,37.5765378,127.0014599
청소년수련관,화곡청소년수련관,,    ,강서구  ,157-898,서울시 강서구 곰달래로 57가길 26,37.5345612,126.8607912
도서관,화랑도서관  ,,    ,노원구  ,139-800,서울시 노원구 노원로 1-나길 10,37.6215868,127.0830663
복지관,화원종합사회복지관,,    ,구로구  ,152-858,서울시 구로구 벚꽃로 484,37.4973397,126.8801476
미술관,환기미술관,,    ,종로구  ,110-817,서울시 종로구 자하문로 40길 63,37.5943015,126.9662652
공연장,환상극장,,    ,종로구  ,       ,서울시 종로구 동숭동 199-33번지 지하1층,37.5785059,127.0046483
공연장,효천아트센터 그라운드 씬,Ground - SYN,2010,종로구  ,       ,서울시 종로구 명륜1가 5번지,37.5899794,126.9982918
공연장,흰물결 화이트홀,white hall,    ,     ,       ,,,