시설명,시설코드,시설종류명(시설유형),시설종류상세명(시설종류),자치구(시)구분,시설장명,시군구코드,시군구명,시설주소,Latitude,Longitude,정원(수용인원),현인원,전화번호,우편번호
서울꽃동네신내노인요양원,A0001,(노인) 노인요양시설,노인의료복지시설,자치구,최은숙,1126000000,중랑구,서울특별시 중랑구 신내로 194 ,37.6161911,127.0949649,234,234,02-490-2609,2052
청운노인요양원,A0003,(노인) 노인요양시설,노인의료복지시설,자치구,이종후,1111000000,종로구,서울특별시 종로구 비봉길 76 (구기동),37.6149866,126.9548469,45,45,02-3217-0057,3001
천사노인요양원,A0007,(노인) 노인요양시설,노인의료복지시설,자치구,김샛별,1150000000,강서구,서울특별시 강서구 강서로45다길 30-22,37.5467045,126.8338147,161,151,02-2602-2443,7704
서울특별시립 남부노인전문요양원,A0016,(노인) 노인요양시설,노인의료복지시설,자치구,한철수,1156000000,영등포구,경기도 군포시 고산로 589,37.3659651,126.9253003,190,188,031-390-1003,15820
노인요양센터 인영실버,A0099,(노인) 노인요양시설,노인의료복지시설,자치구,이희법,1154500000,금천구,서울특별시 금천구 금하로 596-0 ,37.4534373,126.8979482,96,84,02-804-6141,8632
동명노인복지센타,A0100,(노인) 노인요양시설,노인의료복지시설,자치구,김병한,1162000000,관악구,서울특별시 관악구 봉천로23라길 15(봉천동),37.48832,126.9372535,90,90,02-875-2770,151829
영기노인요양원,A0131,(노인) 노인요양시설,노인의료복지시설,자치구,김원제,1135000000,노원구,서울특별시 노원구 동일로248길 30 (상계동),37.6805716,127.056858,83,83,02-939-8111,1623
은천노인요양센터,A0343,(노인) 노인요양시설,노인의료복지시설,자치구,박애자,1123000000,동대문구,서울특별시 동대문구 장한로27가길 66 (장안동),37.5760041,127.0714096,28,29,02-2249-9980,2527
동작실버센터,A0347,(노인) 노인요양시설,노인의료복지시설,자치구,이재희,1159000000,동작구,서울특별시 동작구 노량진로32길 53 (본동),37.5116118,126.9571952,68,68,02-821-8600,6908
구립서초노인요양센터,A0368,(노인) 노인요양시설,노인의료복지시설,자치구,나종선,1165000000,서초구,서울특별시 서초구 남부순환로340길 21 (서초동 380-4),37.4817878,127.0246874,200,200,02-597-5008,6756
구립서초노인요양센터,A0386,(노인) 노인요양시설,노인의료복지시설,자치구,이민정,1165000000,서초구,서울특별시 서초구 남부순환로340길21,37.4817878,127.0246874,200,184,02-597-5008,6756
광림노인전문요양원,A0400,(노인) 노인요양시설,노인의료복지시설,자치구,홍종환,1168000000,강남구,강원 춘천시 서면 경춘로 771-79(서면),37.8407734,127.5983146,100,89,033-263-3995,24463
사랑의집,A0519,(노인) 노인요양공동생활가정,노인의료복지시설,자치구,김원태,1117000000,용산구,서울특별시 용산구 효창원로15길 24(산천동),37.5363645,126.9535447,9,8,02-715-9020,4357
청운노인복지센터,A0607,(노인) 노인요양시설,노인의료복지시설,자치구,손창숙,1159000000,동작구,서울특별시 동작구 국사봉1길 145(상도동),37.4961025,126.9333646,100,100,02-823-3833,156844
두엄자리,A0765,(노인) 노인요양시설,노인의료복지시설,자치구,김명화,1147000000,양천구,서울특별시 양천구 목동중앙남로16다길 6-13 (목동),37.543955,126.865766,22,21,02-2642-8267,7952
청운실버센터,A0937,(노인) 노인요양공동생활가정,노인의료복지시설,자치구,이지원,1111000000,종로구,서울특별시 종로구 자하문로28길 29 (청운동),37.5864683,126.9725963,9,9,02-730-4966,3047
시립중계노인전문요양원,A0974,(노인) 노인요양시설,노인의료복지시설,자치구,민동세,1135000000,노원구,서울특별시 노원구 섬밭로 313 (중계동),37.6430009,127.0616774,258,256,02-3399-7500,1771
시립서부노인전문요양센터,A1025,(노인) 노인요양시설,노인의료복지시설,자치구,이희근,1144000000,마포구,서울특별시 마포구 월드컵로36길 15 (성산동),37.5627445,126.9127472,270,270,02-376-0472,3937
중앙소규모요양시설,A1302,(노인) 노인요양시설,노인의료복지시설,자치구,박형준,1141000000,서대문구,서울특별시 서대문구 서소문로 43-49 (합동),37.560917,126.9650278,24,24,02-362-9262,3741
남부실버요양원,A1307,(노인) 노인요양시설,노인의료복지시설,자치구,송평섭,1154500000,금천구,서울특별시 금천구 범안로12가길 59,37.4649961,126.8944761,28,27,02-804-1957,8602
순애노인전문요양원,A1310,(노인) 노인요양시설,노인의료복지시설,자치구,마민주,1129000000,성북구,경기 고양시 덕양구 고골길 178번길73(관산동),37.7127178,126.8736909,114,80,031-962-8360,10265
어르신이행복한세상요양센터01호,A1328,(노인) 노인요양공동생활가정,노인의료복지시설,자치구,박병택,1147000000,양천구,서울특별시 양천구 신월로 338원빌딩 2층,37.5215488,126.8584359,9,8,02-2646-3893,8086
한사랑실버케어요양원,A1515,(노인) 노인요양시설,노인의료복지시설,자치구,주광미,1123000000,동대문구,서울특별시 동대문구 장한로28길 56 (장안동),37.5726241,127.0750762,29,20,02-3394-4560,2524
자비의집,A1547,(노인) 노인요양시설,노인의료복지시설,자치구,허영숙,1138000000,은평구,서울특별시 은평구 서오릉로 30-17(녹번동),37.603743,126.9259459,25,26,02-354-1116,3380
구립하계실버센터,A1703,(노인) 노인요양시설,노인의료복지시설,자치구,김민성,1135000000,노원구,서울특별시 노원구 한글비석로 4 (하계동),37.6457565,127.0766857,76,76,02-975-9555,1862
정성요양원,A1704,(노인) 노인요양공동생활가정,노인의료복지시설,자치구,김대경,1159000000,동작구,서울특별시 동작구 보라매로 89-0거성빌딩 6층,37.4973551,126.9276523,9,9,02-822-8636,7060
효림노인요양센터,A1723,(노인) 노인요양시설,노인의료복지시설,자치구,김동금,1141000000,서대문구,서울특별시 서대문구 경기대로9길 62 (충정로3가),37.5643403,126.9608869,21,21,02-313-5124,3746
호선실버센터,A1926,(노인) 노인요양시설,노인의료복지시설,자치구,배국원,1150000000,강서구,서울특별시 강서구 수명로2길 96-0,37.5511166,126.8279417,110,95,02-2662-6712,7636
강북노인전문요양원,A1945,(노인) 노인요양시설,노인의료복지시설,자치구,김응익,1130500000,강북구,서울특별시 강북구 삼양로92길 20(수유동),37.6365576,127.0179096,80,78,02-900-8957,1082
유자원,A2007,(노인) 노인요양시설,노인의료복지시설,자치구,장영실,1123000000,동대문구,서울특별시 동대문구 망우로 82 (휘경동),37.589321,127.064443,120,100,02-3394-5467,2500
시립동부노인전문요양센터,A2112,(노인) 노인요양시설,노인의료복지시설,자치구,곽금봉,1120000000,성동구,서울특별시 성동구 마장로23길 12 (홍익동),37.5675474,127.0327809,296,296,02-3407-2705,4706
정원치매노인요양센터,A2159,(노인) 노인요양시설,노인의료복지시설,자치구,이호석,1138000000,은평구,경기도 파주시 장지산로200번길 32-83(광탄면),37.7548304,126.8867946,168,148,031-943-7001,10954
청암노인요양원,A2214,(노인) 노인요양시설,노인의료복지시설,자치구,이성희,1171000000,송파구,서울특별시 송파구 성내천로 193 (마천동),37.4978798,127.152872,70,70,02-443-4048,5745
정원노인요양원,A2215,(노인) 노인요양시설,노인의료복지시설,자치구,강혜식,1138000000,은평구,경기도 파주시 장지산로200번길 32-83(광탄면),37.7548304,126.8867946,112,96,031-942-8887,10954
서초성심노인복지센터,A2361,(노인) 노인요양시설,노인의료복지시설,자치구,오명숙,1165000000,서초구,서울특별시 서초구 반포대로22길 61 (서초동 1558-15),37.4905852,127.0117619,29,29,02-582-6004,6646
일광노인요양센터,A2412,(노인) 노인요양시설,노인의료복지시설,자치구,장성란,1129000000,성북구,서울특별시 성북구 보문로31길 70 (삼선동3가),37.5869502,127.0134844,29,24,02-742-0755,2863
청남노인요양공동생활가정,A2538,(노인) 노인요양공동생활가정,노인의료복지시설,자치구,강경희,1159000000,동작구,서울특별시 동작구 강남초등8길 20-04층,37.5052632,126.9509905,9,9,02-566-6976,156830
사랑이있는집노인요양공동생활가정,A2912,(노인) 노인요양공동생활가정,노인의료복지시설,자치구,정문자,1121500000,광진구,서울특별시 광진구 용마산로8마길 7-10(중곡동),37.5608384,127.0902351,9,9,02-456-0775,4939
구립용산노인전문요양원,A2944,(노인) 노인요양시설,노인의료복지시설,자치구,김신희,1117000000,용산구,서울특별시 용산구 효창원로93길 51 (효창동),37.5471422,126.9615757,91,91,02-715-5540,4311
구립영등포노인케어센터,A3121,(노인) 노인요양시설,노인의료복지시설,자치구,이지은,1156000000,영등포구,서울특별시 영등포구 도림로 482,37.516847,126.8903615,118,118,02-2637-3960,7296
남부실버요양센터 다솔관,A3370,(노인) 노인요양시설,노인의료복지시설,자치구,이경옥,1154500000,금천구,서울특별시 금천구 범안로12가길 59,37.4649961,126.8944761,63,63,02-804-1957,8602
아름다운실버홈,A3469,(노인) 노인요양시설,노인의료복지시설,자치구,박은영,1111000000,종로구,서울특별시 종로구 평창길 123 (평창동),37.6125152,126.9654191,16,16,02-394-0461,3002
성암장수마을,A3710,(노인) 노인요양시설,노인의료복지시설,자치구,황용규,1174000000,강동구,서울특별시 강동구 구천면로68길 46 (천호동),37.5438626,127.1404478,100,75,02-489-2081,5306
북악실버홈 (휴지중),A3980,(노인) 노인요양공동생활가정,노인의료복지시설,자치구,손양순,1111000000,종로구,서울특별시 종로구 진흥로 493-6 (신영동),37.6045543,126.9618825,5,0,02-391-7936,3007
e-포근한 요양원,A3996,(노인) 노인요양시설,노인의료복지시설,자치구,황광민,1130500000,강북구,서울특별시 강북구 도봉로 266 (미아동),37.6322916,127.0241391,25,25,02-989-9987,1128
양천사랑마루,A4519,(노인) 노인요양시설,노인의료복지시설,자치구,이경복,1147000000,양천구,서울특별시 양천구 곰달래로6길 17-1 (신월동),37.5283601,126.8360017,41,40,02-2699-3275,7925
서울성모원 노인요양공동생활가정,A4555,(노인) 노인요양공동생활가정,노인의료복지시설,자치구,이희주,1156000000,영등포구,서울특별시 영등포구 대림로12가길 7-1,37.4914684,126.9046287,9,9,02-831-9311,7438
효노인복지센터,A4585,(노인) 노인요양공동생활가정,노인의료복지시설,자치구,곽현숙,1130500000,강북구,서울특별시 강북구 오현로 194덕수빌딩 2층 (번동),37.6288122,127.0398991,9,9,02-984-0695,1224
봄날실버센터,A4600,(노인) 노인요양시설,노인의료복지시설,자치구,김미숙,1150000000,강서구,서울특별시 강서구 금낭화로 39봄날실버센터,37.5689227,126.8114586,42,42,02-2665-8057,7608
시니어스너싱홈,A4602,(노인) 노인요양시설,노인의료복지시설,자치구,김영채,1150000000,강서구,서울특별시 강서구 화곡로68길 102,37.5569364,126.8592528,56,56,02-3660-7630,7550
한마음노인전문요양원,A4615,(노인) 노인요양시설,노인의료복지시설,자치구,이은점,1150000000,강서구,서울특별시 강서구 초록마을로14길 44 (화곡동),37.5409737,126.8481043,26,14,02-2607-7315,7722
붓다마을,A4746,(노인) 노인요양시설,노인의료복지시설,자치구,강차남,1138000000,은평구,서울특별시 은평구 연서로48길 41 (진관동),37.6388166,126.9390089,271,284,02-3156-7500,3308
민영요양센터,A4788,(노인) 노인요양공동생활가정,노인의료복지시설,자치구,김표남,1130500000,강북구,"서울특별시 강북구 삼양로 184미아동, 유유빌딩5층",37.620258,127.021265,9,9,02-987-7600,1174
구립 역삼노인요양센터,A4918,(노인) 노인요양시설,노인의료복지시설,자치구,임상백,1168000000,강남구,서울특별시 강남구 도곡로27길 27 (역삼동),37.4945597,127.0418441,14,14,02-501-5684,6228
신목동노인복지센터,A4937,(노인) 노인요양공동생활가정,노인의료복지시설,자치구,정진화,1147000000,양천구,서울특별시 양천구 중앙로 291대지빌딩 5층,37.522174,126.8516397,6,6,02-2698-6677,8028
로뎀노인요양공동생활가정,A4962,(노인) 노인요양공동생활가정,노인의료복지시설,자치구,정희선,1126000000,중랑구,서울특별시 중랑구 동일로169길 40 ,37.6137283,127.0744212,9,9,02-973-4404,2003
진각노인요양센터,A4976,(노인) 노인요양시설,노인의료복지시설,자치구,김상민,1129000000,성북구,서울특별시 성북구 화랑로13길 17진각노인요양센터 (하월곡동),37.6052256,127.0411289,120,124,02-942-0194,2748
시온노인요양원,A4997,(노인) 노인요양공동생활가정,노인의료복지시설,자치구,이수빈,1138000000,은평구,서울특별시 은평구 갈현로 270 인송빌딩  4층인송빌딩 4층,37.6210137,126.9167577,9,9,02-353-5847,3329
구립양천어르신요양센터,A5050,(노인) 노인요양시설,노인의료복지시설,자치구,이미연,1147000000,양천구,서울특별시 양천구 신월로 26 (신정동),37.5129473,126.8270385,80,80,02-2695-1620,8051
관악실버케어,A5072,(노인) 노인요양시설,노인의료복지시설,자치구,정윤성,1162000000,관악구,서울특별시 관악구 대학18길 34-7 (신림동),37.4645664,126.9362928,17,17,02-875-3114,8820
미래요양원2,A5092,(노인) 노인요양공동생활가정,노인의료복지시설,자치구,김종래,1156000000,영등포구,서울특별시 영등포구 대림로 88재상빌딩 402호,37.4900706,126.9045344,9,9,02-833-2306,7438
해피안,A5098,(노인) 노인요양시설,노인의료복지시설,자치구,김해숙,1138000000,은평구,서울특별시 은평구 연서로15길 27-2(구산동),37.6108288,126.9157297,21,21,02-385-0705,3411
백마요양원,A5194,(노인) 노인요양시설,노인의료복지시설,자치구,김주희,1129000000,성북구,서울특별시 성북구 종암로18길 14 (종암동),37.598856,127.0354718,25,25,02-943-6090,2797
노원사랑요양원1,A5227,(노인) 노인요양공동생활가정,노인의료복지시설,자치구,안경희,1135000000,노원구,서울특별시 노원구 동일로174길 44301호,37.6193166,127.0767308,9,9,02-977-2468,1849
도봉실버센터,A5266,(노인) 노인요양시설,노인의료복지시설,자치구,강병석,1132000000,도봉구,서울특별시 도봉구 시루봉로 133,37.6629402,127.0270151,119,119,02-955-6080,1316
굿모닝케어노인전문요양원,A5477,(노인) 노인요양시설,노인의료복지시설,자치구,신영식,1171000000,송파구,서울특별시 송파구 성내천로16길 17,37.4984199,127.1394913,49,49,02-401-5075,5742
므두셀라실버타운,A5485,(노인) 노인요양시설,노인의료복지시설,자치구,조용옥,1121500000,광진구,서울특별시 광진구 능동로 360 (중곡동),37.563544,127.0888304,39,37,02-2201-8259,4921
주사랑노인종합복지센터,A5495,(노인) 노인요양공동생활가정,노인의료복지시설,자치구,박신광,1135000000,노원구,서울특별시 노원구 광운로 482층,37.6237087,127.0583129,9,9,02-943-7718,1894
한세노인복지센터,A5579,(노인) 노인요양시설,노인의료복지시설,자치구,황현옥,1126000000,중랑구,서울특별시 중랑구 신내로 50-53층,37.6035063,127.0959465,29,29,02-438-1020,2069
연궁너싱홈,A5673,(노인) 노인요양공동생활가정,노인의료복지시설,자치구,박옥규,1141000000,서대문구,서울특별시 서대문구 증가로 492층,37.5766431,126.9211621,9,7,02-323-4333,3702
예덕너싱홈,A5737,(노인) 노인요양공동생활가정,노인의료복지시설,자치구,전유경,1147000000,양천구,서울특별시 양천구 중앙로 232해성산부인과 4층과 지하1층일부,37.5173313,126.854462,9,9,02-2647-9620,8091
함춘요양원,A5846,(노인) 노인요양시설,노인의료복지시설,자치구,김진규,1165000000,서초구,서울특별시 서초구 논현로1길 13 (양재동 402-3),37.4719694,127.0500749,48,48,02-575-1850,6791
노원사랑요양원2,A5878,(노인) 노인요양공동생활가정,노인의료복지시설,자치구,김미경,1135000000,노원구,서울특별시 노원구 동일로174길 44302호,37.6193166,127.0767308,9,9,02-977-2468,1849
녹번실버,A6014,(노인) 노인요양시설,노인의료복지시설,자치구,김희자,1138000000,은평구,서울특별시 은평구 통일로57길 5-10(녹번동),37.6083342,126.9339815,13,13,02-389-7875,122827
온누리요양원,A6139,(노인) 노인요양공동생활가정,노인의료복지시설,자치구,김태선,1150000000,강서구,서울특별시 강서구 강서로5나길 743층,37.5283981,126.8436007,9,6,02-2692-8888,7776
구립송파노인요양센터,A6153,(노인) 노인요양시설,노인의료복지시설,자치구,권영미,1171000000,송파구,서울특별시 송파구 충민로 184,37.4857377,127.1341313,130,130,02-415-0056,5792
미성요양원,A6233,(노인) 노인요양시설,노인의료복지시설,자치구,권명희,1162000000,관악구,서울특별시 관악구 난곡로63가길 421.3층 (신림동),37.4796423,126.9143335,76,75,02-856-8009,8771
베스트그린요양원2호점,A6257,(노인) 노인요양공동생활가정,노인의료복지시설,자치구,정상우,1126000000,중랑구,서울특별시 중랑구 동일로 775그린프라자 6층,37.5998195,127.0793372,9,9,02-438-1601,2102
아름다운뜰안에요양원,A6344,(노인) 노인요양시설,노인의료복지시설,자치구,장현숙,1111000000,종로구,서울특별시 종로구 평창21길 70 (평창동),37.6115395,126.9682891,38,38,02-396-0461,3005
노원사랑요양원3,A6441,(노인) 노인요양공동생활가정,노인의료복지시설,자치구,정혜윤,1135000000,노원구,서울특별시 노원구 동일로174길 44201호,37.6193166,127.0767308,9,9,02-977-2487,1849
구립대치노인요양센터,A6499,(노인) 노인요양공동생활가정,노인의료복지시설,자치구,이은경,1168000000,강남구,서울특별시 강남구 역삼로69길 22,37.503016,127.0541123,8,8,02-564-0108,6196
행복요양원,A6578,(노인) 노인요양공동생활가정,노인의료복지시설,자치구,김희라,1153000000,구로구,서울특별시 구로구 경인로23길 87층 (오류동)(오류동),37.4899852,126.8250475,9,9,02-855-4822,8268
법화노인요양원,A6634,(노인) 노인요양시설,노인의료복지시설,자치구,안영일,1162000000,관악구,서울특별시 관악구 법원단지길 153 (신림동),37.476362,126.9249596,26,23,02-855-0202,8852
보라매요양원3호점,A6663,(노인) 노인요양공동생활가정,노인의료복지시설,자치구,이병란,1159000000,동작구,서울특별시 동작구 보라매로 88-088 (신대방동),37.4971602,126.9281559,9,9,02-811-0055,7053
늘편한요양센터2호,A7017,(노인) 노인요양공동생활가정,노인의료복지시설,자치구,이동욱,1174000000,강동구,"서울특별시 강동구 구천면로318, 2층 (천호동)",37.5477698,127.1353914,9,9,24743135,134600
실버캐슬,A7065,(노인) 노인요양공동생활가정,노인의료복지시설,자치구,정은주,1154500000,금천구,서울특별시 금천구 시흥대로 202대의빌딩 6층 (시흥동),37.450992,126.9008414,9,9,02-805-0533,8629
거목실버홈,A7091,(노인) 노인요양공동생활가정,노인의료복지시설,자치구,이주영,1130500000,강북구,"서울특별시 강북구 한천로1160, 3층 (수유동)",37.6476268,127.0166096,9,9,29047782,1046
거목요양홈,A7092,(노인) 노인요양공동생활가정,노인의료복지시설,자치구,홍미경,1130500000,강북구,"서울특별시 강북구 한천로1160, 3층 (수유동)",37.6476268,127.0166096,8,7,29047782,1046
금천구립사랑채요양원,A7132,(노인) 노인요양시설,노인의료복지시설,자치구,이찬우,1154500000,금천구,서울특별시 금천구 금하로 764-0,37.4496132,126.9145056,72,72,02-2068-7522,8645
맑은샘요양원,A7167,(노인) 노인요양공동생활가정,노인의료복지시설,자치구,이명금,1123000000,동대문구,"서울특별시 동대문구 한천로37길19, 2층 (답십리동, 창승빌딩 A동)",37.5762414,127.066231,9,9,222442552,2535
노블케어스,A7187,(노인) 노인요양시설,노인의료복지시설,자치구,양태승,1138000000,은평구,서울특별시 은평구 응암로 353 (녹번동),37.6027594,126.9223079,170,165,02-391-0006,3458
수노인요양공동생활가정2호점,A7188,(노인) 노인요양공동생활가정,노인의료복지시설,자치구,이정희,1132000000,도봉구,"서울특별시 도봉구 도당로80, 5층 (방학동)",37.6648315,127.0363964,7,7,234946786,1342
선화요양원,A7202,(노인) 노인요양시설,노인의료복지시설,자치구,원창근,1150000000,강서구,서울특별시 강서구 등촌로 1833층 (등촌동),37.5417066,126.8637582,42,42,226551888,7668
두레노인요양원C,A7205,(노인) 노인요양공동생활가정,노인의료복지시설,자치구,오성희,1126000000,중랑구,서울특별시 중랑구 신내로 45-0 해성빌딩 501호,37.6031734,127.0954775,9,9,222077500,2085
효심원 노인요양공동생활가정,A7231,(노인) 노인요양공동생활가정,노인의료복지시설,자치구,김응종,1114000000,중구,서울특별시 중구 청구로17길98 (신당동),37.5569857,127.011067,9,9,02-2254-0833,4607
중앙실버노인요양공동생활가정,A7275,(노인) 노인요양공동생활가정,노인의료복지시설,자치구,박형준,1141000000,서대문구,서울특별시 서대문구 충정로4길5-25 (충정로3가),37.5610409,126.9645889,6,6,23629263,3741
참빛요양센터,A7284,(노인) 노인요양시설,노인의료복지시설,자치구,정윤석,1132000000,도봉구,"서울특별시 도봉구 도봉로141길 11(쌍문동, 참빛빌딩)",37.6608835,127.0362193,48,48,02-993-3889,1391
청화요양원,A7319,(노인) 노인요양시설,노인의료복지시설,자치구,박진양,1129000000,성북구,서울특별시 성북구 서경로 67 (정릉동),37.6095349,127.0152093,36,27,29422255,2716
샬렘요양원,A7352,(노인) 노인요양공동생활가정,노인의료복지시설,자치구,장윤영,1144000000,마포구,"서울특별시 마포구 서강로1길12-6 (창전동, 6, 7층)",37.5488503,126.9312234,9,9,02-333-7599,4065
가원노인요양공동생활가정1호점,A7370,(노인) 노인요양공동생활가정,노인의료복지시설,자치구,장윤영,1132000000,도봉구,"서울특별시 도봉구 방학로169, 5층 (방학동)",37.6621246,127.0334135,9,9,02-956-9882,1384
보문요양원,A7405,(노인) 노인요양시설,노인의료복지시설,자치구,한경민,1129000000,성북구,서울특별시 성북구 인촌로7길 322~5층 (안암동1가),37.5880459,127.0303577,29,26,02-960-1123,2850
세검정실버홈,A7412,(노인) 노인요양시설,노인의료복지시설,자치구,이창훈,1111000000,종로구,서울특별시 종로구 평창2길 5 (평창동),37.6057032,126.9637047,23,23,02-391-7936,3008
가원노인요양공동생활가정2호점,A7461,(노인) 노인요양공동생활가정,노인의료복지시설,자치구,김수현,1132000000,도봉구,"서울특별시 도봉구 방학로169, 4층 (방학동)",37.6621246,127.0334135,9,9,02-956-9882,1384
대림실버1 노인요양공동생활가정,A7466,(노인) 노인요양공동생활가정,노인의료복지시설,자치구,김판석,1156000000,영등포구,"서울특별시 영등포구 디지털로398, 2층 (대림동, 대성빌딩)",37.4920886,126.9031668,7,7,02-832-1107,7438
대림실버2노인요양공동생활가정,A7467,(노인) 노인요양공동생활가정,노인의료복지시설,자치구,공복란,1156000000,영등포구,"서울특별시 영등포구 디지털로398, 5층 (대림동, 대성빌딩)",37.4920886,126.9031668,7,7,02-849-8775,7438
케어콜요양원,A7494,(노인) 노인요양공동생활가정,노인의료복지시설,자치구,박연숙,1150000000,강서구,"서울특별시 강서구 강서로5나길74, 4층 (화곡동)",37.528583,126.8440664,9,0,02-2692-8888,7776
늘푸른요양원2호점,A7506,(노인) 노인요양공동생활가정,노인의료복지시설,자치구,박찬옥,1126000000,중랑구,"서울특별시 중랑구 용마산로488, 3층 (망우동, 유진빌딩)",37.5944742,127.099867,9,9,24320410,2182
은천요양원,A7545,(노인) 노인요양시설,노인의료복지시설,자치구,이병만,1123000000,동대문구,서울특별시 동대문구 장한로27가길53 (장안동),37.5755191,127.0709609,46,30,070-4735-6845,2527
미소들실버케어센터,A7599,(노인) 노인요양시설,노인의료복지시설,자치구,김금자,1153000000,구로구,서울특별시 구로구 고척로21나길 88-41 (개봉동),37.5029367,126.8411549,75,75,220679021,8250
노블타운요양원,A7600,(노인) 노인요양시설,노인의료복지시설,자치구,조항진,1138000000,은평구,서울특별시 은평구 서오릉로 35 (녹번동),37.6042648,126.9326936,99,93,02-387-2200,3459
도봉효드림요양원,A7601,(노인) 노인요양공동생활가정,노인의료복지시설,자치구,진명순,1132000000,도봉구,"서울특별시 도봉구 마들로13길175, 6층 (창동)",37.6580336,127.0458004,9,9,02-900-5151,1411
서울숲 요양원,A7609,(노인) 노인요양공동생활가정,노인의료복지시설,자치구,박윤희,1120000000,성동구,"서울특별시 성동구 뚝섬로401-2, 4층 (성수동2가)",37.5389462,127.0553683,9,9,02-6204-7227,4784
구로푸른요양원,A7619,(노인) 노인요양시설,노인의료복지시설,자치구,김연주,1153000000,구로구,서울특별시 구로구 개봉로3길 9 (개봉동),37.4862098,126.8557648,99,83,02-1544-6572,8353
수요양원,A7625,(노인) 노인요양공동생활가정,노인의료복지시설,자치구,최진,1135000000,노원구,"서울특별시 노원구 동일로237다길16, 3층 (상계동)",37.6743825,127.0527987,9,7,02-936-1231,1611
보눔케어요양원,A7650,(노인) 노인요양시설,노인의료복지시설,자치구,유진숙,1171000000,송파구,서울특별시 송파구 가락로 27 (석촌동),37.5059388,127.0998227,110,110,24133275,5691
광진소규모요양시설,A7670,(노인) 노인요양시설,노인의료복지시설,자치구,오병지,1121500000,광진구,서울특별시 광진구 자양로51길 11-25 (구의동),37.5531035,127.0924277,29,28,02-499-1515,4955
거목노인요양원,A7751,(노인) 노인요양공동생활가정,노인의료복지시설,자치구,김서연,1130500000,강북구,서울특별시 강북구 한천로 1160 (수유동),37.6476268,127.0166096,9,9,02-904-7782,1046
한마음너싱홈,A7758,(노인) 노인요양공동생활가정,노인의료복지시설,자치구,김은자,1120000000,성동구,서울특별시 성동구 용답중앙길 91 (용답동),37.5622181,127.055259,9,9,02-2215-0174,4805
신목행복자리어르신요양센터,A7908,(노인) 노인요양시설,노인의료복지시설,자치구,박지은,1147000000,양천구,"서울특별시 양천구 신목로 10현대아파트 단지 내 106동 앞 (신정동, 목동현대아파트)",37.5181266,126.8766645,21,21,02-2643-6645,8008
남산실버복지센터,A7928,(노인) 노인요양시설,노인의료복지시설,자치구,박창남,1114000000,중구,서울특별시 중구 동호로5길 189 (신당동),37.5467834,127.0086642,14,14,02-2238-9941,4595
(주)도봉늘푸른요양원,A7929,(노인) 노인요양공동생활가정,노인의료복지시설,자치구,김다희,1132000000,도봉구,서울특별시 도봉구 방학로 115-03층,37.6625809,127.0394587,9,9,02-3492-0550,132849
행복한집,A7965,(노인) 노인요양시설,노인의료복지시설,자치구,문명희,1150000000,강서구,서울특별시 강서구 개화동로11길 3-12,37.5788343,126.8004686,25,25,02-2662-1815,7504
그랜드너싱홈,A8007,(노인) 노인요양시설,노인의료복지시설,자치구,조규영,1174000000,강동구,서울특별시 강동구 양재대로 1465마루홈타운 301호 (길동),37.5368565,127.1392951,20,19,02-472-0998,5353
길음안나의집 노인전문요양원,A8008,(노인) 노인요양시설,노인의료복지시설,자치구,김옥경,1129000000,성북구,서울특별시 성북구 길음로9길 46 (길음동),37.6055839,127.0181949,60,62,02-940-3500,2721
나이팅게일너싱홈,A8012,(노인) 노인요양공동생활가정,노인의료복지시설,자치구,김나경,1147000000,양천구,서울특별시 양천구 오목로 22뉴스타빌딩 202호,37.5213356,126.8403537,9,9,02-2602-6677,8029
보람의집,A8046,(노인) 노인요양공동생활가정,노인의료복지시설,자치구,유도원,1147000000,양천구,서울특별시 양천구 목동로23길 34205호,37.5275092,126.8612068,9,9,02-2605-1666,158856
광진한울촌노인요양시설,A8052,(노인) 노인요양시설,노인의료복지시설,자치구,이태화,1121500000,광진구,서울특별시 광진구 군자로 79,37.5501782,127.0705708,93,93,02-464-4511,5002
정성노인요양원,A8080,(노인) 노인요양공동생활가정,노인의료복지시설,자치구,배태옥,1159000000,동작구,서울특별시 동작구 보라매로 89거성빌딩 5층,37.4973551,126.9276523,9,9,02-822-8636,7060
시립송파노인전문요양원,A8127,(노인) 노인요양시설,노인의료복지시설,자치구,김나현,1171000000,송파구,서울특별시 송파구 백제고분로32길 37,37.4991276,127.0949477,93,93,02-2202-9179,5598
부모섬김노인요양원,A8156,(노인) 노인요양시설,노인의료복지시설,자치구,천정용,1129000000,성북구,서울특별시 성북구 오패산로 98로만프라자 3층 (하월곡동),37.6108582,127.0357149,29,30,02-941-8890,2741
홍은노인요양시설,A8158,(노인) 노인요양시설,노인의료복지시설,자치구,백영수,1141000000,서대문구,서울특별시 서대문구 홍은중앙로9길 21 (홍은동),37.6004499,126.9482062,21,21,02-391-1355,3602
한보리노인요양센타,A8188,(노인) 노인요양공동생활가정,노인의료복지시설,자치구,최설희,1162000000,관악구,서울특별시 관악구 난향길 5태성빌딩 3층,37.4627249,126.9185586,9,9,02-830-0678,8859
로뎀복지요양원,A8214,(노인) 노인요양시설,노인의료복지시설,자치구,이제숙,1154500000,금천구,서울특별시 금천구 시흥대로59길 20,37.4534815,126.8995741,37,37,02-802-9012,8632
흰돌장기요양센터1호점,A8240,(노인) 노인요양공동생활가정,노인의료복지시설,자치구,기용우,1174000000,강동구,서울특별시 강동구 구천면로 323개나리프라자 6층,37.5483677,127.1353356,9,9,02-481-6562,5265
실버캐슬요양센터,A8276,(노인) 노인요양공동생활가정,노인의료복지시설,자치구,김천미,1154500000,금천구,서울특별시 금천구 시흥대로 202대의빌딩 6층,37.450992,126.9008414,9,9,02-805-0533,153858
관악노인종합사회복지관 병설 관악치매전문요양센터,A8318,(노인) 노인요양시설,노인의료복지시설,자치구,정정희,1162000000,관악구,서울특별시 관악구 보라매로 35 (봉천동),37.4929511,126.9262421,,,02-888-6958,8708
노원효사랑요양원,A8322,(노인) 노인요양공동생활가정,노인의료복지시설,자치구,조미옥,1135000000,노원구,서울특별시 노원구 동일로173가길 37선석빌딩 4층,37.6198825,127.0730807,7,7,02-979-3225,1859
청담노인복지센터,A8326,(노인) 노인요양공동생활가정,노인의료복지시설,자치구,유지훈,1154500000,금천구,서울특별시 금천구 금하로29길 36금하로 29길 36,37.4513835,126.9137487,8,9,070-4680-2461,8656
임원요양원,A8356,(노인) 노인요양시설,노인의료복지시설,자치구,최유리,1154500000,금천구,서울특별시 금천구 독산로 359 (독산동),37.4788991,126.9035491,74,75,02-852-1153,8537
백산실버홈,A8357,(노인) 노인요양공동생활가정,노인의료복지시설,자치구,전윤서,1141000000,서대문구,서울특별시 서대문구 모래내로 285현대빌딩 4층,37.5777533,126.9294372,9,8,02-307-7796,3663
마포노인복지센터,A8371,(노인) 노인요양시설,노인의료복지시설,자치구,한승훈,1144000000,마포구,서울특별시 마포구 만리재옛12길 6-2 (공덕동),37.5497658,126.9594623,14,14,02-712-3633,4208
성심복지센터,A8452,(노인) 노인요양공동생활가정,노인의료복지시설,자치구,고창근,1123000000,동대문구,서울특별시 동대문구 망우로 122-14층,37.5909468,127.066478,9,9,02-2243-2303,2501
은파요양원,A8463,(노인) 노인요양공동생활가정,노인의료복지시설,자치구,김여영,1123000000,동대문구,서울특별시 동대문구 한천로 77일신빌딩 3층,37.5686408,127.0631824,9,9,02-2212-3712,2611
은나무요양원,A8464,(노인) 노인요양공동생활가정,노인의료복지시설,자치구,곽상원,1123000000,동대문구,서울특별시 동대문구 한천로 77일신빌딩 3층,37.5686408,127.0631824,9,4,02-2212-3712,2611
로뎀요양원,A8532,(노인) 노인요양공동생활가정,노인의료복지시설,자치구,서일선,1138000000,은평구,서울특별시 은평구 통일로72길 31(불광동),37.6234928,126.9337267,8,8,02-357-6113,3351
금호노인요양원,A8551,(노인) 노인요양시설,노인의료복지시설,자치구,한향율,1120000000,성동구,서울특별시 성동구 금호로 45정은타워 2층 (금호동4가),37.5475242,127.0252628,46,46,02-2294-3515,4737
한사랑실버센터2호점,A8562,(노인) 노인요양공동생활가정,노인의료복지시설,자치구,이춘석,1174000000,강동구,서울특별시 강동구 양재대로 14946층 602호,37.5408397,127.1405618,9,9,02-482-6400,5343
축복재가장기노인요양원,A8586,(노인) 노인요양공동생활가정,노인의료복지시설,자치구,김세호,1126000000,중랑구,서울특별시 중랑구 용마산로 389석주빌딩 4층,37.5864395,127.0949264,9,9,02-437-7447,131812
참노인요양원(공동생활가정),A8623,(노인) 노인요양공동생활가정,노인의료복지시설,자치구,유민혁,1156000000,영등포구,서울특별시 영등포구 가마산로 373주현빌딩 5층 ,37.5019735,126.8991858,9,9,02-833-6886,7381
주현노인요양원,A8624,(노인) 노인요양공동생활가정,노인의료복지시설,자치구,유민혁,1156000000,영등포구,서울특별시 영등포구 가마산로 373주현빌딩 5층 (대림동),37.5019735,126.8991858,8,8,02-833-6446,7381
수실버간호센터,A8637,(노인) 노인요양공동생활가정,노인의료복지시설,자치구,이천우,1171000000,송파구,서울특별시 송파구 성내천로 2123층,37.4993956,127.1466777,9,9,02-448-8400,138818
서대문노인복지관요양센터,A8673,(노인) 노인요양시설,노인의료복지시설,자치구,탁우상,1141000000,서대문구,서울특별시 서대문구 독립문로8길 57 (천연동),37.5680584,126.9591207,24,24,02-363-9915,3745
엘림요양원,A8716,(노인) 노인요양시설,노인의료복지시설,자치구,박길진,1138000000,은평구,서울특별시 은평구 응암로 348(녹번동),37.602183,126.9227137,36,36,02-357-9600,3459
양천어르신종합복지관병설 양천어르신요양센터,A8751,(노인) 노인요양시설,노인의료복지시설,자치구,한승호,1147000000,양천구,서울특별시 양천구 목동로3길 106 (신정동),37.5104904,126.8585336,17,17,02-2649-8836,8098
은빛노인요양공동생활가정1,A8773,(노인) 노인요양공동생활가정,노인의료복지시설,자치구,박미선,1171000000,송파구,서울특별시 송파구 거마로 99,37.5016345,127.1480287,9,9,24021005,138817
은빛노인요양공동생활가정4,A8774,(노인) 노인요양공동생활가정,노인의료복지시설,자치구,진난주,1171000000,송파구,서울특별시 송파구 거마로 994층,37.4971916,127.1471468,9,9,02-402-1005,138817
참사랑노인요양센터,A8782,(노인) 노인요양공동생활가정,노인의료복지시설,자치구,고정숙,1130500000,강북구,서울특별시 강북구 오현로 32청우빌딩 6층 (미아동),37.6163166,127.0337075,9,9,02-981-1212,1233
실버밸리노인요양공동생활가정,A8812,(노인) 노인요양공동생활가정,노인의료복지시설,자치구,김승오,1121500000,광진구,서울특별시 광진구 자양로 652층 (자양동),37.5420218,127.0855712,9,9,02-444-3655,5056
송파치매케어센터,A8835,(노인) 노인요양시설,노인의료복지시설,자치구,이경희,1171000000,송파구,서울특별시 송파구 백제고분로32길 41,37.4986807,127.0948732,28,28,02-2203-9401,5598
강남구립 논현요양센터,A8869,(노인) 노인요양시설,노인의료복지시설,자치구,정명희,1168000000,강남구,서울특별시 강남구 강남대로128길 59 (논현동),37.5194103,127.0285848,29,29,02-541-0226,6111
노원실버센터,A8937,(노인) 노인요양시설,노인의료복지시설,자치구,이수남,1135000000,노원구,서울특별시 노원구 동일로 1097 (공릉동),37.6304722,127.0909904,87,82,02-978-7722,1852
상봉요양원,A9020,(노인) 노인요양시설,노인의료복지시설,자치구,노태곤,1126000000,중랑구,서울특별시 중랑구 용마산로 494상아빌딩 5층,37.5949388,127.1002283,23,23,02-2207-8803,2182
봄날서울요양원,A9082,(노인) 노인요양시설,노인의료복지시설,자치구,채재혁,1150000000,강서구,서울특별시 강서구 양천로1길 100,37.5742481,126.809333,124,121,02-2661-8600,7516
효도로노인전문요양원,A9096,(노인) 노인요양시설,노인의료복지시설,자치구,오근영,1153000000,구로구,서울특별시 구로구 경인로 393-7 (고척동),37.5031884,126.858851,170,167,02-2066-7799,8227
인자인케어센터,A9110,(노인) 노인요양시설,노인의료복지시설,자치구,정선량,1111000000,종로구,서울특별시 종로구 평창17길 26 (평창동),37.6128512,126.9666895,43,39,02-394-2234,3006
나눔의집,A9119,(노인) 노인요양공동생활가정,노인의료복지시설,자치구,임준희,1147000000,양천구,서울특별시 양천구 목동로23길 34205호,37.5275092,126.8612068,9,9,02-2605-1666,7938
케어윌,A9177,(노인) 노인요양시설,노인의료복지시설,자치구,강영희,1129000000,성북구,서울특별시 성북구 보문로 50 (보문동7가),37.5805766,127.0206299,110,62,02-927-6060,2859
강남실버센터,A9181,(노인) 노인요양시설,노인의료복지시설,자치구,강다혜,1168000000,강남구,서울특별시 강남구 삼성로 628 (삼성동),37.513975,127.0561274,20,20,02-549-7133,6085
푸른요양원1호점,A9216,(노인) 노인요양시설,노인의료복지시설,자치구,인순자,1130500000,강북구,서울특별시 강북구 도봉로81길 43 (수유동),37.6349001,127.0205984,27,26,02-999-2234,1081
벧엘의집요양원,A9238,(노인) 노인요양공동생활가정,노인의료복지시설,자치구,박미혜,1162000000,관악구,서울특별시 관악구 문성로 963층,37.4781818,126.9211499,9,9,02-856-4382,8864
늘사랑실버센터,A9258,(노인) 노인요양시설,노인의료복지시설,자치구,김용길,1135000000,노원구,서울특별시 노원구 한글비석로 444교림노원프라자 5층 (상계동),37.6559143,127.0608756,80,80,02-932-0033,1666
효원노인복지센터A,A9381,(노인) 노인요양공동생활가정,노인의료복지시설,자치구,김학봉,1126000000,중랑구,"서울특별시 중랑구 상봉중앙로1길 12세광빌딩 3,4층",37.5995979,127.0873868,9,9,02-438-0606,2091
한사랑실버센터1호점,A9387,(노인) 노인요양공동생활가정,노인의료복지시설,자치구,이춘석,1174000000,강동구,서울특별시 강동구 양재대로 1494,37.5389511,127.1408776,9,9,02-482-6400,5343
포도나무실버타운2호점,A9452,(노인) 노인요양공동생활가정,노인의료복지시설,자치구,이현주,1171000000,송파구,서울특별시 송파구 가락로 26층,37.4984443,127.0994199,7,7,02-413-1147,5693
포도나무실버타운1호점,A9453,(노인) 노인요양공동생활가정,노인의료복지시설,자치구,임은주,1171000000,송파구,서울특별시 송파구 가락로 26층,37.4984443,127.0994199,9,9,02-413-1147,5693
강동노인복지관 치매요양원,A9535,(노인) 노인요양시설,노인의료복지시설,자치구,이유리,1174000000,강동구,서울특별시 강동구 동남로71길 32-5강동노인종합복지관 5층 (명일동),37.5523352,127.1542761,25,24,02-426-2041,5269
광진노인보호센터,A9553,(노인) 노인요양공동생활가정,노인의료복지시설,자치구,조철행,1121500000,광진구,서울특별시 광진구 뚝섬로58길 13(자양동),37.5312952,127.0845925,9,9,02-458-0350,5103
밝은요양원,A9631,(노인) 노인요양공동생활가정,노인의료복지시설,자치구,이선숙,1121500000,광진구,서울특별시 광진구 긴고랑로 124층 (중곡동),37.558733,127.0886268,9,9,02-969-8001,4913
예원요양원,A9645,(노인) 노인요양공동생활가정,노인의료복지시설,자치구,문성숙,1126000000,중랑구,서울특별시 중랑구 용마산로 554동화빌딩 2층,37.600421,127.1007454,9,9,02-433-1221,131804
유린원광노인요양원,A9683,(노인) 노인요양시설,노인의료복지시설,자치구,김순덕,1126000000,중랑구,서울특별시 중랑구 신내로 56 (신내동),37.6041991,127.0960164,87,86,02-438-4093,2069
사랑의집,A9722,(노인) 노인요양공동생활가정,노인의료복지시설,자치구,이정희,1165000000,서초구,서울특별시 서초구 탑성말길 26(염곡동 217-5),37.4569531,127.0578685,9,9,02-579-7582,6798
중앙효노인요양공동생활가정,A9827,(노인) 노인요양공동생활가정,노인의료복지시설,자치구,박형준,1141000000,서대문구,"서울특별시 서대문구 서소문로 43-531층,3층",37.5619,126.9659279,6,6,02-362-9263,3741
평창동시니어센터,A9891,(노인) 노인요양시설,노인의료복지시설,자치구,임명순,1111000000,종로구,서울특별시 종로구 평창15길 10 (평창동),37.6105652,126.9656812,68,68,02-391-7936,3006
에덴실버요양원,A9903,(노인) 노인요양공동생활가정,노인의료복지시설,자치구,장미화,1171000000,송파구,서울특별시 송파구 송이로 198-1,37.4901153,127.1278435,9,9,02-407-1768,5796
미래요양원,A9970,(노인) 노인요양공동생활가정,노인의료복지시설,자치구,이문노,1156000000,영등포구,서울특별시 영등포구 대림로 88재상빌딩 4층,37.4900706,126.9045344,9,9,02-833-2307,7438
구립서대문노인전문요양센터,B4161,(노인) 노인요양시설,노인의료복지시설,자치구,김희철,1141000000,서대문구,서울특별시 서대문구 홍지문2길 59 (홍은동),37.5981804,126.9559924,78,78,02-392-3080,3608
사회복지법인 진각복지재단 진각홈케어 성북센터,F04366,(노인) 노인요양시설,노인의료복지시설,자치구,양효정,1129000000,성북구,서울특별시 성북구 화랑로 215층 (하월곡동),37.6046451,127.0393912,,42,02-913-3525,2740
이암요양원,F04452,(노인) 노인요양시설,노인의료복지시설,자치구,지소현,1120000000,성동구,서울특별시 성동구 마장로 125 (상왕십리동),37.5680281,127.0240066,49,49,02-2299-0062,4700
늘푸른요양원,F04668,(노인) 노인요양공동생활가정,노인의료복지시설,자치구,안은주,1129000000,성북구,서울특별시 성북구 장월로1길 604층 (상월곡동),37.6057012,127.0446037,9,9,02-915-2556,2748
(가칭)치매안심마을,F04762,(노인) 노인요양시설,노인의료복지시설,자치구,,1117000000,용산구,경기도 양주시 백석읍 기산로440번길 34 ,37.7748177,126.9386012,144,,02-2199-7552,11518
서울시립마포실버케어센터,F04766,(노인) 노인요양시설,노인의료복지시설,자치구,,1144000000,마포구,서울특별시 마포구 백범로31길 21서울특별시립마포실버케어센터 (공덕동),37.5468224,126.9500658,,,02-000-0000,4147
서울시립동대문실버케어센터,F04767,(노인) 노인요양시설,노인의료복지시설,자치구,,1100000000,서울특별시,서울특별시 동대문구 황물로 12 (답십리동),37.5707506,127.0507803,,,02-000-0000,2591
수명산요양원,F14036,(노인) 노인요양시설,노인의료복지시설,자치구,한미영,1150000000,강서구,서울특별시 강서구 수명로2가길 25-16수명산요양원 (내발산동)(내발산동),37.5485002,126.8250776,65,65,02-2661-7300,7641
88소망요양원,F14037,(노인) 노인요양공동생활가정,노인의료복지시설,자치구,김은옥,1150000000,강서구,서울특별시 강서구 화곡로 2253층 (화곡동)(화곡동),37.5502707,126.848761,9,9,02-2661-1253,7695
시립강동실버케어센터,F14054,(노인) 노인요양시설,노인의료복지시설,자치구,정경일,1100000000,서울특별시,서울특별시 강동구 고덕로 199 (고덕동) 시립강동실버케어센터,37.5555327,127.1470908,,,010-4586-2308,5235
해피데이공동생활가정,G0026,(노인) 노인요양공동생활가정,노인의료복지시설,자치구,장세용,1132000000,도봉구,"서울특별시 도봉구 해등로21, 나동 104호 (창동)",37.6458261,127.0435819,9,9,02-999-3571,1485
노인요양시설 실버스토리,G0027,(노인) 노인요양시설,노인의료복지시설,자치구,황애린,1141000000,서대문구,서울특별시 서대문구 모래내로 330 (홍은동),37.5797545,126.9339189,99,89,02-337-8678,3658
삼농실버마을,G0032,(노인) 노인요양시설,노인의료복지시설,자치구,이윤희,1153000000,구로구,서울특별시 구로구 오류로8길 84 (오류동),37.4925945,126.8447466,120,118,02-2617-9980,8344
참빛요양원,G0201,(노인) 노인요양시설,노인의료복지시설,자치구,유영옥,1132000000,도봉구,서울특별시 도봉구 도봉로 6399층 (쌍문동),37.6533557,127.0271003,23,23,070-8671-2095,1391
사랑과섬김요양원,G0204,(노인) 노인요양공동생활가정,노인의료복지시설,자치구,박애자,1126000000,중랑구,서울특별시 중랑구 묵동 239-51 창성빌딩2층,37.6111099,127.0772714,9,9,02-974-7004,2006
보라매요양원2호점,G0278,(노인) 노인요양공동생활가정,노인의료복지시설,자치구,엄성현,1159000000,동작구,서울특별시 동작구 보라매로 88-088 (신대방동),37.4971602,126.9281559,9,9,02-811-0055,7053
보라매요양원1호점,G0282,(노인) 노인요양공동생활가정,노인의료복지시설,자치구,이승아,1159000000,동작구,서울특별시 동작구 보라매로 88-088 (신대방동),37.4971602,126.9281559,9,9,28110056,7053
사랑초요양원,G0285,(노인) 노인요양시설,노인의료복지시설,자치구,송길한,1147000000,양천구,서울특별시 양천구 지양로 152 (신월동),37.5237721,126.826132,119,114,226051190,8033
사랑재요양원,G0319,(노인) 노인요양시설,노인의료복지시설,자치구,이주한,1121500000,광진구,서울특별시 광진구 자양로 188 (구의동),37.5442866,127.0853042,74,74,24463356,5031
구립한남노인요양원,G0357,(노인) 노인요양시설,노인의료복지시설,자치구,김종학,1117000000,용산구,서울특별시 용산구 독서당로 103 (한남동),37.5355967,127.0107584,81,81,27908999,4419
효심(가)요양원,G0443,(노인) 노인요양공동생활가정,노인의료복지시설,자치구,최진희,1126000000,중랑구,서울특별시 중랑구 중화동210-17 5층,37.5931587,127.0717244,9,9,7081567366,2115
효심(나)요양원,G0444,(노인) 노인요양공동생활가정,노인의료복지시설,자치구,김혜원,1126000000,중랑구,서울특별시 중랑구 중화동210-17 5층,37.5931587,127.0717244,9,9,7081567366,2115
국민건강보험공단 서울요양원,G0512,(노인) 노인요양시설,노인의료복지시설,자치구,박득수,1168000000,강남구,서울특별시 강남구 헌릉로590길 50 (세곡동),37.4613153,127.1040348,150,150,221601000,6366
대한실버하우스,G0522,(노인) 노인요양공동생활가정,노인의료복지시설,자치구,유영호,1154500000,금천구,서울특별시 금천구 독산로78길 21(독산동),37.4695382,126.9039691,9,9,02-855-8191,8557
은혜실버노인요양공동생활가정,G0528,(노인) 노인요양공동생활가정,노인의료복지시설,자치구,김영성,1141000000,서대문구,서울특별시 서대문구 응암로1길 8-4(북가좌동),37.5814517,126.9113842,8,8,02-304-2429,3678
사랑채요양종합복지센터,G0627,(노인) 노인요양공동생활가정,노인의료복지시설,자치구,위정희,1132000000,도봉구,"서울특별시 도봉구 도봉로133길34, 1층 (쌍문동)",37.6579098,127.0377935,9,9,29746290,1394
도봉요양원,G0636,(노인) 노인요양공동생활가정,노인의료복지시설,자치구,김신곤,1132000000,도봉구,"서울특별시 도봉구 도봉로601, 401호 (쌍문동)",37.6574339,127.0392549,9,9,02-9009898,1395
어버이사랑노인의료복지센터1,G0650,(노인) 노인요양공동생활가정,노인의료복지시설,자치구,강혜원,1156000000,영등포구,"서울특별시 영등포구 도림로318, 4층 (신길동)",37.5059632,126.9022625,9,9,02-832-3355,7382
어버이사랑노인의료복지센터2,G0651,(노인) 노인요양공동생활가정,노인의료복지시설,자치구,김현주,1156000000,영등포구,"서울특별시 영등포구 도림로318, 5층 (신길동)",37.5059632,126.9022625,9,9,02-832-3358,7382
어버이사랑노인의료복지센터3,G0652,(노인) 노인요양공동생활가정,노인의료복지시설,자치구,양재영,1156000000,영등포구,"서울특별시 영등포구 도림로318, 6층 (신길동)",37.5059632,126.9022625,8,8,02-832-3359,7382
유민복지센터,G0706,(노인) 노인요양공동생활가정,노인의료복지시설,자치구,정인예,1129000000,성북구,서울특별시 성북구 장위로26길20 (장위동),37.6129463,127.0455183,6,5,27633962,2745
노원편안한요양원2,G0724,(노인) 노인요양공동생활가정,노인의료복지시설,자치구,김판석,1135000000,노원구,"서울특별시 노원구 상계로27길12, 3층 (상계동, 경인빌딩)",37.659169,127.0707369,7,7,29328088,1682
노원편안한요양원1,G0725,(노인) 노인요양공동생활가정,노인의료복지시설,자치구,정진주,1135000000,노원구,"서울특별시 노원구 상계로27길12, 3층 (상계동, 경인빌딩)",37.659169,127.0707369,9,9,29328088,1682
가온요양원2,G0759,(노인) 노인요양공동생활가정,노인의료복지시설,자치구,구자연,1130500000,강북구,서울특별시 강북구 한천로 10755층 (수유동),37.6387503,127.0289654,9,9,02-907-1117,1070
가온요양원1,G0761,(노인) 노인요양공동생활가정,노인의료복지시설,자치구,김명국,1130500000,강북구,서울특별시 강북구 한천로 10753층 (수유동),37.6387503,127.0289654,9,9,02-6959-8078,1070
강남유명요양원,G0863,(노인) 노인요양공동생활가정,노인의료복지시설,자치구,원진순,1168000000,강남구,"서울특별시 강남구 개포로140길32, 5층 (일원동, 원효빌딩)",37.4935735,127.0865721,9,9,24453770,6339
서울시립중랑노인전문요양원,G0884,(노인) 노인요양시설,노인의료복지시설,자치구,조남식,1126000000,중랑구,"서울특별시 중랑구 양원역로 38 (망우동, 시립중랑노인전문요양원)",37.604588,127.1073169,165,165,24370144,2062
인애요양원,G0891,(노인) 노인요양공동생활가정,노인의료복지시설,자치구,이방희,1162000000,관악구,"서울특별시 관악구 신림로169, 201호 (신림동, 영창빌딩)",37.4742259,126.9337281,9,9,02-883-9430,8845
사랑나눔요양원2,G1063,(노인) 노인요양공동생활가정,노인의료복지시설,자치구,조숙현,1130500000,강북구,서울특별시 강북구 도봉로 2434층 (미아동),37.6290856,127.0277879,9,8,02-999-1366,1118
사랑재활요양원,G1064,(노인) 노인요양공동생활가정,노인의료복지시설,자치구,조옥희,1132000000,도봉구,"서울특별시 도봉구 덕릉로59아길54, 4층 (창동)",37.6431892,127.0394695,9,9,29003882,1464
은평요양원,G1094,(노인) 노인요양시설,노인의료복지시설,자치구,정수민,1138000000,은평구,"서울특별시 은평구 진흥로 473,4층 (역촌동)",37.6045773,126.9146251,45,45,23880709,3408
love사랑맞이요양원,G1102,(노인) 노인요양시설,노인의료복지시설,자치구,임하연,1132000000,도봉구,"서울특별시 도봉구 마들로649-20, 8층 (방학동)",37.6683478,127.0448269,24,24,29553322,1332
A  도봉재활요양원,G1137,(노인) 노인요양시설,노인의료복지시설,자치구,이근례,1132000000,도봉구,"서울특별시 도봉구 도봉로152길26, 6층 (방학동)",37.6692551,127.0452414,41,41,02-3494-6101,1332
(협)효마을 중랑 노인요양공동생활가정,G1156,(노인) 노인요양공동생활가정,노인의료복지시설,자치구,배윤신,1126000000,중랑구,"서울특별시 중랑구 용마공원로3길24-10, 지층 (망우동)",37.5955662,127.1021281,9,9,7076038100,2180
목동조은요양원,G1167,(노인) 노인요양공동생활가정,노인의료복지시설,자치구,김현진,1147000000,양천구,서울특별시 양천구 중앙로 294명성빌딩 8층 (신정동),37.5225752,126.8520564,9,9,226010492,8026
휴림실버요양센터,G1211,(노인) 노인요양시설,노인의료복지시설,자치구,곽철희,1153000000,구로구,"서울특별시 구로구 디지털로27길 119B2,2,3 (가리봉동)",37.4845954,126.8896773,154,143,02-855-0066,8385
21세기요양원 노인요양공동생활가정,G1299,(노인) 노인요양공동생활가정,노인의료복지시설,자치구,최정희,1156000000,영등포구,"서울특별시 영등포구 도신로69, 4층층 (도림동)",37.5063768,126.9000716,9,9,02-835-2730,7374
상봉요양원요양센터,G1334,(노인) 노인요양시설,노인의료복지시설,자치구,장태숙,1126000000,중랑구,서울특별시 중랑구 용마산로 485 (망우동),37.601942,127.1132082,54,54,02-2209-9776,2173
봄날북한산요양원,G1340,(노인) 노인요양시설,노인의료복지시설,자치구,이영선,1130500000,강북구,서울특별시 강북구 4.19로 77 (수유동),37.6451274,127.0065641,137,121,02-991-5111,1015
(협)노인돌봄은평요양원,G1351,(노인) 노인요양공동생활가정,노인의료복지시설,자치구,전명희,1138000000,은평구,서울특별시 은평구 가좌로 3063층 (신사동),37.5904181,126.9125289,9,9,7088089929,3452
난향요양원,G1354,(노인) 노인요양공동생활가정,노인의료복지시설,자치구,김종분,1162000000,관악구,"서울특별시 관악구 남부순환로 1474, 3층층 (신림동)",37.4814254,126.9142145,9,9,28666028,8771
난향요양원2,G1355,(노인) 노인요양공동생활가정,노인의료복지시설,자치구,이종분,1162000000,관악구,"서울특별시 관악구 남부순환로 1470, 4층층 (신림동)",37.4813718,126.9138745,9,9,28666028,8771
수색실버케어,G1388,(노인) 노인요양시설,노인의료복지시설,자치구,최재식,1138000000,은평구,서울특별시 은평구 수색로272-1 (수색동),37.5831853,126.8945114,67,57,23051188,3489
종로시니어스타워,G1403,(노인) 노인요양시설,노인의료복지시설,자치구,박명은,1111000000,종로구,서울특별시 종로구 홍지문길 29 (홍지동),37.6020471,126.9574429,77,77,02-1877-5255,3015
성동실버케어요양원,G1469,(노인) 노인요양공동생활가정,노인의료복지시설,자치구,동홍우,1121500000,광진구,서울특별시 광진구 뚝섬로 6134층 (자양동),37.535533,127.067871,9,9,02-444-6100,5063
다사랑요양원,G1482,(노인) 노인요양시설,노인의료복지시설,자치구,장혜숙,1132000000,도봉구,서울특별시 도봉구 도봉로191길 88-6 (도봉동),37.6900976,127.0406144,60,60,02-995-3600,1301
사랑재활요양원2호점,G1493,(노인) 노인요양공동생활가정,노인의료복지시설,자치구,설영일,1132000000,도봉구,"서울특별시 도봉구 덕릉로59아길 54-0 (창동)54, 3층층 (창동, 이순빌딩)",37.6431892,127.0394695,9,9,29077854,1464
효심(라)요양원,G1495,(노인) 노인요양공동생활가정,노인의료복지시설,자치구,이지택,1126000000,중랑구,"서울특별시 중랑구 망우로 171, 6층층 (중화동)",37.6005095,127.0781428,9,9,7081567366,131878
효심(다)요양원,G1496,(노인) 노인요양공동생활가정,노인의료복지시설,자치구,이춘우,1126000000,중랑구,"서울특별시 중랑구 망우로 171, 6층층 (중화동)",37.6005095,127.0781428,9,9,7081567366,131600
엔젤요양원,G1539,(노인) 노인요양공동생활가정,노인의료복지시설,자치구,홍사록,1162000000,관악구,"서울특별시 관악구 남부순환로 1432-7, 401호호 (신림동, 대우빌딩)",37.4832381,126.9045624,9,9,28655522,151600
가나안요양원,G1542,(노인) 노인요양공동생활가정,노인의료복지시설,자치구,오경철,1162000000,관악구,"서울특별시 관악구 조원로 24, 601호호 (신림동, 새한빌딩)",37.4831983,126.9050293,9,10,28685004,151600
수명산요양원,G1570,(노인) 노인요양시설,노인의료복지시설,자치구,한미영,1150000000,강서구,"서울특별시 강서구 수명로2가길 25-16(내발산동, 수명산요양원)",37.5485002,126.8250776,63,63,02-2661-7300,7641
A 행복한그린요양원,G1585,(노인) 노인요양시설,노인의료복지시설,자치구,박기숙,1135000000,노원구,서울특별시 노원구 동일로230나길 23 (상계동),37.6726197,127.0575891,20,20,29513877,139600
사랑방요양원,G1622,(노인) 노인요양공동생활가정,노인의료복지시설,자치구,이경순,1132000000,도봉구,"서울특별시 도봉구 도봉로 727-1 (방학동)727-1, 2층 (방학동)",37.6630261,127.0373454,9,9,02-955-1190,1350
주은요양원,G1623,(노인) 노인요양공동생활가정,노인의료복지시설,자치구,함수용,1154500000,금천구,서울특별시 금천구 시흥대로 487독산동 (독산동),37.4771018,126.8982895,9,9,02-852-5178,8530
강일성모노인요양원,G1662,(노인) 노인요양시설,노인의료복지시설,자치구,한정일,1174000000,강동구,서울특별시 강동구 고덕로 476 (강일동),37.5578064,127.1785997,74,72,02-426-9663,5286
카멜리아요양원,G1691,(노인) 노인요양공동생활가정,노인의료복지시설,자치구,박희웅,1126000000,중랑구,"서울특별시 중랑구 동일로933, 7층층 (묵동, 수정빌딩)",37.6136975,127.0765697,9,9,29497719,131600
꿈에그린요양원1,G1713,(노인) 노인요양공동생활가정,노인의료복지시설,자치구,김승호,1132000000,도봉구,"서울특별시 도봉구 방학로106, 4층층 (방학동)",37.6630494,127.0404848,9,9,7088385311,1345
구로 미가 요양원,G1744,(노인) 노인요양시설,노인의료복지시설,자치구,이옥진,1153000000,구로구,서울특별시 구로구 천왕로 366층 (천왕동),37.482164,126.8392283,21,21,02-2613-6321,8365
도봉은빛요양원,G1749,(노인) 노인요양공동생활가정,노인의료복지시설,자치구,최은정,1132000000,도봉구,"서울특별시 도봉구 방학로106, 5층 (방학동)",37.6630494,127.0404848,9,9,29556464,1345
강서사랑요양원,G1803,(노인) 노인요양시설,노인의료복지시설,자치구,이은경,1150000000,강서구,서울특별시 강서구 곰달래로 71 (화곡동),37.530339,126.840706,56,45,02-2135-3710,7772
홍릉요양원,G1822,(노인) 노인요양공동생활가정,노인의료복지시설,자치구,박장순,1123000000,동대문구,"서울특별시 동대문구 제기로72, 5층 (제기동, 홍릉요양원)",37.5864205,127.0410612,9,9,29603460,130890
참좋은요양원,G1828,(노인) 노인요양공동생활가정,노인의료복지시설,자치구,신용주,1138000000,은평구,서울특별시 은평구 가좌로 3062층 (신사동),37.5904181,126.9125289,9,9,02-371-5371,3452
삼성요양원,G1831,(노인) 노인요양시설,노인의료복지시설,자치구,박재경,1162000000,관악구,"서울특별시 관악구 호암로401, 501호호 (신림동)",37.4611103,126.9259645,13,13,28751212,151600
서울시립 영보노인요양원,G1838,(노인) 노인요양시설,노인의료복지시설,자치구,김재성,1100000000,서울특별시,경기도 용인시 처인구 이동면 이원로483,37.1692638,127.2399571,,,031-323-5705,156600
종암요양원,G1918,(노인) 노인요양시설,노인의료복지시설,자치구,배진희,1129000000,성북구,서울특별시 성북구 종암로9길56 (종암동),37.5966164,127.0327516,15,12,02-921-1009,136600
햇살요양원,G1932,(노인) 노인요양시설,노인의료복지시설,자치구,강혜아,1150000000,강서구,서울특별시 강서구 공항대로41길 34-0 (등촌동)34 (등촌동),37.5593008,126.845731,46,46,236657772,7587
참사랑실버케어,G1934,(노인) 노인요양시설,노인의료복지시설,자치구,황중석,1150000000,강서구,서울특별시 강서구 까치산로106 (화곡동),37.5474957,126.8493166,41,39,220651295,157650
그린요양원,G2007,(노인) 노인요양공동생활가정,노인의료복지시설,자치구,차세광,1132000000,도봉구,"서울특별시 도봉구 방학로 115, 2층 (방학동, 그린빌딩)",37.6625809,127.0394587,9,9,29568998,1390
주안요양원,G2061,(노인) 노인요양공동생활가정,노인의료복지시설,자치구,권영주,1138000000,은평구,서울특별시 은평구 서오릉로13길10 (구산동),37.6109628,126.9123059,9,9,23566599,122600
밝은햇살요양원,G2062,(노인) 노인요양공동생활가정,노인의료복지시설,자치구,박종하,1150000000,강서구,"서울특별시 강서구 강서로29길38, 1층 (화곡동)",37.5392057,126.8397497,9,9,226080410,157650
둥지요양원,G2067,(노인) 노인요양시설,노인의료복지시설,자치구,장서현,1129000000,성북구,"서울특별시 성북구 오패산로 49, 2층 1호 (하월곡동)",37.6063985,127.0364478,20,14,02-943-1235,136600
가족사랑요양원,G2181,(노인) 노인요양시설,노인의료복지시설,자치구,권현섭,1130500000,강북구,"서울특별시 강북구 한천로 1108-1, 2, 3층 (수유동)",37.6444463,127.0210373,20,20,29998334,1048
행복한노인요양원2,G2213,(노인) 노인요양공동생활가정,노인의료복지시설,자치구,김문주,1130500000,강북구,"서울특별시 강북구 덕릉로46, 2호 4층 (수유동)",37.6340425,127.0185411,9,9,7088726401,1111
행복한노인요양원1,G2214,(노인) 노인요양공동생활가정,노인의료복지시설,자치구,김민배,1130500000,강북구,"서울특별시 강북구 덕릉로46, 2호, 2층 (수유동)",37.6340425,127.0185411,9,9,29026400,142600
가온요양원,G2227,(노인) 노인요양공동생활가정,노인의료복지시설,자치구,이정희,1135000000,노원구,"서울특별시 노원구 노원로479, 5층 (상계동, 대광빌딩)",37.6588594,127.0645709,9,9,29513001,139600
우리가족요양원 2호점,G2243,(노인) 노인요양공동생활가정,노인의료복지시설,자치구,여유라,1126000000,중랑구,"서울특별시 중랑구 용마산로 488, 5층 (망우동, 유진빌딩)",37.5944742,127.099867,9,9,24937005,131600
우리가족요양원 1호점,G2244,(노인) 노인요양공동생활가정,노인의료복지시설,자치구,조명훈,1126000000,중랑구,"서울특별시 중랑구 용마산로 488, 6층 (망우동, 유진빌딩)",37.5944742,127.099867,9,9,24937005,131600
효드림요양원,G2267,(노인) 노인요양시설,노인의료복지시설,자치구,오은주,1141000000,서대문구,"서울특별시 서대문구 응암로 62-0 (북가좌동)62, 4~7층 (북가좌동)",37.5785848,126.9106133,29,29,231510490,3691
성심노인요양원,G2324,(노인) 노인요양공동생활가정,노인의료복지시설,자치구,김연호,1150000000,강서구,"서울특별시 강서구 강서로74길36, 4층 (가양동, 서령빌딩)",37.5668719,126.8427652,9,9,236632202,7573
은빛요양원 II,G2325,(노인) 노인요양공동생활가정,노인의료복지시설,자치구,권정숙,1162000000,관악구,"서울특별시 관악구 신림로 134-0 (신림동)134, 5층 (신림동, 오성빌딩)",37.4716525,126.934819,9,9,28888833,8838
은빛요양원,G2327,(노인) 노인요양공동생활가정,노인의료복지시설,자치구,이미자,1162000000,관악구,"서울특별시 관악구 신림로 134, 4층 (신림동, 오성빌딩)",37.4716525,126.934819,9,9,28888833,151600
실버캐슬요양원,G2332,(노인) 노인요양공동생활가정,노인의료복지시설,자치구,김영환,1154500000,금천구,서울특별시 금천구 시흥대로139길 14 (독산동),37.4729797,126.8972746,9,9,02-854-0627,8534
실버캐슬 그룹홈,G2333,(노인) 노인요양공동생활가정,노인의료복지시설,자치구,노영신,1154500000,금천구,서울특별시 금천구 시흥대로139길 14 (독산동),37.4729797,126.8972746,9,9,02-854-0626,153600
다원요양원,G2340,(노인) 노인요양공동생활가정,노인의료복지시설,자치구,김원두,1162000000,관악구,"서울특별시 관악구 조원중앙로 24, 3층 (신림동, 우진빌딩)",37.481627,126.9059622,9,9,28586690,151600
다원요양센터,G2341,(노인) 노인요양공동생활가정,노인의료복지시설,자치구,심민희,1162000000,관악구,"서울특별시 관악구 조원중앙로 24, 5층 (신림동, 우진빌딩)",37.481627,126.9059622,9,9,28586690,8765
영지요양원,G2368,(노인) 노인요양시설,노인의료복지시설,자치구,금경자,1126000000,중랑구,서울특별시 중랑구 봉우재로 47 (면목동),37.5909819,127.0783294,37,37,24477621,131600
신월실버요양원,G2400,(노인) 노인요양시설,노인의료복지시설,자치구,구종완,1147000000,양천구,서울특별시 양천구 곰달래로 30 (신월동),37.5297385,126.8361119,75,71,226976281,158600
평강요양원,G2405,(노인) 노인요양공동생활가정,노인의료복지시설,자치구,임정옥,1126000000,중랑구,"서울특별시 중랑구 용마산로112길90, 3층 (망우동, 성공빌딩)",37.5985059,127.1054612,9,9,24349169,131600
한솔요양원,G2419,(노인) 노인요양시설,노인의료복지시설,자치구,김수신,1129000000,성북구,"서울특별시 성북구 오패산로10길 30, 4층 401호 (하월곡동)",37.6051582,127.0383809,29,28,29117879,2751
도우누리편안한요양원,G2460,(노인) 노인요양공동생활가정,노인의료복지시설,자치구,김현철,1123000000,동대문구,"서울특별시 동대문구 한천로37길19, A동 5층 (답십리동, 창승빌딩)",37.5763219,127.0665214,9,7,02-3390-4645,130650
쌍문늘푸른요양원,G2474,(노인) 노인요양공동생활가정,노인의료복지시설,자치구,이강호,1132000000,도봉구,"서울특별시 도봉구 해등로26길7, 쌍문동 501호 (쌍문동)",37.6585049,127.0326011,9,9,29947250,1387
사랑가득 요양원,G2523,(노인) 노인요양시설,노인의료복지시설,자치구,나태웅,1154500000,금천구,"서울특별시 금천구 독산로194 (독산동, 영재빌딩)",37.4643321,126.9031647,43,43,02-804-1030,153600
가천요양원,G2527,(노인) 노인요양공동생활가정,노인의료복지시설,자치구,이정임,1126000000,중랑구,"서울특별시 중랑구 신내로14길13, 4층 (신내동)",37.6058361,127.0960935,9,9,02-3423-2220,131600
서울숲요양원,G2547,(노인) 노인요양시설,노인의료복지시설,자치구,최한철,1162000000,관악구,서울특별시 관악구 난향7길 68 (신림동),37.4596561,126.9150536,99,99,28584501,151600
나이팅게일너싱홈,G2555,(노인) 노인요양시설,노인의료복지시설,자치구,장경애,1159000000,동작구,"서울특별시 동작구 남부순환로255길8, 1,3층 101,301호 (사당동, 장미빌라)",37.4764869,126.9712237,22,22,02-583-6711,156600
늘봄시니어케어센터,G2589,(노인) 노인요양시설,노인의료복지시설,자치구,조광희,1153000000,구로구,서울특별시 구로구 새말로 38-12 (구로동)(구로동),37.5025106,126.8849416,15,15,28558118,8292
도봉하루요양원2호점,G2597,(노인) 노인요양공동생활가정,노인의료복지시설,자치구,조선아,1132000000,도봉구,서울특별시 도봉구 방학로3길 103 (쌍문동) 춘광빌딩 5~6층,37.6585483,127.0390708,9,9,7081827713,1395
도봉하루요양원1호점,G2598,(노인) 노인요양공동생활가정,노인의료복지시설,자치구,이정숙,1132000000,도봉구,서울특별시 도봉구 방학로3길 103 (쌍문동),37.6585483,127.0390708,9,9,7081167713,1395
마더노인요양센터,G2659,(노인) 노인요양시설,노인의료복지시설,자치구,박형대,1174000000,강동구,"서울특별시 강동구 명일로 230, 2층 (길동)",37.5391164,127.1468187,29,29,24736533,134600
엘림요양원,G2687,(노인) 노인요양공동생활가정,노인의료복지시설,자치구,우지혜,1126000000,중랑구,"서울특별시 중랑구 봉우재로 79, 3층 (상봉동, 화성빌딩)",37.5919606,127.0819664,9,9,24969724,131600
닥터참사랑요양원,G2732,(노인) 노인요양시설,노인의료복지시설,자치구,윤영준,1117000000,용산구,"서울특별시 용산구 원효로 155, 3~5층 (원효로2가)",37.5350471,126.9603585,15,15,27110335,4363
우리엄마요양원,G2778,(노인) 노인요양공동생활가정,노인의료복지시설,자치구,김미현,1129000000,성북구,"서울특별시 성북구 보문로 123, 3층 (보문동2가)",37.5857569,127.0182315,9,8,29213002,136600
한가람요양원,G2846,(노인) 노인요양시설,노인의료복지시설,자치구,최연임,1150000000,강서구,"서울특별시 강서구 등촌로 183, 4층 (등촌동)",37.5462615,126.8622039,20,20,226450558,157650
실버캐슬요양타운,G2883,(노인) 노인요양시설,노인의료복지시설,자치구,차재철,1147000000,양천구,서울특별시 양천구 신월로 107 (신월동),37.5162223,126.8358153,49,49,220651451,158600
정원요양원,G2893,(노인) 노인요양공동생활가정,노인의료복지시설,자치구,정명자,1126000000,중랑구,"서울특별시 중랑구 용마산로112길 90, 4층 (망우동)",37.5988832,127.105424,9,9,24938859,131600
경복궁요양센터,G2901,(노인) 노인요양시설,노인의료복지시설,자치구,주현태,1171000000,송파구,서울특별시 송파구 성내천로47길 40 (마천동),37.5007537,127.1473155,46,46,24080048,138600
중곡요양원,G2908,(노인) 노인요양공동생활가정,노인의료복지시설,자치구,배인순,1121500000,광진구,"서울특별시 광진구 면목로 203, 3층 (중곡동)",37.571219,127.0832462,9,9,24338255,143607
다애요양원,G2909,(노인) 노인요양시설,노인의료복지시설,자치구,서정애,1129000000,성북구,"서울특별시 성북구 성북로4길 52, 한진아파트스포츠센터동 지하2층 5305,5306호 (돈암동)",37.5947663,127.0104379,36,37,02-921-3131,2831
사랑과섬김요양원,G2952,(노인) 노인요양공동생활가정,노인의료복지시설,자치구,김나경,1135000000,노원구,서울특별시 노원구 한글비석로 4225층 (상계동),37.6512273,127.067014,9,9,29301288,1668
강북재활요양원2호점,G3008,(노인) 노인요양공동생활가정,노인의료복지시설,자치구,나영선,1132000000,도봉구,"서울특별시 도봉구 도봉로 669, 601호 (방학동)",37.6699717,127.0361479,9,9,29568700,1384
강북재활요양원,G3010,(노인) 노인요양공동생활가정,노인의료복지시설,자치구,장경순,1132000000,도봉구,"서울특별시 도봉구 도봉로 669, 601호 (방학동)",37.6699717,127.0361479,9,9,29568700,1384
가족사랑요양원,G3078,(노인) 노인요양시설,노인의료복지시설,자치구,김혜자,1154500000,금천구,"서울특별시 금천구 시흥대로 214, 10층 (시흥동)",37.4530549,126.9017192,29,29,02-803-7707,8628
큰사랑요양원,G3095,(노인) 노인요양시설,노인의료복지시설,자치구,정용훈,1132000000,도봉구,"서울특별시 도봉구 도봉로180길 46, 5층 (도봉동)",37.6822244,127.0477933,29,29,234915720,1320
행복마지요양원,G3108,(노인) 노인요양시설,노인의료복지시설,자치구,정한준,1150000000,강서구,"서울특별시 강서구 강서로12길 8-8, 1,2층 (화곡동, 근상프리즘주상복합아파트)",37.5313941,126.847465,29,29,226763275,157650
청춘요양원,G3115,(노인) 노인요양시설,노인의료복지시설,자치구,강정희,1132000000,도봉구,"서울특별시 도봉구 도봉로180길 46, 4층 (도봉동)",37.6822244,127.0477933,29,29,29540001,1320
은나무요양원,G3116,(노인) 노인요양시설,노인의료복지시설,자치구,황욱,1132000000,도봉구,"서울특별시 도봉구 도봉로180나길 48-0 (도봉동)46, 6층 (도봉동)",37.6834715,127.0501832,29,29,29957588,1319
행복요양원,G3119,(노인) 노인요양시설,노인의료복지시설,자치구,조용진,1132000000,도봉구,"서울특별시 도봉구 도봉로180길 46, 2층 (도봉동)",37.6822244,127.0477933,29,29,29550002,1320
상계요양원,G3121,(노인) 노인요양시설,노인의료복지시설,자치구,박미진,1135000000,노원구,서울특별시 노원구 동일로242바길 27 (상계동),37.6742875,127.0611834,82,82,29313376,139600
새마음요양원,G3124,(노인) 노인요양공동생활가정,노인의료복지시설,자치구,장영이,1150000000,강서구,"서울특별시 강서구 공항대로41길 34, 3층 (등촌동)",37.5593008,126.845731,9,9,02-3662-5978,7587
희망요양원,G3125,(노인) 노인요양공동생활가정,노인의료복지시설,자치구,박래경,1150000000,강서구,"서울특별시 강서구 공항대로41길 34, 3층 (등촌동)",37.5593008,126.845731,9,9,236635978,7587
미소사랑요양원,G3143,(노인) 노인요양시설,노인의료복지시설,자치구,이상실,1132000000,도봉구,"서울특별시 도봉구 도봉로180길 46, 3층 (도봉동)",37.6822244,127.0477933,29,29,29543322,1320
선한노인전문요양원,G3169,(노인) 노인요양시설,노인의료복지시설,자치구,김광희,1132000000,도봉구,서울특별시 도봉구 덕릉로62길 52-6 (창동)52-6 (창동),37.6392366,127.0421237,39,39,29078686,1475
효심요양원,G3176,(노인) 노인요양시설,노인의료복지시설,자치구,박찬우,1132000000,도봉구,"서울특별시 도봉구 도봉로180길 46, 7층 (도봉동)",37.6822244,127.0477933,29,29,29569977,1320
가족사랑노인요양센터,G3186,(노인) 노인요양공동생활가정,노인의료복지시설,자치구,김성현,1130500000,강북구,"서울특별시 강북구 월계로 75, 4층 (미아동, 동구빌딩)",37.6132747,127.0373371,9,9,29948655,1236
효누리요양원,G3257,(노인) 노인요양공동생활가정,노인의료복지시설,자치구,김태연,1135000000,노원구,"서울특별시 노원구 한글비석로 422, 3층 (상계동)",37.6620559,127.07035,9,9,29371030,139600
다애요양원,G3276,(노인) 노인요양공동생활가정,노인의료복지시설,자치구,권선태,1126000000,중랑구,"서울특별시 중랑구 망우로262, 2층 (상봉동)",37.5950319,127.0817704,9,9,29600119,131600
행복한노인요양원3,G3292,(노인) 노인요양공동생활가정,노인의료복지시설,자치구,임종기,1130500000,강북구,"서울특별시 강북구 덕릉로 46, 2, 4층 (수유동, 신우빌딩)",37.6340425,127.0185411,9,9,29026400,1111
더시그넘하우스 너싱홈,G3308,(노인) 노인요양시설,노인의료복지시설,자치구,옥순인,1168000000,강남구,서울특별시 강남구 자곡로 204-25 (자곡동),37.4732225,127.1038056,60,40,24458856,6373
강북실버요양원2호점,G3322,(노인) 노인요양공동생활가정,노인의료복지시설,자치구,홍석중,1132000000,도봉구,"서울특별시 도봉구 도봉로669, 201동 (방학동, 이정빌딩)",37.6644014,127.0420621,9,9,29567766,1346
소망요양원,G3323,(노인) 노인요양공동생활가정,노인의료복지시설,자치구,심향유,1123000000,동대문구,"서울특별시 동대문구 한천로37길 19, 4층 (답십리동)",37.5763219,127.0665214,9,5,222487533,130650
강북실버요양원,G3324,(노인) 노인요양공동생활가정,노인의료복지시설,자치구,고은숙,1132000000,도봉구,"서울특별시 도봉구 도봉로669, 201호 (방학동, 이정빌딩)",37.6726414,127.0340072,9,,29567766,1346
솔요양원,G3335,(노인) 노인요양공동생활가정,노인의료복지시설,자치구,김효희,1150000000,강서구,"서울특별시 강서구 강서로17길 25 (화곡동, 3층)",37.5326415,126.8445008,9,7,226454454,157650
푸른요양원,G3336,(노인) 노인요양공동생활가정,노인의료복지시설,자치구,오선영,1150000000,강서구,"서울특별시 강서구 강서로17길 25 (화곡동, 3층)",37.5326415,126.8445008,9,8,226454454,157650
푸른요양원2호점,G3337,(노인) 노인요양시설,노인의료복지시설,자치구,신현진,1130500000,강북구,"서울특별시 강북구 도봉로81길 43, 지,1,5~8층 (수유동)",37.6349001,127.0205984,27,26,29721736,1081
푸른솔요양원,G3346,(노인) 노인요양공동생활가정,노인의료복지시설,자치구,전형묵,1150000000,강서구,"서울특별시 강서구 강서로17길 25 (화곡동, 3층)",37.5326415,126.8445008,9,8,226454454,157650
큰사랑노인요양원,G3364,(노인) 노인요양시설,노인의료복지시설,자치구,박성애,1132000000,도봉구,"서울특별시 도봉구 도봉로152길26, 7층 (방학동, 렉시온프라자)",37.6692551,127.0452414,28,28,234925720,1332
중앙요양원,G3370,(노인) 노인요양공동생활가정,노인의료복지시설,자치구,전양현,1162000000,관악구,"서울특별시 관악구 남부순환로 1432-7, 501호 (신림동)",37.4804581,126.9101271,9,9,28867757,151600
도봉하루요양원3호점,G3372,(노인) 노인요양공동생활가정,노인의료복지시설,자치구,연예령,1132000000,도봉구,"서울특별시 도봉구 방학로3길103, 5,6층 (쌍문동)",37.6585483,127.0390708,8,8,7081167713,1395
강북요양원,G3386,(노인) 노인요양공동생활가정,노인의료복지시설,자치구,정진숙,1132000000,도봉구,"서울특별시 도봉구 도봉로 669-0 (방학동)669, 5층 501호 (방학동, 이정빌딩)",37.6619108,127.032123,9,9,29544100,1346
강북요양원2호점,G3387,(노인) 노인요양공동생활가정,노인의료복지시설,자치구,김정희,1132000000,도봉구,서울특별시 도봉구 도봉로 669-0 (방학동),37.6619108,127.032123,9,9,29544100,1346
효심요양원2호,G3389,(노인) 노인요양공동생활가정,노인의료복지시설,자치구,홍승대,1126000000,중랑구,"서울특별시 중랑구 망우로 171, 4층 (중화동)",37.5931587,127.0717244,9,9,7045437367,131600
효심요양원1호,G3391,(노인) 노인요양공동생활가정,노인의료복지시설,자치구,윤소정,1126000000,중랑구,"서울특별시 중랑구 망우로 171, 4층 (중화동)",37.5931587,127.0717244,9,9,7045437367,131600
행복가득요양원,G3503,(노인) 노인요양시설,노인의료복지시설,자치구,조미정,1141000000,서대문구,서울특별시 서대문구 거북골로 202-2 (북가좌동),37.5786613,126.9089637,25,20,23035959,3681
한마음실버빌,G3525,(노인) 노인요양공동생활가정,노인의료복지시설,자치구,조훈원,1168000000,강남구,"서울특별시 강남구 논현로12길 19-4, 2~3층 (개포동)",37.4752364,127.049203,9,9,25770091,6312
장수노인요양공동생활가정,G3536,(노인) 노인요양공동생활가정,노인의료복지시설,자치구,장미영,1141000000,서대문구,서울특별시 서대문구 응암로 145 (북가좌동),37.5853506,126.9150216,9,9,23523520,120650
경동노인요양원2,G3567,(노인) 노인요양공동생활가정,노인의료복지시설,자치구,조현,1123000000,동대문구,"서울특별시 동대문구 약령시로 122-5, 1~3층 (제기동)",37.5827792,127.0433781,9,8,29622262,130650
경동노인요양원,G3568,(노인) 노인요양공동생활가정,노인의료복지시설,자치구,윤용암,1123000000,동대문구,"서울특별시 동대문구 약령시로 122-5, 4~6층 (제기동)",37.5827792,127.0433781,9,0,29622262,130650
시니어실버타운2,G3570,(노인) 노인요양공동생활가정,노인의료복지시설,자치구,김종선,1154500000,금천구,"서울특별시 금천구 독산로 217, 5층 (독산동)",37.4661415,126.9015375,9,9,28028020,8542
시니어실버타운1,G3571,(노인) 노인요양공동생활가정,노인의료복지시설,자치구,박행란,1154500000,금천구,"서울특별시 금천구 독산로217, 4층 (독산동)",37.4661415,126.9015375,9,9,28028020,8542
러빙케어,G3646,(노인) 노인요양시설,노인의료복지시설,자치구,이대석,1135000000,노원구,"서울특별시 노원구 상계로1길 54-4, 207, 307호 (상계동, 상계동센트럴타워)",37.658335,127.0616263,28,28,29398300,1693
사랑재활요양원3호점,G3658,(노인) 노인요양공동생활가정,노인의료복지시설,자치구,정금숙,1132000000,도봉구,"서울특별시 도봉구 덕릉로59아길 54 (창동, 이순빌딩 3,4층)",37.6431892,127.0394695,9,9,29003882,1464
서울행복한요양원,G3682,(노인) 노인요양공동생활가정,노인의료복지시설,자치구,이상엽,1132000000,도봉구,"서울특별시 도봉구 마들로 664-11, 601호 (도봉동)",37.6694815,127.0471125,9,9,29060599,1330
나은요양원,G3693,(노인) 노인요양시설,노인의료복지시설,자치구,구영회,1162000000,관악구,"서울특별시 관악구 호암로 401, 5층 (신림동)",37.4611103,126.9259645,13,11,28567339,8848
길재활요양원,G3761,(노인) 노인요양시설,노인의료복지시설,자치구,한진섭,1130500000,강북구,서울특별시 강북구 인수봉로 225 (수유동),37.639337,127.0125152,71,50,29926993,1022
정진요양원,G3775,(노인) 노인요양시설,노인의료복지시설,자치구,김진환,1129000000,성북구,"서울특별시 성북구 서경로 110, 2-5층 (정릉동, 정진빌딩)",37.6127224,127.0133993,68,36,02-943-4272,136600
광진늘푸른요양원,G3778,(노인) 노인요양공동생활가정,노인의료복지시설,자치구,이화재,1121500000,광진구,"서울특별시 광진구 뚝섬로 613, 6층 (자양동)",37.5327932,127.0779918,9,9,24447171,143607
효림요양원,G3781,(노인) 노인요양공동생활가정,노인의료복지시설,자치구,박혜진,1123000000,동대문구,"서울특별시 동대문구 고산자로 476, 3층 (제기동)",37.5821397,127.0389325,9,9,29623009,2571
경동효림요양원,G3783,(노인) 노인요양공동생활가정,노인의료복지시설,자치구,이서주,1123000000,동대문구,"서울특별시 동대문구 고산자로 476, 4층 (제기동)",37.5821397,127.0389325,9,0,29633011,2571
하나요양원,G3809,(노인) 노인요양시설,노인의료복지시설,자치구,이지영,1154500000,금천구,"서울특별시 금천구 시흥대로153길 99, 4,7,8층 (가산동)",37.4757823,126.8933704,49,49,02-866-6690,153600
정원실버요양원 2호점,G3817,(노인) 노인요양공동생활가정,노인의료복지시설,자치구,배성희,1174000000,강동구,"서울특별시 강동구 양재대로124길 41, 3층 (길동, 성원빌딩)",37.542809,127.144493,9,9,24701725,5302
정원실버요양원,G3818,(노인) 노인요양공동생활가정,노인의료복지시설,자치구,조순이,1174000000,강동구,"서울특별시 강동구 양재대로124길 41, 4층 (길동)",37.542809,127.144493,9,9,24701723,5302
올리사랑 요양원,G3850,(노인) 노인요양시설,노인의료복지시설,자치구,백승권,1147000000,양천구,"서울특별시 양천구 신월로 191 (신월동, 정세빌딩 3.4.5 층)",37.5199558,126.8438258,24,24,226029620,158600
정릉노인요양원,G3865,(노인) 노인요양시설,노인의료복지시설,자치구,윤고은,1129000000,성북구,서울특별시 성북구 정릉로12길 69 (정릉동),37.6058936,127.0024959,44,44,262433000,136600
나눔요양원,G3925,(노인) 노인요양공동생활가정,노인의료복지시설,자치구,박형배,1162000000,관악구,"서울특별시 관악구 남부순환로 1468-0 (신림동)1468, 4층 (신림동)",37.4813449,126.9137297,9,9,28566757,8771
효사랑요양원,G3941,(노인) 노인요양공동생활가정,노인의료복지시설,자치구,오승환,1162000000,관악구,"서울특별시 관악구 관악로 111, 3층 (봉천동)",37.4750057,126.9524671,9,9,28821592,151600
신림요양원,G4050,(노인) 노인요양공동생활가정,노인의료복지시설,자치구,심우경,1162000000,관악구,"서울특별시 관악구 난곡로 272, 2층 (신림동)",37.4783831,126.9153688,9,9,28575882,151600
동대문효림요양원,G4067,(노인) 노인요양공동생활가정,노인의료복지시설,자치구,박영주,1123000000,동대문구,"서울특별시 동대문구 고산자로 476, 3층 (제기동)",37.5821397,127.0389325,9,9,29623009,2571
제기동효림요양원,G4068,(노인) 노인요양공동생활가정,노인의료복지시설,자치구,이희주,1123000000,동대문구,"서울특별시 동대문구 고산자로 476, 4층 (제기동)",37.5821397,127.0389325,9,7,29633011,2571
서울팔팔요양원,G4072,(노인) 노인요양공동생활가정,노인의료복지시설,자치구,이춘숙,1123000000,동대문구,"서울특별시 동대문구 고산자로 476, 5층 (제기동)",37.5821397,127.0389325,9,4,29598800,2571
서울백세요양원,G4073,(노인) 노인요양공동생활가정,노인의료복지시설,자치구,조진영,1123000000,동대문구,"서울특별시 동대문구 고산자로 476, 5층 (제기동)",37.5821397,127.0389325,9,2,29598800,2571
그린케어요양센터,G4166,(노인) 노인요양시설,노인의료복지시설,자치구,김은자,1153000000,구로구,"서울특별시 구로구 중앙로 60, 6,7층 (고척동, 강산메디칼프라자)",37.5031332,126.8625831,42,42,23332510,8223
노원행복한요양원,G4168,(노인) 노인요양공동생활가정,노인의료복지시설,자치구,임계남,1135000000,노원구,"서울특별시 노원구 한글비석로47길 58, 4층 (상계동)",37.6616583,127.0665783,9,9,29360055,1679
행복한요양원,G4169,(노인) 노인요양공동생활가정,노인의료복지시설,자치구,조현자,1135000000,노원구,"서울특별시 노원구 한글비석로47길 58, 3층 (상계동)",37.6616583,127.0665783,9,9,29360055,1679
성산100세노인요양공동생활가정 1관,G4226,(노인) 노인요양공동생활가정,노인의료복지시설,자치구,김성태,1141000000,서대문구,서울특별시 서대문구 증가로 55 (연희동),37.5726564,126.9285388,9,3,269569961,3702
금천햇살요양원,G4267,(노인) 노인요양공동생활가정,노인의료복지시설,자치구,우영선,1154500000,금천구,"서울특별시 금천구 시흥대로 487, 독산1동 2층 (독산동)",37.4771018,126.8982895,9,9,02-852-5176,8530
강북효심요양원1,G4328,(노인) 노인요양공동생활가정,노인의료복지시설,자치구,정은경,1130500000,강북구,"서울특별시 강북구 삼양로77가길 9, 4층 (수유동)",37.6294992,127.0171188,9,9,29878879,1103
강북효심요양원2,G4329,(노인) 노인요양공동생활가정,노인의료복지시설,자치구,김안숙,1130500000,강북구,"서울특별시 강북구 삼양로77가길 9, 2,지하1층 (수유동)",37.6294992,127.0171188,9,9,29878877,1103
은빛사랑1,G4365,(노인) 노인요양공동생활가정,노인의료복지시설,자치구,신우재,1156000000,영등포구,"서울특별시 영등포구 디지털로 392, 5층(대림동, 정성빌딩)5층 (대림동, 정성빌딩)",37.4916282,126.9027821,8,8,02-833-3116,7438
은빛사랑2,G4366,(노인) 노인요양공동생활가정,노인의료복지시설,자치구,고미애,1156000000,영등포구,서울특별시 영등포구 디지털로 392 (대림동. 정성빌딩)5층,37.4916282,126.9027821,8,8,02-831-0377,7438
은빛사랑3,G4367,(노인) 노인요양공동생활가정,노인의료복지시설,자치구,민경우,1156000000,영등포구,"서울특별시 영등포구 디지털로 392, 6층 (대림동, 정성빌딩)6층 (대림동, 정성빌딩)",37.4916282,126.9027821,8,8,02-6014-0378,7438
가인요양원,G4406,(노인) 노인요양공동생활가정,노인의료복지시설,자치구,유영근,1130500000,강북구,"서울특별시 강북구 삼양로 437, 2층 (수유동, 성아빌딩)",37.6423822,127.0162597,9,,29905556,1033
하늘정원 요양원,G4407,(노인) 노인요양시설,노인의료복지시설,자치구,김동미,1147000000,양천구,"서울특별시 양천구 등촌로 32, 8층 (목동, 태영프라자)",37.5328245,126.8641617,36,36,7073350680,7965
정든요양원,G4416,(노인) 노인요양공동생활가정,노인의료복지시설,자치구,유희연,1123000000,동대문구,"서울특별시 동대문구 제기로 72, 4층 (제기동)",37.5864205,127.0410612,9,9,29603490,2480
강북유진복지센터,G4418,(노인) 노인요양공동생활가정,노인의료복지시설,자치구,장명희,1130500000,강북구,"서울특별시 강북구 삼양로77가길 9, 5층 (수유동)",37.6294992,127.0171188,9,,29828870,1103
노인요양시설 하늘정원실버케어,G4476,(노인) 노인요양시설,노인의료복지시설,자치구,김향미,1141000000,서대문구,서울특별시 서대문구 홍제내길48 (홍제동),37.5846299,126.9362992,18,18,23918047,3642
강동힐링요양원,G4483,(노인) 노인요양시설,노인의료복지시설,자치구,정혜수,1174000000,강동구,서울특별시 강동구 천호대로 1240-9 (둔촌동),37.5282539,127.1447139,29,29,24854701,5359
가온실버케어,G4487,(노인) 노인요양공동생활가정,노인의료복지시설,자치구,강정애,1138000000,은평구,"서울특별시 은평구 가좌로306, 4층 (신사동)",37.5951888,126.9111644,9,9,7088333180,3452
가족사랑노인요양원,G4496,(노인) 노인요양공동생활가정,노인의료복지시설,자치구,강번영,1150000000,강서구,"서울특별시 강서구 곰달래로 97, 2층 (화곡동, BS타운)",37.530517,126.8436199,8,8,226086388,7773
목동평강 요양원,G4509,(노인) 노인요양시설,노인의료복지시설,자치구,임재심,1147000000,양천구,"서울특별시 양천구 은행정로5, 6층 (신정동, 에벤에셀프라자)",37.5201773,126.8595935,66,66,226519945,8086
한마음요양원,G4517,(노인) 노인요양공동생활가정,노인의료복지시설,자치구,김진희,1168000000,강남구,"서울특별시 강남구 논현로12길 19-4, 2~3층 (개포동)",37.4752364,127.049203,9,9,25770091,6312
엠더블유(공생) 요양원,G4529,(노인) 노인요양공동생활가정,노인의료복지시설,자치구,장유진,1111000000,종로구,"서울특별시 종로구 율곡로17길 7-38, 6층 (이화동)",37.5763804,127.0039019,8,7,02-3676-5509,3100
강남가정요양원4,G4592,(노인) 노인요양공동생활가정,노인의료복지시설,자치구,한동인,1154500000,금천구,"서울특별시 금천구 독산로 290, 4층 (독산동)",37.472624,126.9034292,9,9,28389993,8554
강남가정요양원3,G4593,(노인) 노인요양공동생활가정,노인의료복지시설,자치구,한광택,1154500000,금천구,"서울특별시 금천구 독산로 290, 3층 (독산동)",37.472624,126.9034292,9,7,28389992,8554
신상도요양원,G4652,(노인) 노인요양공동생활가정,노인의료복지시설,자치구,박혜순,1159000000,동작구,서울특별시 동작구 양녕로20길 108 (상도동),37.4970186,126.9451821,9,9,02-821-9777,7038
소망요양원1,G4738,(노인) 노인요양공동생활가정,노인의료복지시설,자치구,김연,1153000000,구로구,"서울특별시 구로구 구로동로28길 87, 2층 (구로동)",37.491643,126.8887101,9,,28669191,8306
소망요양원2,G4739,(노인) 노인요양공동생활가정,노인의료복지시설,자치구,이계진,1153000000,구로구,"서울특별시 구로구 구로동로28길 87, 2층 (구로동)",37.491643,126.8887101,9,,02-866-9192,8306
늘푸른요양원,G4758,(노인) 노인요양시설,노인의료복지시설,자치구,남정애,1150000000,강서구,"서울특별시 강서구 수명로 80, 6층, 7층 (내발산동, 베스트프라자)",37.5532267,126.8263944,23,23,226675500,7635
우리엄마요양원 2호점,G4798,(노인) 노인요양공동생활가정,노인의료복지시설,자치구,김정은,1129000000,성북구,"서울특별시 성북구 보문로123, 4, 2층 (보문동2가)",37.5857569,127.0182315,9,9,29213002,2871
성모요양원,G4819,(노인) 노인요양공동생활가정,노인의료복지시설,자치구,서민정,1135000000,노원구,"서울특별시 노원구 노원로 479, 3층 (상계동)",37.6588594,127.0645709,9,9,29513004,1691
실버빌요양원,G4842,(노인) 노인요양시설,노인의료복지시설,자치구,김재겸,1132000000,도봉구,서울특별시 도봉구 노해로277 (창동),37.6518257,127.0389571,78,,29955858,1428
KB골든라이프케어 위례 빌리지,G4859,(노인) 노인요양시설,노인의료복지시설,자치구,곽혜련,1171000000,송파구,서울특별시 송파구 위례광장로 220 (장지동),37.4809028,127.1439335,130,130,264124820,5849
사랑채요양원,G4960,(노인) 노인요양공동생활가정,노인의료복지시설,자치구,고재희,1126000000,중랑구,"서울특별시 중랑구 면목로 220, 2층 (면목동, 학림빌딩)",37.5725606,127.0841057,9,9,260819776,2255
늘푸른 소망요양원,G4983,(노인) 노인요양시설,노인의료복지시설,자치구,이영란,1147000000,양천구,"서울특별시 양천구 지양로 29, 2,3,4층 (신월동, 오윤빌딩)",37.5188974,126.8365205,70,70,226975387,8042
참존vip요양원,G5001,(노인) 노인요양시설,노인의료복지시설,자치구,유명철,1132000000,도봉구,"서울특별시 도봉구 도봉로136가길 4, 4층 (창동, 창동리더스빌딩)",37.6588415,127.0414794,22,21,29968007,1401
(A )강동포도나무요양원 2호점,G5041,(노인) 노인요양공동생활가정,노인의료복지시설,자치구,김심명,1174000000,강동구,"서울특별시 강동구 상암로 195, 2층 203호 (명일동)",37.5471671,127.1547586,8,8,24276888,5295
(A )강동포도나무요양원 1호점,G5042,(노인) 노인요양공동생활가정,노인의료복지시설,자치구,홍미경,1174000000,강동구,"서울특별시 강동구 상암로 195, 2층 201호 (명일동)",37.5473105,127.1547656,9,9,24276888,5295
강동천호실버센터1호,G5045,(노인) 노인요양공동생활가정,노인의료복지시설,자치구,이유경,1174000000,강동구,"서울특별시 강동구 올림픽로664, 3층 331호 (천호동, 대우 한강 베네시티)",37.5406102,127.1249224,9,9,24830707,5328
강동천호실버센터2호,G5047,(노인) 노인요양공동생활가정,노인의료복지시설,자치구,최지연,1174000000,강동구,"서울특별시 강동구 올림픽로 664, 3층 332호 (천호동, 대우 한강 베네시티)",37.5406102,127.1249224,9,9,24830707,5328
늘봄요양원,G5049,(노인) 노인요양시설,노인의료복지시설,자치구,문덕흥,1135000000,노원구,"서울특별시 노원구 한글비석로47길 58, 2층 (상계동)",37.6616583,127.0665783,9,9,29358889,1679
은평실버랜드요양원,G5167,(노인) 노인요양시설,노인의료복지시설,자치구,강대근,1138000000,은평구,서울특별시 은평구 연서로21길27-20 (갈현동),37.6150695,126.9142468,34,34,28923388,3335
평화요양원,G5189,(노인) 노인요양공동생활가정,노인의료복지시설,자치구,이지택,1123000000,동대문구,"서울특별시 동대문구 제기로 72, 3층 (제기동)",37.5864205,127.0410612,9,9,29653975,2480
당신의 의자 요양원,G5223,(노인) 노인요양시설,노인의료복지시설,자치구,전정순,1162000000,관악구,서울특별시 관악구 난곡로10길 10 (신림동),37.4651809,126.9201686,26,25,28645400,8860
성산100세노인요양공동생활가정 2관,G5338,(노인) 노인요양공동생활가정,노인의료복지시설,자치구,정정희,1141000000,서대문구,서울특별시 서대문구 증가로 55 (연희동),37.5726564,126.9285388,9,5,269569961,3702
강변케어센터,G5350,(노인) 노인요양공동생활가정,노인의료복지시설,자치구,이유진,1121500000,광진구,"서울특별시 광진구 구의강변로 35, 6층 (구의동)",37.5339188,127.0913051,9,9,264057118,5115
강변케어센터2,G5351,(노인) 노인요양공동생활가정,노인의료복지시설,자치구,심대유,1121500000,광진구,"서울특별시 광진구 구의강변로 35, 6층 (구의동)",37.5339188,127.0913051,9,9,264057118,5115
기쁨과나눔노인요양원,G5402,(노인) 노인요양공동생활가정,노인의료복지시설,자치구,조병석,1132000000,도봉구,"서울특별시 도봉구 도봉로137길 48, 2층 (쌍문동)",37.661172,127.0401209,9,9,29003481,1391
기쁨과나눔노인요양원2호점,G5403,(노인) 노인요양공동생활가정,노인의료복지시설,자치구,오두영,1132000000,도봉구,"서울특별시 도봉구 도봉로137길 48, 2층 (쌍문동)",37.661172,127.0401209,9,9,29003482,1391
이삭요양원,G5409,(노인) 노인요양시설,노인의료복지시설,자치구,백남옥,1154500000,금천구,서울특별시 금천구 시흥대로 214 (시흥동),37.4530549,126.9017192,23,23,02-806-9978,8628
북부성모요양원,G5453,(노인) 노인요양공동생활가정,노인의료복지시설,자치구,김지수,1130500000,강북구,"서울특별시 강북구 한천로 1152 (수유동, 수유빌딩 3층)",37.6469657,127.0174053,7,,29926629,1046
A플러스노아재활요양원,G5487,(노인) 노인요양시설,노인의료복지시설,자치구,김세용,1132000000,도봉구,"서울특별시 도봉구 마들로 649-20, 6층 (방학동, 메인프라자)",37.6683478,127.0448269,29,,29437773,1332
미소지움요양원,G5531,(노인) 노인요양공동생활가정,노인의료복지시설,자치구,박현정,1123000000,동대문구,"서울특별시 동대문구 한천로37길 19, 3층 (답십리동, 창승빌딩)",37.5762414,127.066231,9,9,222441654,2535
난향요양원1,G5561,(노인) 노인요양공동생활가정,노인의료복지시설,자치구,김정은,1162000000,관악구,"서울특별시 관악구 남부순환로 1470, 3층 (신림동)",37.4813718,126.9138745,9,,28666028,8771
난향요양원2,G5562,(노인) 노인요양공동생활가정,노인의료복지시설,자치구,문제숙,1162000000,관악구,"서울특별시 관악구 남부순환로 1470, 4층 (신림동)",37.4813718,126.9138745,9,,28666028,8771
강이보이는요양원,G5713,(노인) 노인요양공동생활가정,노인의료복지시설,자치구,강요섭,1153000000,구로구,"서울특별시 구로구 개봉로 4, 5층 (개봉동)",37.4861029,126.8567954,7,,226868291,8334
노블레스요양원2,G5731,(노인) 노인요양공동생활가정,노인의료복지시설,자치구,김제선,1121500000,광진구,"서울특별시 광진구 용마산로 105, 2층 (중곡동)",37.5630421,127.0867347,9,,24580268,4935
어버이사랑노인의료실버타운,G5846,(노인) 노인요양공동생활가정,노인의료복지시설,자치구,이의인,1156000000,영등포구,"서울특별시 영등포구 도림로 323, 2층 203, 205호 (신길동, 건영상가)",37.5057433,126.9012888,8,,28480014,7380
워커힐케어센터1,G5847,(노인) 노인요양시설,노인의료복지시설,자치구,문혜진,1121500000,광진구,"서울특별시 광진구 아차산로 634, 6, 7층 (광장동, 대오빌딩)",37.5489219,127.1083668,78,,24477118,4969
워커힐케어센터2,G5849,(노인) 노인요양시설,노인의료복지시설,자치구,이미안,1121500000,광진구,"서울특별시 광진구 아차산로 634, 5층 (광장동, 대오빌딩)",37.5489219,127.1083668,39,,24477115,4969
은빛요양원1,G5882,(노인) 노인요양공동생활가정,노인의료복지시설,자치구,이미자,1162000000,관악구,"서울특별시 관악구 신림로 134, 4층 (신림동, 오성빌딩)",37.4716525,126.934819,9,,28888833,8838
은빛요양원Ⅱ,G5883,(노인) 노인요양공동생활가정,노인의료복지시설,자치구,이연수,1162000000,관악구,"서울특별시 관악구 신림로 134, 5층 (신림동, 오성빌딩)",37.4716525,126.934819,9,,28888833,8838
노블레스요양원1,G5923,(노인) 노인요양공동생활가정,노인의료복지시설,자치구,홍정화,1121500000,광진구,"서울특별시 광진구 용마산로 105, 3층 (중곡동, 광진빌딩)",37.5630421,127.0867347,9,,24560268,4935
노블레스요양원,G5963,(노인) 노인요양공동생활가정,노인의료복지시설,자치구,김경은,1135000000,노원구,"서울특별시 노원구 노원로 479, 2층 (상계동)",37.6588594,127.0645709,9,9,29304329,1691
신림요양원2,G6034,(노인) 노인요양공동생활가정,노인의료복지시설,자치구,박경희,1162000000,관악구,"서울특별시 관악구 난곡로 272, 3층 (신림동)",37.4783831,126.9153688,9,,28575882,8772
어버이사랑노인의료복지센터1,G6075,(노인) 노인요양공동생활가정,노인의료복지시설,자치구,강혜원,1156000000,영등포구,"서울특별시 영등포구 도림로 318, 4층 (신길동)",37.5059632,126.9022625,9,,28323355,7382
어버이사랑노인의료복지센터2,G6077,(노인) 노인요양공동생활가정,노인의료복지시설,자치구,김현주,1156000000,영등포구,"서울특별시 영등포구 도림로 318, 5층 (신길동)",37.5059632,126.9022625,9,,28323355,7382
조은노인요양센터,G6129,(노인) 노인요양공동생활가정,노인의료복지시설,자치구,정명자,1126000000,중랑구,"서울특별시 중랑구 상봉로 7, 3층 (면목동, 서일타운)",37.5865871,127.0943422,9,,24322766,2203
골든시니어케어센터,G6178,(노인) 노인요양시설,노인의료복지시설,자치구,김정민,1126000000,중랑구,서울특별시 중랑구 동일로 917-4 (묵동),37.6124131,127.0768839,94,,29733335,2005
강북하루정요양원,G6286,(노인) 노인요양공동생활가정,노인의료복지시설,자치구,김순재,1130500000,강북구,"서울특별시 강북구 삼양로 433, 5층 (수유동)",37.6421653,127.0162809,9,,29071235,1034
굿모닝요양원2호점,G6357,(노인) 노인요양공동생활가정,노인의료복지시설,자치구,김순철,1132000000,도봉구,"서울특별시 도봉구 도봉로 765, 4층 (도봉동)",37.6726545,127.0437237,9,,29551355,1310
굿모닝요양원,G6361,(노인) 노인요양공동생활가정,노인의료복지시설,자치구,최도희,1132000000,도봉구,"서울특별시 도봉구 도봉로 765, 2층 (도봉동)",37.6726545,127.0437237,9,,29561357,1310
실비아요양원,G6403,(노인) 노인요양시설,노인의료복지시설,자치구,채봉석,1138000000,은평구,"서울특별시 은평구 증산로15길 35-8, 상가11동 (신사동, 101,201,301호)",37.5894978,126.9077785,49,36,23037001,3447
관악실버케어,G6409,(노인) 노인요양시설,노인의료복지시설,자치구,김상희,1162000000,관악구,서울특별시 관악구 대학18길 34-7 (신림동),37.4645664,126.9362928,17,,28753114,8820
명지요양원,G6420,(노인) 노인요양공동생활가정,노인의료복지시설,자치구,김정희,1162000000,관악구,"서울특별시 관악구 난곡로 316, 6층 (신림동, 진성타워)",37.4821979,126.9147338,9,,28623090,8761
보라매요양원,G6439,(노인) 노인요양시설,노인의료복지시설,자치구,윤기훈,1153000000,구로구,"서울특별시 구로구 목동남로 32 (고척동, 보광빌딩 (B1, 3,4,6,7층))",37.5079662,126.8636101,49,,02-2060-1000,8218
A 평화요양원,G6587,(노인) 노인요양시설,노인의료복지시설,자치구,노귀남,1126000000,중랑구,서울특별시 중랑구 중랑천로52 (면목동),37.5898512,127.0736183,23,,24337448,2127
사랑요양원,G6668,(노인) 노인요양공동생활가정,노인의료복지시설,자치구,강혜란,1126000000,중랑구,서울특별시 중랑구 용마산로 494 (망우동),37.5973668,127.0955186,9,,222093311,2182
메디치피아요양센터,G6698,(노인) 노인요양시설,노인의료복지시설,자치구,이남희,1153000000,구로구,서울특별시 구로구 중앙로 10-15 (고척동),37.4999954,126.8657316,168,,02-2067-1888,8223
다원실버요양원,G6700,(노인) 노인요양공동생활가정,노인의료복지시설,자치구,나윤호,1153000000,구로구,"서울특별시 구로구 오리로 1289, 2층 (궁동)",37.4965464,126.8293777,9,,226898789,8257
중랑삼성 요양원,G6874,(노인) 노인요양시설,노인의료복지시설,자치구,이해경,1126000000,중랑구,서울특별시 중랑구 동일로91가길 27 (면목동),37.5843166,127.0788074,25,,24939898,2232
나눔요양원,G6877,(노인) 노인요양공동생활가정,노인의료복지시설,자치구,이상철,1162000000,관악구,"서울특별시 관악구 남부순환로 1468, 4층 (신림동)",37.4813449,126.9137297,9,,28626757,8771
강북중앙요양원,G7025,(노인) 노인요양공동생활가정,노인의료복지시설,자치구,안순자,1130500000,강북구,"서울특별시 강북구 도봉로 243, 3층 (미아동)",37.6301319,127.0242989,9,,29971388,1118
성창요양원,G7039,(노인) 노인요양공동생활가정,노인의료복지시설,자치구,김용자,1123000000,동대문구,"서울특별시 동대문구 한천로37길23, 4층 (답십리동)",37.576305,127.0661847,9,8,233946318,2535
보은노인요양공동생활가정,G7238,(노인) 노인요양공동생활가정,노인의료복지시설,자치구,김태인,1123000000,동대문구,"서울특별시 동대문구 한천로 213, 4층 (전농동)",37.579944,127.0681163,9,7,233904084,2509
서울케어링하우스,G7414,(노인) 노인요양시설,노인의료복지시설,자치구,정재영,1174000000,강동구,서울특별시 강동구 올림픽로 831 (암사동),37.5551662,127.1289848,29,7,264289088,5239
하루정요양센터,G7479,(노인) 노인요양공동생활가정,노인의료복지시설,자치구,이승희,1132000000,도봉구,"서울특별시 도봉구 해등로17길 42, 4층 (쌍문동)",37.6553171,127.0376076,7,,29027712,1432
우리집요양원,G7638,(노인) 노인요양공동생활가정,노인의료복지시설,자치구,윤현승,1123000000,동대문구,"서울특별시 동대문구 제기로 72, 2층 (제기동)",37.5864205,127.0410612,9,9,29653972,2480
삼연요양원,G7720,(노인) 노인요양공동생활가정,노인의료복지시설,자치구,김현자,1126000000,중랑구,"서울특별시 중랑구 봉우재로 79, 5층 (상봉동)",37.5919606,127.0819664,9,,24357875,2139
존엄케어노인전문요양원,G8029,(노인) 노인요양공동생활가정,노인의료복지시설,자치구,김길수,1126000000,중랑구,"서울특별시 중랑구 용마산로51길 1, 2층 (면목동)",37.5785657,127.0908726,9,,02-491-0174,2249
사랑가득요양원1호,G8040,(노인) 노인요양공동생활가정,노인의료복지시설,자치구,박찬형,1138000000,은평구,"서울특별시 은평구 수색로14길 5-3, 5층 (수색동)",37.5819111,126.8966758,9,,23051868,3502
사랑가득요양원2호,G8041,(노인) 노인요양공동생활가정,노인의료복지시설,자치구,안명자,1138000000,은평구,"서울특별시 은평구 수색로14길 5-3, 6층 (수색동)",37.5819111,126.8966758,9,,23051868,3502
참햇살요양원,G8069,(노인) 노인요양공동생활가정,노인의료복지시설,자치구,최명숙,1130500000,강북구,"서울특별시 강북구 도봉로403, 2층 (수유동)",37.6425411,127.030076,9,,29003879,1055
햇살요양원,G8082,(노인) 노인요양공동생활가정,노인의료복지시설,자치구,전은주,1130500000,강북구,"서울특별시 강북구 도봉로 403, 3층 (수유동)",37.6425411,127.030076,9,,29003878,1055
늘푸른요양원,G8126,(노인) 노인요양공동생활가정,노인의료복지시설,자치구,안은주,1129000000,성북구,서울특별시 성북구 장월로1길60 (상월곡동),37.6060655,127.0448531,,,29152556,2748
섬기는 실버하우스 요양원,G8170,(노인) 노인요양시설,노인의료복지시설,자치구,이명애,1154500000,금천구,"서울특별시 금천구 시흥대로 214, 11층 (시흥동)",37.4530549,126.9017192,23,,28910110,8628
성북힐요양원,G8273,(노인) 노인요양시설,노인의료복지시설,자치구,윤민정,1129000000,성북구,서울특별시 성북구 성북로31가길 21 (성북동),37.5953915,126.9887313,,,236755878,2878
서울조은요양원,G8421,(노인) 노인요양시설,노인의료복지시설,자치구,김영숙,1154500000,금천구,"서울특별시 금천구 시흥대로152길 11-43, 2층 (독산동)",37.4785694,126.9005376,48,,28300101,8536
백영실버스테이,G9172,(노인) 노인요양시설,노인의료복지시설,자치구,김재영,1150000000,강서구,"서울특별시 강서구 금낭화로135, 7층 701호 (방화동, 금강프라자)",37.5775014,126.8124826,45,,226636090,7510
서울실버케어노인요양원,J0497,(노인) 노인요양시설,노인의료복지시설,자치구,김정분,1135000000,노원구,"서울특별시 노원구 한글비석로44길 312층,3층 (상계동)",37.6644759,127.0706586,45,45,29314450,1666
동우너싱홈,J1296,(노인) 노인요양공동생활가정,노인의료복지시설,자치구,이해성,1126000000,중랑구,서울특별시 중랑구 망우로 422 ,37.5992364,127.0989868,9,9,24355428,2164
베스트그린요양원1호점,J2235,(노인) 노인요양공동생활가정,노인의료복지시설,자치구,김영일,1126000000,중랑구,서울특별시 중랑구 동일로 789그린프라자 6층,37.6009289,127.0792309,9,9,24381601,2102
은평효실버요양원,J2247,(노인) 노인요양시설,노인의료복지시설,자치구,박찬식,1138000000,은평구,서울특별시 은평구 연서로 17(역촌동),37.6056596,126.9216362,22,21,23831001,3421
두레노인요양원,J2254,(노인) 노인요양공동생활가정,노인의료복지시설,자치구,이병기,1126000000,중랑구,서울특별시 중랑구 신내로 45해성빌딩 701호,37.6031734,127.0954775,9,9,222077500,2085
송파그린요양원,J3203,(노인) 노인요양공동생활가정,노인의료복지시설,자치구,김광섭,1171000000,송파구,서울특별시 송파구 성내천로 208신안빌딩 3층,37.5002257,127.1509478,9,9,24084070,5753
장생시니어타운,J4003,(노인) 노인요양시설,노인의료복지시설,자치구,손숙영,1165000000,서초구,서울특별시 서초구 강남대로89길 10 (반포동 707-9),37.5095961,127.0212074,45,45,25499331,6535
행복드림요양원,J5102,(노인) 노인요양시설,노인의료복지시설,자치구,김성자,1132000000,도봉구,서울특별시 도봉구 도봉로154길 23신성빌딩 3층,37.6715384,127.0454389,25,25,29008329,1328
은빛노인요양공동생활가정2,J5152,(노인) 노인요양공동생활가정,노인의료복지시설,자치구,강정순,1171000000,송파구,서울특별시 송파구 거마로 99,37.5016345,127.1480287,9,9,24021005,138817
워커힐실버타운,J6228,(노인) 노인요양시설,노인의료복지시설,자치구,김현정,1121500000,광진구,서울특별시 광진구 워커힐로 93 (구의동),37.5508019,127.0976391,122,122,02-446-8911,4958
노원사랑요양원4,J6599,(노인) 노인요양공동생활가정,노인의료복지시설,자치구,김은화,1135000000,노원구,서울특별시 노원구 동일로174길 44202호,37.6193166,127.0767308,9,9,29772497,1849
효담요양원,J6871,(노인) 노인요양공동생활가정,노인의료복지시설,자치구,장현아,1147000000,양천구,서울특별시 양천구 오목로 624층 (신월동),37.5238539,126.8584224,7,7,226951903,8028
포도나무실버타운4호점,J6872,(노인) 노인요양공동생활가정,노인의료복지시설,자치구,현나영,1171000000,송파구,서울특별시 송파구 가락로 25층,37.4986983,127.0992303,7,7,24201286,5693
포도나무실버타운3호점,J6874,(노인) 노인요양공동생활가정,노인의료복지시설,자치구,남명숙,1171000000,송파구,서울특별시 송파구 가락로 25층,37.4986983,127.0992303,9,9,02-413-1147,5693
명성노인복지센터,J7298,(노인) 노인요양공동생활가정,노인의료복지시설,자치구,노희선,1129000000,성북구,서울특별시 성북구 보국문로4길 8,37.605219,127.0119049,9,10,02-915-2335,2718
광진원광실버센터,J7702,(노인) 노인요양시설,노인의료복지시설,자치구,박서미,1121500000,광진구,서울특별시 광진구 아차산로63길 35 (구의동),37.5509681,127.0959533,15,15,7070119132,5036
늘푸른요양원,J7851,(노인) 노인요양공동생활가정,노인의료복지시설,자치구,박순자,1126000000,중랑구,서울특별시 중랑구 용마산로 488유진빌딩 4층,37.5944742,127.099867,9,9,29720410,2182
예덕효요양원,J7864,(노인) 노인요양공동생활가정,노인의료복지시설,자치구,정광호,1147000000,양천구,"서울특별시 양천구 중앙로232, 3층 (신정동)",37.5173313,126.854462,9,9,226479620,8091
정다운요양원,J7968,(노인) 노인요양시설,노인의료복지시설,자치구,한미경,1147000000,양천구,서울특별시 양천구 오목로 208 (신정동),37.5254128,126.8605606,36,29,02-2603-6566,8021
두레노인요양원B,J8201,(노인) 노인요양공동생활가정,노인의료복지시설,자치구,김현정,1126000000,중랑구,서울특별시 중랑구 신내로 45해성빌딩 6층,37.6031734,127.0954775,9,9,28690675,2085
벧엘의집 요양원2,J8417,(노인) 노인요양공동생활가정,노인의료복지시설,자치구,박종성,1162000000,관악구,"서울특별시 관악구 미성동96, 2층 (신림동, 미성빌딩)",37.4774057,126.9143671,9,9,28564382,151906
서울숲재활요양원,J8430,(노인) 노인요양공동생활가정,노인의료복지시설,자치구,신미희,1120000000,성동구,서울특별시 성동구 뚝섬로 401-23층 (성수동2가),37.5389462,127.0553683,9,9,02-2293-7227,4784
번동노인요양원,J8607,(노인) 노인요양공동생활가정,노인의료복지시설,자치구,김명화,1130500000,강북구,"서울특별시 강북구 한천로105길24, 202동 2층 (번동)",37.6265676,127.0453405,9,9,29876827,1229
성신노인요양원,J8676,(노인) 노인요양시설,노인의료복지시설,자치구,권장혁,1129000000,성북구,서울특별시 성북구 동소문로13나길 110 (동소문동7가),37.596201,127.015039,49,23,29298538,2830
늘편한요양센터,J8710,(노인) 노인요양공동생활가정,노인의료복지시설,자치구,최동혁,1174000000,강동구,"서울특별시 강동구 구천면로318, 4층 (천호동)",37.5477698,127.1353914,9,9,02)475-3035,5309
구립중구노인요양센터,J8714,(노인) 노인요양시설,노인의료복지시설,자치구,전미애,1114000000,중구,서울특별시 중구 필동로 96 (장충동2가),37.5533884,126.9968191,60,60,222773456,4622
송파그린요양원2,J8840,(노인) 노인요양공동생활가정,노인의료복지시설,자치구,김희주,1171000000,송파구,서울특별시 송파구 성내천로 208신안빌딩 2층,37.5002257,127.1509478,9,9,24084070,5753
연희시니어스,J8879,(노인) 노인요양시설,노인의료복지시설,자치구,김현주,1141000000,서대문구,서울특별시 서대문구 연희로31길 8-7 (연희동),37.5763672,126.9347767,49,49,23220072,3696
행복요양원3,J8900,(노인) 노인요양공동생활가정,노인의료복지시설,자치구,김다원,1153000000,구로구,서울특별시 구로구 경인로23길 86층 (오류동)(오류동),37.4899852,126.8250475,8,8,236665511,8268
행복요양원2,J8901,(노인) 노인요양공동생활가정,노인의료복지시설,자치구,임문선,1153000000,구로구,서울특별시 구로구 경인로23길 86층 (오류동)(오류동),37.4899852,126.8250475,9,9,236665511,8268
써니요양원,J8913,(노인) 노인요양시설,노인의료복지시설,자치구,김정훈,1138000000,은평구,서울특별시 은평구 증산로15길 26 (신사동),37.5980133,126.9125218,38,35,23052385,3448
동그라미요양센터1호점,J9361,(노인) 노인요양공동생활가정,노인의료복지시설,자치구,박동균,1132000000,도봉구,"서울특별시 도봉구 쌍문동103, 4층 (쌍문동, 춘광빌딩)",37.6584998,127.039113,9,,29897582,132030
황금나무너싱홈,J9465,(노인) 노인요양공동생활가정,노인의료복지시설,자치구,김소연,1174000000,강동구,"서울특별시 강동구 고덕로27길33-27, 101호 (암사동)",37.5561512,127.1371329,9,9,24289987,134600
명지요양센터,J9480,(노인) 노인요양공동생활가정,노인의료복지시설,자치구,이병란,1162000000,관악구,"서울특별시 관악구 난곡로316, 6층 (신림동, 진성타워(신사동))",37.4821979,126.9147338,9,9,28780890,8761
동부실버케어요양원,J9485,(노인) 노인요양공동생활가정,노인의료복지시설,자치구,김누리,1121500000,광진구,서울특별시 광진구 자양번영로 343층 (자양동),37.5340871,127.0760397,9,9,24446188,5098
대한연세요양원,J9547,(노인) 노인요양시설,노인의료복지시설,자치구,정화철,1174000000,강동구,서울특별시 강동구 고덕로 421 (강일동),37.5574173,127.1725521,132,129,24261000,5217
우리요양원,J9944,(노인) 노인요양공동생활가정,노인의료복지시설,자치구,박도연,1154500000,금천구,"서울특별시 금천구 시흥대로 426-0426, 영진빌딩 7층(독산동)",37.4715872,126.8987912,9,9,02-859-6690,8545
너싱홈돌봄과간호2,M0008,(노인) 노인요양공동생활가정,노인의료복지시설,자치구,정숙이,1135000000,노원구,서울특별시 노원구 동일로 1550고려프라자 601호,37.6669174,127.0575806,9,9,29313657,1674
너싱홈돌봄과간호1,M0009,(노인) 노인요양공동생활가정,노인의료복지시설,자치구,채미애,1135000000,노원구,서울특별시 노원구 동일로 1550고려프라자 604호,37.6669174,127.0575806,9,9,29313657,1674
참존요양원,M0089,(노인) 노인요양시설,노인의료복지시설,자치구,김미경,1132000000,도봉구,서울특별시 도봉구 도봉로136가길4창동리더스빌딩6층,37.6588415,127.0414794,48,,29968004,1401
흰돌장기요양센터3호점,M0345,(노인) 노인요양공동생활가정,노인의료복지시설,자치구,김희순,1174000000,강동구,"서울특별시 강동구 구천면로323, 5층 (암사동, 개나리프라자)",37.5484062,127.1354093,9,9,24816562,5265
흰돌장기요양센터2호점,M0346,(노인) 노인요양공동생활가정,노인의료복지시설,자치구,강미숙,1174000000,강동구,"서울특별시 강동구 구천면로323, 6층 (암사동, 개나리프라자)",37.5484062,127.1354093,9,9,24816562,5265
강북실버종합복지센터,M0394,(노인) 노인요양시설,노인의료복지시설,자치구,전명우,1130500000,강북구,서울특별시 강북구 오패산로 290 (미아동),37.627132,127.0297621,112,112,02-984-0300,1141
노원요양복지원,M0414,(노인) 노인요양시설,노인의료복지시설,자치구,동인봉,1135000000,노원구,서울특별시 노원구 노원로 464 (상계동),37.6578881,127.0662663,45,43,29380001,1684
동그라미요양센터2호점,M0416,(노인) 노인요양공동생활가정,노인의료복지시설,자치구,조양희,1132000000,도봉구,"서울특별시 도봉구 쌍문동103, 3층 (쌍문동, 춘광빌딩)",37.6584998,127.039113,9,9,29897582,1448
은빛노인요양공동생활가정3,M0428,(노인) 노인요양공동생활가정,노인의료복지시설,자치구,강정숙,1171000000,송파구,"서울특별시 송파구 거마로 991, 6층",37.4971916,127.1471468,9,9,24021005,5732
수실버노인요양센터,M0432,(노인) 노인요양공동생활가정,노인의료복지시설,자치구,유지원,1171000000,송파구,"서울특별시 송파구 성내천로212, 4층 (마천동)",37.5000191,127.15114,9,9,02-448-8400,5752
케어콜실버센터,M0455,(노인) 노인요양공동생활가정,노인의료복지시설,자치구,정명주,1150000000,강서구,서울특별시 강서구 강서로5나길 745층,37.5283981,126.8436007,9,9,226928888,7776
희망요양원,M0479,(노인) 노인요양시설,노인의료복지시설,자치구,장효선,1132000000,도봉구,서울특별시 도봉구 덕릉로59길 20 (창동),37.6407811,127.0385054,28,28,29022626,1469
에덴요양원,M0492,(노인) 노인요양공동생활가정,노인의료복지시설,자치구,박영란,1162000000,관악구,"서울특별시 관악구 조원로16길33, 4층 401호 (신림동, 중앙빌딩)",37.4826965,126.9113748,9,9,28664801,8767
서울여자간호대학교 휴먼캐슬,M0498,(노인) 노인요양시설,노인의료복지시설,자치구,유무형,1111000000,종로구,서울특별시 종로구 평창길 318 (평창동),37.6139974,126.9772207,38,38,070-4919-7057,3004
요안나요양원,M0574,(노인) 노인요양시설,노인의료복지시설,자치구,오명자,1150000000,강서구,서울특별시 강서구 화곡로 254,37.5476163,126.8463529,87,87,226946699,7678
민영요양센터2,M0600,(노인) 노인요양공동생활가정,노인의료복지시설,자치구,조은숙,1130500000,강북구,"서울특별시 강북구 삼양로184, 5층 (미아동, 유유빌딩))",37.620258,127.021265,9,9,29877600,1174
면목요양원,M0605,(노인) 노인요양공동생활가정,노인의료복지시설,자치구,김원길,1126000000,중랑구,"서울특별시 중랑구 면목동61, 3층 (면목동)",37.5840156,127.0935612,9,9,222938198,2208
설화요양원,M0634,(노인) 노인요양공동생활가정,노인의료복지시설,자치구,김진숙,1144000000,마포구,서울특별시 마포구 만리재로 115송희빌딩 6층 (공덕동),37.5503698,126.9606106,9,9,02-703-5540,4208
예원요양원2호점,M0640,(노인) 노인요양공동생활가정,노인의료복지시설,자치구,백미영,1126000000,중랑구,서울특별시 중랑구 용마산로 554동화빌딩 2층,37.600421,127.1007454,9,9,24331221,2059
다복공동생활가정,M0651,(노인) 노인요양공동생활가정,노인의료복지시설,자치구,조용일,1150000000,강서구,"서울특별시 강서구 화곡로 225-0225, 4층 (화곡동)",37.545462,126.8442503,8,8,02-2605-5976,7695
늘편한요양원,M0719,(노인) 노인요양공동생활가정,노인의료복지시설,자치구,정해월,1174000000,강동구,"서울특별시 강동구 천호1동318, 3층 (천호동, 성산빌딩)",37.5477288,127.1353294,9,8,24743033,5243
효원노인복지센터D,M1012,(노인) 노인요양공동생활가정,노인의료복지시설,자치구,이지현,1126000000,중랑구,"서울특별시 중랑구 상봉1동12 (상봉동, 세광빌딩4층)",37.6063106,127.0915754,9,9,24380606,2044
효원노인복지센터C,M1013,(노인) 노인요양공동생활가정,노인의료복지시설,자치구,김연하,1126000000,중랑구,"서울특별시 중랑구 상봉1동12 (상봉동, 세광빌딩4층)",37.6063106,127.0915754,9,9,24380606,2044
효원노인복지센터B,M1014,(노인) 노인요양공동생활가정,노인의료복지시설,자치구,심향유,1126000000,중랑구,"서울특별시 중랑구 상봉1동12 (상봉동, 세광빌딩3층)",37.6063106,127.0915754,9,9,24380606,2044
강남한보리전문요양원,M1052,(노인) 노인요양시설,노인의료복지시설,자치구,박금주,1162000000,관악구,서울특별시 관악구 남부순환로 1529-1 (신림동),37.4832477,126.9205859,53,51,28615050,8762
마추미실버케어응암점,M1144,(노인) 노인요양시설,노인의료복지시설,자치구,김미섭,1138000000,은평구,"서울특별시 은평구 응암로13길11-7 (응암동, 메트로타워 3층,4층,5층,10층.11층)",37.5892475,126.9164319,115,54,23022282,3485
길요양원,M1147,(노인) 노인요양시설,노인의료복지시설,자치구,최상규,1135000000,노원구,서울특별시 노원구 한글비석로15길 48현대종합상가 4층 (중계동),37.6562734,127.0734915,80,73,29396993,1701
가족사랑1,M1161,(노인) 노인요양공동생활가정,노인의료복지시설,자치구,이경희,1156000000,영등포구,"서울특별시 영등포구 도신로204, 4층 (신길동)",37.5111637,126.9139321,9,9,02-846-0722,7348
가족사랑2,M1162,(노인) 노인요양공동생활가정,노인의료복지시설,자치구,최옥자,1156000000,영등포구,"서울특별시 영등포구 도신로204, 3층 (신길동)",37.5111637,126.9139321,8,8,02-844-0722,7348
봄날강서요양원,M1182,(노인) 노인요양시설,노인의료복지시설,자치구,원대섭,1150000000,강서구,서울특별시 강서구 양천로11길 15-11(방화동),37.5839771,126.8235012,37,33,02-2661-6600,7516
맑은공동생활가정,M1276,(노인) 노인요양공동생활가정,노인의료복지시설,자치구,신일규,1150000000,강서구,"서울특별시 강서구 화곡로225, 6층 (화곡동)",37.545462,126.8442503,8,8,236642012,7695
수노인요양공동생활가정1호점,M1306,(노인) 노인요양공동생활가정,노인의료복지시설,자치구,변재옥,1132000000,도봉구,"서울특별시 도봉구 방학1동  도봉구청80, 5층 (방학동)",37.66747,127.044295,9,9,234946786,1331
은혜요양원,M1461,(노인) 노인요양공동생활가정,노인의료복지시설,자치구,임민경,1174000000,강동구,서울특별시 강동구 양재대로124길41 (길동)   2층,37.542809,127.144493,9,9,02-481-3038,5302
다복요양원,P0016,(노인) 노인요양공동생활가정,노인의료복지시설,자치구,조용일,1150000000,강서구,"서울특별시 강서구 화곡로 225, 4층 (화곡동, 두산빌딩)",37.545462,126.8442503,9,,226055976,7695
가락사랑요양원,P1822,(노인) 노인요양공동생활가정,노인의료복지시설,자치구,손필순,1171000000,송파구,"서울특별시 송파구 오금로36길 57, 3층 (가락동)",37.4988528,127.1223631,9,,24030311,5714
가족사랑요양원,P1826,(노인) 노인요양공동생활가정,노인의료복지시설,자치구,안유미,1171000000,송파구,"서울특별시 송파구 오금로36길 57, 2층 (가락동)",37.4988528,127.1223631,9,,24030311,5714
한솔요양원,P2321,(노인) 노인요양시설,노인의료복지시설,자치구,오지모,1150000000,강서구,"서울특별시 강서구 수명로 82, 9층 (내발산동, 발산로얄타워)",37.5534781,126.8264569,20,,269520405,7635
밝은햇살요양원,P2503,(노인) 노인요양공동생활가정,노인의료복지시설,자치구,이승옥,1150000000,강서구,"서울특별시 강서구 강서로29길 38, 1층 (화곡동)",37.5392057,126.8397497,9,,226080410,7716
맑은요양원,P3578,(노인) 노인요양공동생활가정,노인의료복지시설,자치구,신일규,1150000000,강서구,"서울특별시 강서구 화곡로225, 6층 (화곡동, 두산빌딩)",37.545462,126.8442503,8,,236642012,7695
강서실버요양원,P3867,(노인) 노인요양공동생활가정,노인의료복지시설,자치구,김미선,1150000000,강서구,"서울특별시 강서구 강서로45길 174, 4층 (내발산동, SM프라자)",37.5530232,126.830578,9,9,226678890,7638
나오미요양원,P3911,(노인) 노인요양시설,노인의료복지시설,자치구,이제숙,1150000000,강서구,"서울특별시 강서구 금낭화로 135, 8층 (방화동, 금강프라자)",37.5775014,126.8124826,40,,220885712,7510