공연시설명,세부공연시설명,좌석수,공연건수,개막편수,상연횟수,총 티켓판매수,시설특성,주소,Latitude,Longitude
올림픽공원,우리금융아트홀(역도경기장),1184,10,9,321,118105,공공(기타),서울특별시 송파구 올림픽로 424 올림픽공원 (방이동),37.5206868,127.1214941
올림픽공원,야외(88잔디마당),10000,8,8,18,79307,공공(기타),서울특별시 송파구 올림픽로 424 올림픽공원 (방이동),37.5206868,127.1214941
올림픽공원,뮤즈라이브,237,5,5,227,30026,공공(기타),서울특별시 송파구 올림픽로 424 올림픽공원 (방이동),37.5206868,127.1214941
예술의전당,오페라극장,2283,20,19,219,332811,국립,서울특별시 서초구 남부순환로 2406 (서초동),37.4810859,127.0152453
예술의전당,CJ 토월극장,1004,15,15,254,137462,국립,서울특별시 서초구 남부순환로 2406 (서초동),37.4810859,127.0152453
예술의전당,자유소극장,241,20,19,273,47815,국립,서울특별시 서초구 남부순환로 2406 (서초동),37.4810859,127.0152453
잠실종합운동장,주경기장,65599,8,8,15,444586,공공(기타),서울특별시 송파구 올림픽로 25 (잠실동),37.5170238,127.0876104
잠실종합운동장,빅탑,2400,1,1,95,167943,공공(기타),서울특별시 송파구 올림픽로 25 (잠실동),37.5170238,127.0876104
잠실종합운동장,실내체육관,11032,13,13,32,141314,공공(기타),서울특별시 송파구 올림픽로 25 (잠실동),37.5170238,127.0876104
잠실종합운동장,FB빅탑시어터,500,1,1,141,48504,공공(기타),서울특별시 송파구 올림픽로 25 (잠실동),37.5170238,127.0876104
잠실종합운동장,보조경기장,1782,1,1,3,5403,공공(기타),서울특별시 송파구 올림픽로 25 (잠실동),37.5170238,127.0876104
세종문화회관,세종예술아카데미(스퀘어홀),94,1,1,8,61,공공(문예회관),서울특별시 종로구 세종대로 175 (세종로),37.5722356,126.9759338
블루스퀘어,신한카드홀(구. 인터파크홀),1766,5,4,374,458621,민간(대학로 외),서울특별시 용산구 이태원로 294 (한남동),37.5407031,127.0026478
블루스퀘어,카오스홀,266,1,1,87,3603,민간(대학로 외),서울특별시 용산구 이태원로 294 (한남동),37.5407031,127.0026478
충무아트센터,대공연장,1255,6,5,349,295803,공공(문예회관),서울특별시 중구 퇴계로 387 (흥인동),37.56731,127.0163823
충무아트센터,중극장 블랙,325,6,5,353,57118,공공(문예회관),서울특별시 중구 퇴계로 387 (흥인동),37.56731,127.0163823
충무아트센터,컨벤션센터,200,11,11,25,2479,공공(문예회관),서울특별시 중구 퇴계로 387 (흥인동),37.56731,127.0163823
충무아트센터,소극장 블루,218,1,1,2,415,공공(문예회관),서울특별시 중구 퇴계로 387 (흥인동),37.56731,127.0163823
샤롯데씨어터,합계,1230,5,4,347,321828,민간(대학로 외),서울특별시 송파구 올림픽로 240 (잠실동),37.5079304,127.0861782
봄날아트홀(구. 아리랑소극장),2관(지하2층),129,4,2,660,295808,민간(대학로),서울특별시 종로구 동숭길 39 (동숭동),37.5799967,127.0042474
봄날아트홀(구. 아리랑소극장),1관(지하1층),123,2,1,393,17464,민간(대학로),서울특별시 종로구 동숭길 39 (동숭동),37.5799967,127.0042474
봄날아트홀(구. 아리랑소극장),합계,252,6,3,1053,313272,민간(대학로),서울특별시 종로구 동숭길 39 (동숭동),37.5799967,127.0042474
대학로 드림아트센터,1관,352,5,4,441,108478,민간(대학로),서울특별시 종로구 동숭길 123 (동숭동) 드림아트센터,37.5832627,127.0032788
대학로 드림아트센터,2관 더블케이씨어터,210,7,6,404,58086,민간(대학로),서울특별시 종로구 동숭길 123 (동숭동) 드림아트센터,37.5832627,127.0032788
대학로 드림아트센터,3관 나몰라홀,210,7,6,367,47480,민간(대학로),서울특별시 종로구 동숭길 123 (동숭동) 드림아트센터,37.5832627,127.0032788
대학로 드림아트센터,4관,208,6,5,337,34703,민간(대학로),서울특별시 종로구 동숭길 123 (동숭동) 드림아트센터,37.5832627,127.0032788
LG아트센터 서울,U+ 스테이지,365,16,16,645,37086,민간(대학로 외),서울특별시 강서구 마곡중앙로 136(마곡동),37.5678212,126.8323393
예스24 스테이지(구. DCF대명문화공장),1관,406,9,7,447,104544,민간(대학로),서울특별시 종로구 대학로12길 21 (동숭동),37.5842964,127.0066348
예스24 스테이지(구. DCF대명문화공장),2관,301,6,5,535,79449,민간(대학로),서울특별시 종로구 대학로12길 21 (동숭동),37.5842964,127.0066348
예스24 스테이지(구. DCF대명문화공장),3관(구. 수현재씨어터),255,5,4,385,43858,민간(대학로),서울특별시 종로구 대학로12길 21 (동숭동),37.5842964,127.0066348
예스24 스테이지(구. DCF대명문화공장),합계,962,20,16,1367,227851,민간(대학로),서울특별시 종로구 대학로12길 21 (동숭동),37.5842964,127.0066348
유니플렉스,1관(대극장),600,7,7,382,125808,민간(대학로),서울특별시 종로구 대학로12길 64 (동숭동),37.5812002,127.0037165
유니플렉스,2관(중극장),300,1,0,368,91316,민간(대학로),서울특별시 종로구 대학로12길 64 (동숭동),37.5812002,127.0037165
유니플렉스,3관(소극장),200,3,2,269,10130,민간(대학로),서울특별시 종로구 대학로12길 64 (동숭동),37.5812002,127.0037165
유니플렉스,합계,1100,11,9,1019,227254,민간(대학로),서울특별시 종로구 대학로12길 64 (동숭동),37.5812002,127.0037165
광림아트센터,BBCH홀,1026,6,5,376,200141,민간(대학로 외),서울특별시 강남구 논현로163길 33 (신사동),37.5238869,127.0251531
디큐브아트센터,디큐브씨어터,1242,5,4,275,198413,민간(대학로 외),"서울특별시 구로구 경인로 662 (신도림동, 디큐브시티)",37.5088514,126.8892373
디큐브아트센터,합계,1742,5,4,275,198413,민간(대학로 외),"서울특별시 구로구 경인로 662 (신도림동, 디큐브시티)",37.5088514,126.8892373
대학로아트원씨어터,1관,365,5,4,427,102748,민간(대학로),서울특별시 종로구 대학로12길 83 (동숭동),37.5803053,127.0040585
대학로아트원씨어터,2관,250,5,4,428,69465,민간(대학로),서울특별시 종로구 대학로12길 83 (동숭동),37.5803053,127.0040585
대학로아트원씨어터,3관,158,11,10,221,14941,민간(대학로),서울특별시 종로구 대학로12길 83 (동숭동),37.5803053,127.0040585
대학로아트원씨어터,합계,773,21,18,1076,187154,민간(대학로),서울특별시 종로구 대학로12길 83 (동숭동),37.5803053,127.0040585
코엑스,신한카드 아티움,1004,15,14,276,116139,민간(대학로 외),서울특별시 강남구 영동대로 513 (삼성동),37.5125207,127.0588194
코엑스,D홀,7000,3,3,6,28595,민간(대학로 외),서울특별시 강남구 영동대로 513 (삼성동),37.5125207,127.0588194
코엑스,오디토리움,1080,7,7,73,27368,민간(대학로 외),서울특별시 강남구 영동대로 513 (삼성동),37.5125207,127.0588194
코엑스,컨퍼런스룸(남),450,8,8,52,6636,민간(대학로 외),서울특별시 강남구 영동대로 513 (삼성동),37.5125207,127.0588194
더 서울라이티움 (갤러리아포레),G층 전용관,800,9,6,1372,175618,민간(대학로 외),서울특별시 성동구 서울숲2길 32-14 (성수동1가),37.5457822,127.0424788
더 서울라이티움 (갤러리아포레),합계,800,9,6,1372,175618,민간(대학로 외),서울특별시 성동구 서울숲2길 32-14 (성수동1가),37.5457822,127.0424788
틴틴홀,합계,228,1,0,1158,172919,민간(대학로),서울특별시 종로구 대학로10길 24 (동숭동),37.5830081,127.0041558
라온아트홀,합계,206,1,0,1300,169820,민간(대학로),서울특별시 종로구 대학로10길 11 (동숭동),37.5818872,127.0028027
티오엠씨어터(구. 문화공간필링),1관,335,5,4,449,114460,민간(대학로),서울특별시 종로구 대학로8가길 85 (동숭동),37.5822871,127.0036354
티오엠씨어터(구. 문화공간필링),2관,249,6,5,344,49976,민간(대학로),서울특별시 종로구 대학로8가길 85 (동숭동),37.5822871,127.0036354
티오엠씨어터(구. 문화공간필링),합계,584,11,9,793,164436,민간(대학로),서울특별시 종로구 대학로8가길 85 (동숭동),37.5822871,127.0036354
서연아트홀(구. 인아소극장),합계,154,3,1,552,152785,민간(대학로),서울특별시 종로구 창경궁로 258 - 9,37.5839058,127.0005886
홍익대 대학로 아트센터,대극장,702,5,4,382,144476,민간(대학로),서울특별시 종로구 대학로 57 (연건동),37.5765378,127.0014599
홍익대 대학로 아트센터,소극장,150,11,10,144,7204,민간(대학로),서울특별시 종로구 대학로 57 (연건동),37.5765378,127.0014599
홍익대 대학로 아트센터,합계,852,16,14,526,151680,민간(대학로),서울특별시 종로구 대학로 57 (연건동),37.5765378,127.0014599
도토리씨어터,너목들 2관,106,1,1,267,88128,민간(대학로),서울특별시 종로구 대학로12길 63(동숭동),37.5812351,127.0040242
도토리씨어터,핫식스 1관,126,1,1,240,56684,민간(대학로),서울특별시 종로구 대학로12길 63(동숭동),37.5812351,127.0040242
도토리씨어터,합계,232,2,2,507,144812,민간(대학로),서울특별시 종로구 대학로12길 63(동숭동),37.5812351,127.0040242
국립중앙박물관 극장 용,합계,805,11,10,390,139746,국립,서울특별시 용산구 서빙고로 137 (용산동6가),37.5186337,126.9848172
신한pLay 스퀘어 (구. 신한카드 판스퀘어),드림홀,299,1,0,642,40518,민간(대학로 외),서울특별시 마포구 양화로11길 60 (서교동),37.5522367,126.9134893
호은아트홀(구 키득키득아트홀),합계,200,1,0,480,117333,민간(대학로),서울특별시 종로구 동숭길 41 (동숭동),37.5801091,127.0042689
콘텐츠박스(구. 르메이에르 씨어터),합계,197,1,0,879,107017,민간(대학로),서울특별시 종로구 동숭길 55 (동숭동),37.58077,127.0041608
링크아트센터,페이코홀,500,10,10,214,59111,민간(대학로),서울특별시 종로구 대학로14길 29(혜화동),37.5846112,127.002336
링크아트센터,벅스홀,400,14,14,211,46979,민간(대학로),서울특별시 종로구 대학로14길 29(혜화동),37.5846112,127.002336
서경대학교 공연예술센터,스콘1관,352,6,6,279,59234,민간(대학로),서울특별시 종로구 동숭길 148 (혜화동),37.5835156,127.0021666
서경대학교 공연예술센터,스콘2관,264,10,9,352,45542,민간(대학로),서울특별시 종로구 동숭길 148 (혜화동),37.5835156,127.0021666
서경대학교 공연예술센터,합계,616,16,15,631,104776,민간(대학로),서울특별시 종로구 동숭길 148 (혜화동),37.5835156,127.0021666
국립국악원,연희마당,700,1,1,1,664,국립,서울특별시 서초구 남부순환로 2364 (서초동) 국립국악원,37.4777592,127.0083043
유니버설아트센터,합계,1084,15,14,294,93491,민간(대학로 외),서울특별시 광진구 천호대로 664 (능동),37.5503951,127.087338
플러스씨어터(구. 컬처스페이스 엔유 구. 쁘티첼 씨어터),합계,359,4,3,394,85347,민간(대학로),서울특별시 종로구 대학로12길 73 (동숭동),37.5807735,127.003972
두산아트센터,연강홀,622,6,5,305,71422,민간(대학로 외),서울특별시 종로구 종로33길 15 (연지동),37.5748226,126.9994744
해피씨어터,합계,250,1,0,1293,78604,민간(대학로),서울특별시 종로구 대학로10길 5 (동숭동),37.5836252,127.0048729
오마이갓 전용관,합계,78,1,1,177,78198,민간(대학로),서울특별시 종로구 동숭길 68 (동숭동),37.5813334,127.0043158
장충체육관,합계,4507,16,16,31,78082,공공(기타),서울특별시 중구 동호로 241 (장충동2가),37.5581571,127.0068191
한전아트센터,합계,999,6,6,221,77492,공공(기타),서울특별시 서초구 효령로72길 60 (서초동),37.4856988,127.0279981
KT&G 상상마당 대치아트홀,합계,422,14,13,383,62578,민간(대학로 외),서울특별시 강남구 영동대로 416 (대치동),37.4991887,127.0633458
마포아트센터,플레이맥,201,17,17,18,2446,공공(문예회관),서울특별시 마포구 대흥로20길 28 (대흥동),37.5513857,126.9447087
아트포레스트 아트홀,1관,212,1,0,484,46921,민간(대학로),서울특별시 종로구 대학로12길 22 (동숭동),37.5830847,127.0041879
아트포레스트 아트홀,2관,155,2,1,559,12610,민간(대학로),서울특별시 종로구 대학로12길 22 (동숭동),37.5830847,127.0041879
아트포레스트 아트홀,합계,367,3,1,1043,59531,민간(대학로),서울특별시 종로구 대학로12길 22 (동숭동),37.5830847,127.0041879
브릭스씨어터 (구. 콘텐츠 그라운드 구. 브로드웨이아트홀 [3관]),합계,202,3,3,952,59221,민간(대학로),서울특별시 종로구 대학로8길 25 (동숭동),37.5828177,127.0039219
이화여자대학교 삼성홀,합계,708,11,10,240,56992,민간(대학로 외),서울특별시 서대문구 이화여대길 52 (대현동),37.5625607,126.9474535
대학로 자유극장 (자유문화발전소),합계,233,9,8,415,47885,민간(대학로),서울특별시 종로구 대학로12길 31 (동숭동),37.5796376,127.0024653
"정극장 (구. M시어터, 구.하모니아트홀)",합계,120,1,0,1080,47605,민간(대학로),서울특별시 종로구 대학로12길 69 (동숭동),37.5810306,127.00396
국립정동극장,정동마루,60,1,1,1,50,국립,서울특별시 중구 정동길 43 (정동),37.5658794,126.9728864
경희대학교 평화의전당,합계,4500,10,10,38,46589,민간(대학로 외),서울특별시 동대문구 경희대로6길 7-13 (회기동),37.5967122,127.0513948
나루아트센터,소공연장,167,5,5,32,2244,공공(문예회관),서울특별시 광진구 능동로 76 (자양동),37.5375194,127.0706501
큐씨어터(구. 수상한흥신소전용관),합계,250,2,0,608,43908,민간(대학로),서울특별시 종로구 대학로8가길 79 (동숭동),37.5824918,127.0035427
백암아트홀,합계,417,17,16,385,40395,민간(대학로 외),서울특별시 강남구 테헤란로113길 7 (삼성동),37.5105376,127.0659125
성균관대학교 새천년홀,합계,754,4,4,107,38568,민간(대학로 외),서울특별시 종로구 성균관로 25 - 2,37.5883924,126.9922151
국립극단 [명동],합계,558,9,9,123,36947,국립,서울특별시 중구 명동길 35 (명동1가),37.5643018,126.9846643
JTN 아트홀(구. 대학로예술마당),1관,230,4,3,406,14166,민간(대학로),서울특별시 종로구 이화장길 26 (이화동),37.5766289,127.0039406
JTN 아트홀(구. 대학로예술마당),4관,208,2,0,342,12265,민간(대학로),서울특별시 종로구 이화장길 26 (이화동),37.5766289,127.0039406
JTN 아트홀(구. 대학로예술마당),2관,210,1,0,329,7390,민간(대학로),서울특별시 종로구 이화장길 26 (이화동),37.5766289,127.0039406
JTN 아트홀(구. 대학로예술마당),3관,208,2,0,181,2962,민간(대학로),서울특별시 종로구 이화장길 26 (이화동),37.5766289,127.0039406
JTN 아트홀(구. 대학로예술마당),합계,856,9,3,1258,36783,민간(대학로),서울특별시 종로구 이화장길 26 (이화동),37.5766289,127.0039406
컬쳐씨어터(구. 휴먼시어터),합계,120,1,0,910,36544,민간(대학로),서울특별시 종로구 대학로8가길 80 (동숭동),37.5824905,127.0032799
JS아트홀 (구. 고스트씨어터 구.다소니씨어터),합계,194,1,0,840,34753,민간(대학로),서울특별시 종로구 동숭길 94 (동숭동),37.5824409,127.004348
세우아트센터,1관,168,2,1,816,31767,민간(대학로),서울특별시 종로구 대학로12길 49 (동숭동),37.5819554,127.0039801
세우아트센터,2관,102,6,5,119,2502,민간(대학로),서울특별시 종로구 대학로12길 49 (동숭동),37.5819554,127.0039801
세우아트센터,합계,270,8,6,935,34269,민간(대학로),서울특별시 종로구 대학로12길 49 (동숭동),37.5819554,127.0039801
노들섬,잔디마당,616,2,2,4,4608,공공(기타),서울특별시 용산구 양녕로 445 (이촌동),37.5179933,126.9576478
예그린씨어터,합계,202,7,6,391,32231,민간(대학로),서울특별시 종로구 동숭길 130-5 (동숭동),37.5838922,127.0030715
댕로홀,합계,83,2,0,1203,31400,민간(대학로),서울특별시 종로구 대학로12길 50 (동숭동),37.5818771,127.0042438
아스가르드 씨어터(구. 낙산씨어터),합계,100,1,0,916,29854,민간(대학로),서울특별시 종로구 동숭길 140(혜화동),37.5836774,127.002561
"파랑씨어터 (구. 도향아트홀, 뮤디스홀)",합계,163,1,0,549,29238,민간(대학로),서울특별시 종로구 대학로8가길 36 (동숭동),37.5825008,127.0024538
올래홀,합계,175,1,0,872,24906,민간(대학로),서울특별시 종로구 대학로10길 24 (동숭동),37.5830081,127.0041558
바탕골소극장,합계,192,1,0,788,23953,민간(대학로),서울특별시 종로구 대학로10길 5 (동숭동),37.5836252,127.0048729
용산아트홀,대극장 미르,787,14,13,109,20402,공공(문예회관),서울특별시 용산구 녹사평대로 150(이태원동 34-87),37.5325615,126.990179
용산아트홀,소극장 가람,304,3,3,11,1471,공공(문예회관),서울특별시 용산구 녹사평대로 150(이태원동 34-87),37.5325615,126.990179
용산아트홀,합계,1091,17,16,120,21873,공공(문예회관),서울특별시 용산구 녹사평대로 150(이태원동 34-87),37.5325615,126.990179
남산골한옥마을,민씨가옥,50,2,2,6,198,공공(기타),서울특별시 중구 퇴계로34길 28 (필동2가),37.5609677,126.9961131
상상나라극장,합계,212,12,11,234,21200,민간(대학로 외),서울특별시 광진구 능동로 216 (능동),37.5495886,127.081578
동덕여대공연예술센터,합계,430,6,5,161,20874,민간(대학로),서울특별시 종로구 동숭길 126 (동숭동),37.5837306,127.0033198
명동난타극장,합계,386,1,0,507,20841,민간(대학로 외),서울특별시 중구 명동길 26 (명동2가),37.5634537,126.9837623
동국대학교,합계,302,7,6,146,20257,민간(대학로 외),서울특별시 중구 필동로1길 30 (필동3가),37.5592871,126.9985627
현대백화점 문화홀 [미아],합계,480,7,7,131,18805,민간(대학로 외),서울특별시 성북구 동소문로 315 (길음동),37.6083741,127.0287248
학전,블루소극장,194,8,7,214,18593,민간(대학로),서울특별시 종로구 대학로12길 46 (동숭동),37.5820849,127.0037287
학전,합계,374,8,7,214,18593,민간(대학로),서울특별시 종로구 대학로12길 46 (동숭동),37.5820849,127.0037287
한국방송회관 코바코홀 (구. 브로드홀),합계,290,13,12,270,18086,공공(기타),서울특별시 양천구 목동동로 233 (목동) 한국방송회관,37.5269334,126.8713879
현대백화점 문화홀 [천호],합계,400,7,7,149,18055,민간(대학로 외),서울특별시 강동구 천호대로 1005 (천호동),37.5390258,127.1244577
세종대학교 대양홀,합계,2029,12,12,23,17966,민간(대학로 외),서울특별시 광진구 능동로 209 (군자동),37.5507345,127.0741314
국립정동극장 세실 (구.세실극장),합계,234,14,14,128,16878,국립,서울특별시 중구 세종대로19길 16 (정동),37.5669296,126.9708741
국립극단 [용산],백성희장민호극장,182,5,5,89,11976,국립,서울특별시 용산구 청파로 373 (서계동),37.5529785,126.967967
국립극단 [용산],소극장판,100,8,8,73,3494,국립,서울특별시 용산구 청파로 373 (서계동),37.5529785,126.967967
국립극단 [용산],스튜디오 둘,50,3,3,6,283,국립,서울특별시 용산구 청파로 373 (서계동),37.5529785,126.967967
광야아트센터,합계,212,2,1,211,15827,민간(대학로 외),서울특별시 강남구 선릉로 806 (청담동),37.5238647,127.0396187
CJ아지트 대학로 (구. SM아트홀),합계,190,5,5,146,15289,민간(대학로),서울특별시 종로구 대학로12길 69 (동숭동),37.5810306,127.00396
하마씨어터(구. 가든씨어터),합계,190,4,2,508,14935,민간(대학로),서울특별시 종로구 대학로10길 15 - 11,37.5822895,127.0027902
한성아트홀(구. 인켈아트홀),1관,245,12,11,183,10921,민간(대학로),서울특별시 종로구 창경궁로 254 (명륜2가),37.5846997,126.9990412
한성아트홀(구. 인켈아트홀),2관,155,16,16,186,3839,민간(대학로),서울특별시 종로구 창경궁로 254 (명륜2가),37.5846997,126.9990412
잠실학생체육관,합계,5400,3,3,7,14729,공공(기타),서울특별시 송파구 올림픽로 25 (잠실동),37.5170238,127.0876104
아티스탄홀,합계,300,4,1,501,13834,민간(대학로),서울특별시 종로구 대학로 132 (동숭동),37.581408,127.0048867
entry55,합계,88,5,5,437,13777,민간(대학로 외),서울특별시 동작구 동작대로1길 18(사당동),37.4774316,126.9802279
후암씨어터(콘텐츠룸),합계,209,6,6,177,13599,민간(대학로),서울특별시 종로구 대학로11길 23 (명륜4가),37.5828114,127.0013435
씨어터조이 (구. 마당세실극장),합계,80,17,16,340,12903,민간(대학로),서울특별시 종로구 이화장길 78 (동숭동),37.5786935,127.0046492
롯데백화점 [영등포],합계,374,10,10,122,12358,민간(대학로 외),서울특별시 영등포구 경인로 846 (영등포동 618-496),37.5159228,126.9073727
달밤엔씨어터,합계,111,5,1,549,12138,민간(대학로),서울특별시 종로구 대학로14길 18-2 (혜화동),37.5841543,127.0026883
광운대학교 동해문화예술관,대극장,2029,7,7,11,11594,민간(대학로 외),서울특별시 노원구 광운로 20(월계동),37.6197029,127.0596708
광운대학교 동해문화예술관,소극장,403,1,1,2,104,민간(대학로 외),서울특별시 노원구 광운로 20(월계동),37.6197029,127.0596708
광운대학교 동해문화예술관,합계,2432,8,8,13,11698,민간(대학로 외),서울특별시 노원구 광운로 20(월계동),37.6197029,127.0596708
대학로 스카이씨어터,대학로 스카이씨어터 2관(5층 구 JK아트홀),140,6,6,251,6452,민간(대학로),서울특별시 종로구 대학로8가길 52 (동숭동),37.5830042,127.0026459
대학로 스카이씨어터,대학로 스카이씨어터 1관,160,1,0,144,4643,민간(대학로),서울특별시 종로구 대학로8가길 52 (동숭동),37.5830042,127.0026459
대학로 스카이씨어터,합계,300,7,6,395,11095,민간(대학로),서울특별시 종로구 대학로8가길 52 (동숭동),37.5830042,127.0026459
서울문화재단 대학로극장 쿼드(예술청),프로젝트룸(5층),50,1,1,4,10,공공(문예회관),서울특별시 종로구 동숭길 122(동숭동),37.5836681,127.0036988
로운아뜨리움(로운아트홀),로운아트홀,619,5,5,32,10699,민간(대학로 외),서울특별시 양천구 목동서로 225 (목동),37.5270892,126.8706189
로운아뜨리움(로운아트홀),합계,981,5,5,32,10699,민간(대학로 외),서울특별시 양천구 목동서로 225 (목동),37.5270892,126.8706189
서강대 메리홀,소극장,100,8,8,42,1809,민간(대학로 외),서울특별시 마포구 백범로 35 서강대학교,37.5512304,126.9392743
초록씨어터,합계,160,2,1,393,10578,민간(대학로),서울특별시 종로구 대학로 128(동숭동),37.5813334,127.0043158
송파브이아트홀,합계,101,3,1,472,9988,민간(대학로 외),서울특별시 송파구 오금로 513 (거여동),37.4820017,127.1458016
우란2경,우란2경,120,4,4,89,9684,민간(대학로 외),서울특별시 성동구 연무장7길 11 (성수동2가),37.5438054,127.0544306
우란2경,합계,120,4,4,89,9684,민간(대학로 외),서울특별시 성동구 연무장7길 11 (성수동2가),37.5438054,127.0544306
업스테이지(UP Stage),합계,153,3,1,576,9508,민간(대학로),서울특별시 종로구 동숭길 41 (동숭동),37.5801091,127.0042689
마루아트홀,합계,118,1,0,363,9293,민간(대학로),서울특별시 종로구 대학로8가길 30 (동숭동),37.5822932,127.0025237
한국콘텐츠진흥원 CKL스테이지,합계,190,14,14,127,8747,국립,서울특별시 중구 청계천로 40,37.5704461,127.0087332
도봉구민회관,대강당(하모니홀),552,18,18,65,8448,공공(문예회관),서울특별시 도봉구 도봉로 552 (창동),37.6541023,127.0386268
도봉구민회관,합계,742,18,18,65,8448,공공(문예회관),서울특별시 도봉구 도봉로 552 (창동),37.6541023,127.0386268
"아루또소극장(구. 소담소극장, 구. 코메디컬센터)",합계,97,1,0,452,8337,민간(대학로),서울특별시 종로구 대학로8가길 48 (동숭동),37.5829596,127.0024201
노원어린이극장(구.노원어울림극장),합계,282,14,14,75,7719,공공(기타),서울특별시 노원구 노해로 502 (상계동),37.6544503,127.0636915
노원문화예술회관,대공연장,608,17,17,19,6581,공공(문예회관),서울특별시 노원구 중계로 181 (중계동),37.6501606,127.0799904
노원문화예술회관,소공연장,292,5,5,5,1028,공공(문예회관),서울특별시 노원구 중계로 181 (중계동),37.6501606,127.0799904
지즐소극장,합계,84,1,0,464,7562,민간(대학로),서울특별시 종로구 성균관로4길 42 (명륜2가),37.5861394,126.9987258
연세대학교 대강당,합계,1641,2,2,5,7442,민간(대학로 외),서울특별시 서대문구 연세로 50 (신촌동),37.5646993,126.9394972
현대카드 언더스테이지,Vinyl ＆ Plastic(뮤직라이브러리),25,6,6,8,1498,민간(대학로 외),서울특별시 용산구 이태원로 246 (한남동),37.5366281,127.0006807
미마지아트센터,눈빛극장,282,6,6,77,4170,민간(대학로),서울특별시 종로구 혜화로 17 (명륜1가),37.5871032,126.9997925
관악아트홀(구. 관악문화관),합계,698,12,12,26,7046,공공(문예회관),서울특별시 관악구 신림로3길 35 (신림동),37.4675139,126.9448053
성신여자대학교 운정그린캠퍼스 대강당,합계,738,10,9,17,6989,민간(대학로 외),서울특별시 강북구 도봉로76가길 55 (미아동),37.6319498,127.027268
북아현아트홀,합계,206,7,7,85,6655,공공(기타),서울특별시 서대문구 북아현로 51(북아현동),37.5618573,126.9554332
이화여고 100주년 기념관,합계,433,2,2,36,6555,민간(대학로 외),서울특별시 중구 정동길 26 (정동),37.5658654,126.9713247
레미어린이극장 [금천],합계,194,12,11,225,6541,민간(대학로 외),서울특별시 금천구 두산로 71 (독산동),37.4705934,126.8957132
더 줌 아트센터,합계,128,6,6,67,6359,민간(대학로 외),서울특별시 용산구 독서당로 111 (한남동),37.5369714,127.0094904
구로구민회관,합계,531,13,13,37,6349,공공(문예회관),서울특별시 구로구 가마산로25길 21 (구로동),37.4969468,126.8895561
맛있는 극장,합계,90,1,0,529,6331,민간(대학로),서울특별시 종로구 혜화로 4 (혜화동),37.5862367,127.0007573
해바라기소극장(구. 훈아트홀),합계,61,1,0,478,6042,민간(대학로),서울특별시 종로구 동숭길 76 (동숭동),37.5816496,127.0042682
SH아트홀,합계,262,4,4,216,5908,민간(대학로),서울특별시 종로구 동숭길 25 (동숭동),37.5799187,127.0035083
은평문화예술회관,공연장,701,17,17,44,5806,공공(문예회관),서울특별시 은평구 녹번로 16 (녹번동),37.6039156,126.9283637
은평문화예술회관,숲속극장,350,1,1,2,3,공공(문예회관),서울특별시 은평구 녹번로 16 (녹번동),37.6039156,126.9283637
은평문화예술회관,합계,1051,18,18,46,5809,공공(문예회관),서울특별시 은평구 녹번로 16 (녹번동),37.6039156,126.9283637
제이엘 씨어터,합계,130,2,2,173,5716,민간(대학로 외),서울특별시 마포구 어울마당로 94-8(서교동),37.5531143,126.9221592
노원구민의전당(구. 노원구민회관),합계,679,17,17,50,5657,공공(기타),서울특별시 노원구 동일로 1229 (중계동),37.6510125,127.0799977
더 씨어터,합계,96,6,6,99,5653,민간(대학로),서울특별시 종로구 대학로3길 10 (효제동) 고운빌딩,37.5740065,127.0016615
예림당아트홀,합계,468,6,5,54,5543,민간(대학로 외),서울특별시 강남구 언주로 337 (역삼동),37.5000776,127.0385419
지인시어터(구. 알과핵소극장),합계,176,12,12,164,5486,민간(대학로),서울특별시 종로구 동숭길 25 (동숭동),37.5799187,127.0035083
굿씨어터,합계,369,9,9,25,5367,민간(대학로),서울특별시 종로구 대학로 144 (혜화동),37.5839645,127.002167
영등포아트홀,합계,526,13,13,30,5206,공공(문예회관),서울특별시 영등포구 국회대로 596 (당산동3가),37.5258617,126.8971134
민송아트홀 (구. 브로드웨이아트홀),2관,194,14,14,84,1483,민간(대학로),서울특별시 종로구 대학로 144 (혜화동) 중원빌딩 6층,37.5839645,127.002167
흰물결아트센터,화이트홀,475,6,6,22,5127,민간(대학로 외),서울특별시 서초구 반포대로 150 (서초동),37.4934292,127.0072492
흰물결아트센터,합계,975,6,6,22,5127,민간(대학로 외),서울특별시 서초구 반포대로 150 (서초동),37.4934292,127.0072492
소극장 창덕궁,합계,80,13,11,168,5092,민간(대학로 외),서울특별시 종로구 창경궁로 227(명륜4가),37.5822319,126.9998819
건국대학교 새천년관,합계,805,12,12,15,5060,민간(대학로 외),서울특별시 광진구 능동로 120 (화양동) 건국대학교,37.5407625,127.0793428
강동구민회관,합계,608,8,8,23,4937,공공(기타),서울특별시 강동구 상암로 168 (천호동) 강동구민회관,37.5457299,127.1412042
오류아트홀,합계,365,12,12,26,4847,공공(기타),서울특별시 구로구 경인로20가길 38 (오류동),37.4957808,126.8473739
북촌나래홀,합계,160,3,0,303,4826,민간(대학로 외),서울특별시 종로구 창덕궁길 29 - 38,37.5788491,126.9884476
산울림소극장,합계,100,19,18,169,4774,민간(대학로 외),서울특별시 마포구 와우산로 157 (서교동),37.5550758,126.930102
아트하우스,합계,207,4,4,213,4581,민간(대학로),서울특별시 종로구 대학로10길 26(동숭동),37.5830555,127.004009
갈산문화예술센터,아이누리홀,200,7,7,50,4082,공공(문예회관),서울특별시 양천구 목동남로 106(신정동),37.5107579,126.8701549
갈산문화예술센터,아트홀,99,3,3,3,90,공공(문예회관),서울특별시 양천구 목동남로 106(신정동),37.5107579,126.8701549
갈산문화예술센터,합계,299,10,10,53,4172,공공(문예회관),서울특별시 양천구 목동남로 106(신정동),37.5107579,126.8701549
연우소극장,합계,80,16,15,188,4138,민간(대학로),서울특별시 종로구 창경궁로35길 21 (혜화동),37.5869556,127.0018827
에이치씨어터,합계,180,1,0,297,4085,민간(대학로),서울특별시 종로구 이화장길 54 (이화동),37.577632,127.0047108
명작극장 (구 아츠플레이씨어터),명작극장 (구 아츠플레이씨어터),173,8,3,317,3990,민간(대학로),서울특별시 종로구 대학로8가길 30 (동숭동),37.5822932,127.0025237
명작극장 (구 아츠플레이씨어터),명작극장(구. 명작극장 2관),203,2,2,20,71,민간(대학로),서울특별시 종로구 대학로8가길 30 (동숭동),37.5822932,127.0025237
명작극장 (구 아츠플레이씨어터),합계,376,10,5,337,4061,민간(대학로),서울특별시 종로구 대학로8가길 30 (동숭동),37.5822932,127.0025237
R&J씨어터(구. 연진아트홀),합계,130,15,15,305,4038,민간(대학로),서울특별시 종로구 낙산길 14 (동숭동),37.5803585,127.005287
중랑구민회관,대공연장,494,9,9,26,4022,공공(기타),서울특별시 중랑구 면목로 238 (면목동),37.5737227,127.0847565
중랑구민회관,합계,614,9,9,26,4022,공공(기타),서울특별시 중랑구 면목로 238 (면목동),37.5737227,127.0847565
"시온아트홀 (구. JK아트홀, 샘아트홀)",합계,134,18,18,200,3563,민간(대학로),서울특별시 종로구 대학로8가길 52 (동숭동),37.5830042,127.0026459
경복궁아트홀,합계,180,7,6,97,3435,민간(대학로 외),서울특별시 종로구 자하문로 82 (효자동),37.5833524,126.9706979
코델아트홀,합계,120,18,18,215,3255,민간(대학로),서울특별시 종로구 동숭길 78 (동숭동) 지하1층,37.5817566,127.0042887
한국가곡예술마을 나음아트홀,합계,120,3,2,237,2950,민간(대학로 외),서울특별시 강남구 논현로10길 28 (개포동),37.4748778,127.0508164
해오름 예술극장,합계,170,6,5,168,2949,민간(대학로),서울특별시 종로구 창경궁로 260 (명륜2가),37.5846997,126.9990412
꿈나무극장,합계,153,9,9,25,2894,공공(기타),서울특별시 구로구 구로동로26길 54 (구로동),37.4897196,126.8865539
상명아트센터,계당홀,1464,6,6,8,2832,민간(대학로 외),서울특별시 종로구 홍지문2길 20 (홍지동),37.602823,126.9550432
상명아트센터,대신홀,317,1,1,1,2,민간(대학로 외),서울특별시 종로구 홍지문2길 20 (홍지동),37.602823,126.9550432
상명아트센터,합계,1781,7,7,9,2834,민간(대학로 외),서울특별시 종로구 홍지문2길 20 (홍지동),37.602823,126.9550432
이화여자대학교 대강당,합계,2900,1,1,1,2784,민간(대학로 외),서울특별시 서대문구 이화여대길 52 (대현동),37.5625607,126.9474535
대학로스타시티,합계,494,1,1,103,2664,민간(대학로),서울특별시 종로구 대학로11길 23 (명륜4가),37.5828114,127.0013435
목동 아이스링크,합계,5000,1,1,2,2624,공공(기타),서울특별시 양천구 안양천 939 (목1동),37.5270981,126.8738365
강북문화예술회관,합계,668,7,7,21,2565,공공(문예회관),서울특별시 강북구 삼각산로 85 (수유동),37.6407905,127.0134278
강서구민회관,우장홀,609,5,5,15,2560,공공(문예회관),서울특별시 강서구 우장산로 66 (내발산동),37.5519333,126.8416092
강서구민회관,합계,694,5,5,15,2560,공공(문예회관),서울특별시 강서구 우장산로 66 (내발산동),37.5519333,126.8416092
강남씨어터,합계,232,16,16,24,2506,공공(기타),서울특별시 강남구 역삼로7길 16 (역삼동),37.4953545,127.0332497
스타스테이지,합계,200,8,8,175,2461,민간(대학로),서울특별시 종로구 대학로12길 15(동숭동),37.5830537,127.0044298
북극곰소극장(구.아뮤스소극장),합계,37,2,0,351,2036,민간(대학로),서울특별시 종로구 이화장1길 24 (이화동),37.5773844,127.0057301
소극장 무극,합계,80,10,10,112,2036,민간(대학로),서울특별시 종로구 대학로9길 18(명륜4가),37.5832347,127.0014444
한예극장,합계,200,9,9,49,2034,민간(대학로),서울특별시 종로구 이화장길 66(동숭동),37.5782395,127.0047332
SAC 아트홀,합계,295,5,5,9,1945,민간(대학로 외),서울특별시 강남구 삼성로 534 (삼성동),37.513975,127.0561274
송파어린이문화회관,합계,154,4,4,101,1704,공공(기타),서울특별시 송파구 중대로 235(오금동),37.5027491,127.128403
2001 아울렛키즈홀 [구로],합계,100,2,1,24,1592,민간(대학로 외),서울특별시 구로구 중앙로1길 36 (고척동),37.4981005,126.8626639
일지아트홀,합계,240,10,10,11,1580,민간(대학로 외),서울특별시 강남구 선릉로 806 (청담동) 킹콩빌딩 지하2층,37.5238585,127.039623
강북문화예술회관 강북진달래홀,합계,171,7,7,16,1562,공공(기타),서울특별시 강북구 삼각산로 85(수유동),37.6407905,127.0134278
공감센터,합계,1024,2,2,2,1461,민간(대학로 외),서울특별시 중구 퇴계로88길 38 (신당동),37.5640589,127.0202613
창조소극장 (구. 민아트홀),합계,100,13,13,131,1455,민간(대학로),서울특별시 종로구 창경궁로 259 (명륜2가),37.5846997,126.9990412
삼청각,합계,150,11,11,38,1432,기타(비공연장),서울특별시 성북구 대사관로 3,37.5971439,126.9843219
스튜디오76(구 이랑씨어터),합계,210,14,13,113,1402,민간(대학로),서울특별시 종로구 이화장길 99 (동숭동),37.5796956,127.0042901
엠스테이지(구.인사아트홀),합계,176,5,5,289,1400,민간(대학로 외),서울특별시 종로구 인사동길 34-1 (관훈동),37.5741575,126.984682
경향아트힐,1관,292,1,1,207,1366,민간(대학로 외),서울특별시 중구 정동길 3 (정동),37.5681697,126.9699923
경향아트힐,합계,1652,1,1,207,1366,민간(대학로 외),서울특별시 중구 정동길 3 (정동),37.5681697,126.9699923
연극실험실 혜화동1번지,합계,70,14,14,84,1260,민간(대학로),서울특별시 종로구 창경궁로35길 7 (혜화동),37.589711,127.0003309
스위스그랜드호텔,컨벤션홀,800,1,1,2,1241,기타(비공연장),서울특별시 서대문구 연희로 353 (홍은동),37.5891802,126.935254
스위스그랜드호텔,합계,1500,1,1,2,1241,기타(비공연장),서울특별시 서대문구 연희로 353 (홍은동),37.5891802,126.935254
극장 동국,합계,84,15,15,173,1210,민간(대학로),서울특별시 종로구 창경궁로 259,37.5845541,127.000041
신촌문화발전소,합계,80,13,13,54,1192,공공(기타),서울특별시 서대문구 연세로2나길 57 (창천동),37.5579585,126.9397595
대학로 마로니에소극장(플레이더씨어터),합계,130,5,4,137,1168,민간(대학로),서울특별시 종로구 동숭길 50 (동숭동),37.5805863,127.0045827
성북구민회관,합계,750,3,3,11,1141,공공(기타),서울특별시 성북구 성북로4길 177 - 0 성북구민회관,37.5951707,127.008438
동덕여자대학교 백주년기념관,합계,650,1,1,2,1088,민간(대학로 외),서울특별시 성북구 화랑로13길 60 (하월곡동),37.6045357,127.0376377
대한성공회 서울주교좌성당,합계,200,5,5,5,1074,민간(대학로 외),서울특별시 중구 세종대로21길 15 (정동),37.5680679,126.971572
아름다운극장,합계,100,11,10,91,1020,민간(대학로),서울특별시 종로구 성균관로4길 48 (명륜2가),37.5856618,126.9985383
예술가의 집,합계,100,17,17,21,977,국립,서울특별시 종로구 동숭길 3 (동숭동),37.5800891,127.0029816
서초문화예술회관(구. 서초구민회관),합계,690,2,2,2,931,공공(문예회관),서울특별시 서초구 강남대로 201 (양재동) 서초구민회관,37.4701663,127.0326379
명동대성당,파밀리아 채플,200,5,5,5,560,기타(비공연장),서울특별시 중구 명동길 74 (명동2가) 명동성당,37.563177,126.9873604
명동대성당,합계,650,6,6,6,910,기타(비공연장),서울특별시 중구 명동길 74 (명동2가) 명동성당,37.563177,126.9873604
삼일로창고극장,합계,50,9,9,52,841,민간(대학로 외),서울특별시 중구 삼일대로9길 12 (저동1가),37.5650378,126.9882055
문화정원 아트홀,합계,200,7,7,7,814,민간(대학로 외),서울특별시 금천구 가산로 61 (독산동),37.4718517,126.8959292
피카소소극장,합계,109,12,12,100,784,민간(대학로),서울특별시 종로구 대학로11길 38-11 (명륜4가),37.5827129,127.0008
서울아트센터,합계,1083,4,4,4,766,민간(대학로 외),서울특별시 종로구 평창문화로 70 (평창동),37.6055589,126.9693877
졸탄극장,합계,179,2,2,48,760,민간(대학로),서울특별시 종로구 이화장길 58 (이화동),37.5778949,127.0046297
매지클,합계,18,2,0,109,742,민간(대학로 외),서울특별시 강남구 삼성로61길 30 (대치동),37.4989179,127.0580286
민속극장풍류,합계,164,9,9,11,730,공공(기타),서울특별시 강남구 봉은사로 406 (삼성동),37.5102289,127.0446484
예술나무씨어터(구. 상상나눔씨어터),합계,232,4,4,52,726,민간(대학로 외),"서울특별시 구로구 구로중앙로 134 (구로동, 신구로자이나인스에비뉴)",37.5000786,126.8840596
복합공간 에무,팡타 개라지,100,19,19,19,413,민간(대학로 외),서울특별시 종로구 경희궁1가길 7 (신문로2가),37.5720797,126.9690221
복합공간 에무,야외 뒷뜰(은하수 공연장),50,13,13,13,241,민간(대학로 외),서울특별시 종로구 경희궁1가길 7 (신문로2가),37.5720797,126.9690221
극장 봄 (봄소극장),합계,55,11,10,69,631,민간(대학로),서울특별시 성북구 삼선교로 14 (삼선동1가),37.5875782,127.0073115
놀터예술공방,합계,50,13,13,66,618,민간(대학로),서울특별시 성북구 성북로2길 21 - 0 태고종선부암,37.5895127,127.0070338
스튜디오SK,합계,80,8,8,57,614,민간(대학로),서울특별시 종로구 성균관로 15-10 (명륜3가),37.5839069,126.997126
미아리고개예술극장(구 미아리예술극장),합계,90,5,5,28,613,공공(기타),서울특별시 성북구 동소문로 177 (돈암동),37.5977955,127.0182829
CTS아트홀,합계,404,5,5,5,612,민간(대학로 외),서울특별시 동작구 노량진로 100 (노량진동),37.5129482,126.9370009
설렘아트홀,합계,50,5,5,22,612,민간(대학로 외),서울특별시 광진구 능동로19길 23(화양동),37.5469527,127.0672289
얼라이브홀(구. 크랙홀),합계,130,11,11,12,588,민간(대학로 외),서울특별시 마포구 독막로7길 20 (서교동) 지하1층,37.5487062,126.9191557
"SCC홀(구. DS홀, 서울바로크챔버홀)",합계,200,9,9,9,585,민간(대학로 외),서울특별시 서초구 남부순환로325길 9,37.4817433,127.0144813
공상온도,합계,80,9,9,13,574,기타(비공연장),서울특별시 마포구 동교로23길 40 (동교동),37.5576565,126.9198014
뜻밖의 극장(구. 해우소소극장),합계,65,14,14,78,571,민간(대학로 외),서울특별시 성북구 동소문로20나길 27 (동선동1가),37.5925057,127.0181445
섬유센터,합계,600,2,2,4,571,민간(대학로 외),서울특별시 강남구 테헤란로 518 (대치동),37.5074573,127.0606353
플랫폼-엘 컨템포러리 아트센터,합계,172,6,6,14,568,민간(대학로 외),서울특별시 강남구 언주로133길 11 (논현동),37.5113471,127.0288101
성북정보도서관,합계,80,5,5,27,565,공공(기타),서울특별시 성북구 화랑로18자길 13 (상월곡동),37.6050025,127.0507423
플랫폼 창동 61,합계,150,2,2,3,546,공공(기타),서울특별시 도봉구 마들로11길 74 (창동),37.6542381,127.0485317
서울생활문화센터 서교,합계,162,3,3,6,529,민간(대학로 외),서울특별시 마포구 양화로 72(서교동),37.5507977,126.9167221
강남구민회관,합계,516,2,2,3,520,공공(기타),서울특별시 강남구 삼성로 154 (대치동),37.4938496,127.06415
성균소극장,성균소극장,100,12,11,57,520,민간(대학로),서울특별시 종로구 성균관로 12-3 (명륜2가),37.5846997,126.9990412
성균소극장,합계,180,12,11,57,520,민간(대학로),서울특별시 종로구 성균관로 12-3 (명륜2가),37.5846997,126.9990412
창작플랫폼 경험과 상상,합계,50,7,7,35,518,민간(대학로 외),서울특별시 영등포구 선유동2로 46 (당산동5가),37.533081,126.8983856
남대문교회,합계,400,1,1,1,500,민간(대학로 외),서울특별시 중구 퇴계로 6 (남대문로5가),37.5582275,126.9731367
윤당아트홀,1관,260,3,3,5,492,민간(대학로 외),서울특별시 강남구 언주로 844 (신사동),37.5256443,127.0338682
윤당아트홀,합계,410,3,3,5,492,민간(대학로 외),서울특별시 강남구 언주로 844 (신사동),37.5256443,127.0338682
SILICA GEL VINYL POP-UP,합계,100,1,1,2,490,민간(대학로 외),서울특별시 마포구 와우산로33길 27 (서교동),37.555558,126.928879
서완소극장(구. 씨어터고리),합계,107,4,4,27,483,민간(대학로),서울특별시 종로구 창경궁로34길 18-12,37.5842084,127.0004516
G스페이스홀(지스페이스홀),합계,55,8,8,11,432,민간(대학로 외),서울특별시 마포구 포은로 14 (합정동),37.5494824,126.9093061
헤르만아트홀,합계,120,11,11,31,423,민간(대학로 외),"서울특별시 성동구 상원6나길 24(성수동1가, 청호 서울숲 뜨레피움 오피스텔)",37.5478774,127.0500656
국제아트홀,합계,170,3,3,3,410,민간(대학로 외),서울특별시 강남구 압구정로 162 (신사동),37.5262974,127.0274473
중앙대학교 아트센터,대극장(중앙아트홀),491,1,1,1,409,민간(대학로 외),서울특별시 동작구 흑석로 84 (흑석동),37.5045563,126.9569379
중앙대학교 아트센터,합계,595,1,1,1,409,민간(대학로 외),서울특별시 동작구 흑석로 84 (흑석동),37.5045563,126.9569379
청년극장 (구. 대학로 아트홀 1관 구. 서울문화예술대학교 대학로 극장),합계,114,2,1,36,385,민간(대학로),서울특별시 종로구 동숭길 47 (동숭동),37.5803593,127.0042622
벨로주 [망원],합계,65,7,7,8,380,민간(대학로 외),서울특별시 마포구 포은로 117 (망원동),37.5574183,126.9042672
피움스튜디오,합계,40,6,6,26,354,민간(대학로 외),서울특별시 영등포구 영등포로34길 3 (영등포동4가),37.5199483,126.9024612
문화비축기지,2번 탱크 실내공연장,300,1,1,3,208,공공(기타),서울특별시 마포구 증산로 87 (성산동),37.5713027,126.8939106
문화비축기지,4번 탱크,250,1,0,3,64,공공(기타),서울특별시 마포구 증산로 87 (성산동),37.5713027,126.8939106
문화비축기지,T1 1번 탱크 파빌리온,200,2,2,3,36,공공(기타),서울특별시 마포구 증산로 87 (성산동),37.5713027,126.8939106
문화비축기지,T2 야외무대,400,1,1,1,15,공공(기타),서울특별시 마포구 증산로 87 (성산동),37.5713027,126.8939106
문화비축기지,합계,11180,5,4,10,323,공공(기타),서울특별시 마포구 증산로 87 (성산동),37.5713027,126.8939106
엠팟홀 (구. 삼익아트홀),엠팟홀 (구. 삼익아트홀),150,4,4,5,201,민간(대학로 외),서울특별시 강남구 학동로 171 (논현동) 삼익악기빌딩 3층,37.5141299,127.0291812
엠팟홀 (구. 삼익아트홀),합계,150,6,6,7,322,민간(대학로 외),서울특별시 강남구 학동로 171 (논현동) 삼익악기빌딩 3층,37.5141299,127.0291812
을지공간,합계,45,4,4,29,322,민간(대학로 외),서울특별시 중구 창경궁로5길 5 (을지로4가),37.5671023,126.9976871
김희수아트센터,합계,198,5,5,6,308,민간(대학로 외),서울특별시 동대문구 홍릉로 118 (청량리동),37.5905181,127.042821
동자아트홀,합계,157,2,2,2,298,민간(대학로 외),"서울특별시 용산구 한강대로 372 (동자동, 센트레빌아스테리움서울)",37.5520713,126.9724315
씨어터 송,합계,100,5,5,25,285,민간(대학로 외),서울특별시 서초구 법원로3길 22 (서초동),37.4932388,127.0082602
문래예술공장,박스씨어터,100,4,4,24,276,공공(기타),서울특별시 영등포구 경인로88길 5-4 (문래동1가) 문래예술공장,37.5131769,126.900143
문래예술공장,합계,180,4,4,24,276,공공(기타),서울특별시 영등포구 경인로88길 5-4 (문래동1가) 문래예술공장,37.5131769,126.900143
베짱이홀,합계,200,10,10,10,275,민간(대학로 외),서울특별시 마포구 독막로15길 3-12 (상수동),37.5485415,126.9216217
블라인드아트홀,합계,70,1,1,5,266,민간(대학로 외),서울특별시 광진구 아차산로 331-1 (자양동),37.531692,127.074516
가온스테이지,합계,60,9,9,10,255,민간(대학로 외),서울특별시 마포구 잔다리로 59(서교동),37.5530877,126.9174838
옵신 스페이스(구. 서촌공간 서로),합계,70,2,2,15,231,민간(대학로 외),서울특별시 종로구 필운대로7길 12 (옥인동),37.5815867,126.9678759
모차르트홀,합계,201,6,6,6,222,민간(대학로 외),서울특별시 서초구 명달로 104 (서초동),37.4864197,127.0045483
스카이아트홀,합계,980,3,3,5,214,민간(대학로 외),서울특별시 강서구 화곡로63길 65(등촌동),37.5579756,126.8492306
성북마을극장,합계,80,2,2,11,212,민간(대학로),서울특별시 성북구 동소문로20다길 10 (동선동1가),37.5916466,127.017342
소셜베뉴 라움,체임버홀,384,3,2,15,103,민간(대학로 외),서울특별시 강남구 언주로 564 (역삼동) 라움아트센터,37.5081914,127.0395701
소셜베뉴 라움,마제스틱볼룸,828,5,5,5,102,민간(대학로 외),서울특별시 강남구 언주로 564 (역삼동) 라움아트센터,37.5081914,127.0395701
소셜베뉴 라움,합계,1562,8,7,20,205,민간(대학로 외),서울특별시 강남구 언주로 564 (역삼동) 라움아트센터,37.5081914,127.0395701
M극장,합계,150,1,1,4,201,민간(대학로 외),서울특별시 강남구 논현로4길 36 (개포동),37.4736878,127.0529479
아이러브아트홀,합계,80,4,4,4,192,민간(대학로 외),서울특별시 강남구 압구정로32길 30 (신사동),37.5258146,127.0297725
대교타워 아이레벨홀,합계,274,1,1,2,181,민간(대학로 외),서울특별시 관악구 보라매로3길 23 (봉천동),37.4911264,126.925594
공간 222,합계,33,5,4,29,168,민간(대학로 외),서울특별시 성북구 동소문로 24 (동소문동2가),37.5883577,127.0065274
후케즈,합계,140,8,8,8,166,민간(대학로 외),서울특별시 영등포구 경인로 715(문래동2가),37.5127723,126.8930828
윤보선 고택,합계,150,2,2,2,149,기타(비공연장),서울특별시 종로구 윤보선길 62 (안국동),37.5789459,126.9836997
게토얼라이브,합계,75,5,5,6,136,민간(대학로 외),서울특별시 성동구 왕십리로 104 (성수동1가) 정일빌딩,37.5393223,127.0468566
경동교회,합계,450,3,3,3,134,기타(비공연장),서울특별시 중구 장충단로 204 (장충동1가),37.5609763,127.0075809
호원아트홀,합계,462,2,2,2,131,민간(대학로 외),서울특별시 강동구 성안로 30 (성내동),37.5262936,127.1303276
용산전자랜드,합계,100,1,1,1,130,민간(대학로 외),서울특별시 용산구 청파로 74(한강로3가),37.5276547,126.9622041
아트홀제이,합계,23,13,13,21,124,민간(대학로 외),서울특별시 송파구 위례성대로 18 (방이동),37.5165349,127.1142546
오페라하우스 [신도림],합계,73,2,2,6,122,공공(기타),서울특별시 구로구 새말로 107-32 (구로동),37.5079891,126.8909268
리엠아트센터 LEEAM ART CENTER,A HALL,150,1,1,1,118,민간(대학로 외),서울특별시 강남구 학동로2길 56 (논현동),37.5079654,127.0236097
리엠아트센터 LEEAM ART CENTER,합계,260,1,1,1,118,민간(대학로 외),서울특별시 강남구 학동로2길 56 (논현동),37.5079654,127.0236097
창동극장,합계,100,2,2,8,118,민간(대학로 외),서울특별시 도봉구 노해로 391 (창동),37.6528407,127.0516203
다리 소극장,합계,200,4,4,12,115,민간(대학로 외),서울특별시 마포구 월드컵북로2길 49(동교동),37.5572275,126.9230503
대학로 이음센터,이음홀,80,2,2,6,112,공공(기타),서울특별시 종로구 대학로 112 (동숭동),37.581408,127.0048867
대학로 이음센터,합계,120,2,2,6,112,공공(기타),서울특별시 종로구 대학로 112 (동숭동),37.581408,127.0048867
코리아블루스씨어터,합계,50,2,2,6,112,민간(대학로 외),서울특별시 용산구 청파로45길 5 (청파동3가),37.5441514,126.9701872
탈영역우정국,합계,80,2,2,6,112,기타(비공연장),서울특별시 마포구 독막로20길 42 (창전동),37.548976,126.9282763
용산전쟁기념관,합계,176,1,1,2,103,국립,서울특별시 용산구 이태원로 29 (용산동1가),37.5400116,126.9770276
서울시산악문화체험센터,합계,80,1,1,6,101,기타(비공연장),서울특별시 마포구 하늘공원로 112(상암동),37.5692914,126.8798324
오디오가이스튜디오,합계,100,3,3,3,96,민간(대학로 외),서울특별시 종로구 효자로23 (통의동),37.5787247,126.9723833
이화여자대학교 김영의홀,합계,380,2,2,2,92,민간(대학로 외),서울특별시 서대문구 이화여대길 52 (대현동),37.5625607,126.9474535
스튜디오 바이탈 바이브,합계,25,4,4,4,89,민간(대학로 외),서울특별시 강남구 밤고개로34길 14 (세곡동),37.463769,127.1067137
로즈아트홀,합계,76,1,0,24,88,민간(대학로 외),서울특별시 노원구 석계로7길 12-8 (월계동),37.6164002,127.0632743
대학로단막극장,합계,66,4,4,14,83,민간(대학로),서울특별시 종로구 동숭4길 16-3 (동숭동),37.5833103,127.004577
동서울아트홀,합계,234,3,3,7,79,민간(대학로 외),서울특별시 광진구 구의강변로 38 (구의동),37.5341664,127.0918876
파랑새극장(구. 샘터파랑새극장),합계,180,1,1,1,78,민간(대학로),서울특별시 종로구 대학로 116 (동숭동),37.581408,127.0048867
스튜디오 QDA(구. 춤공장),합계,20,2,1,5,73,민간(대학로 외),서울특별시 영등포구 도림로126길 1 (문래동3가),37.5153554,126.9023964
재즈클럽 그루브,합계,70,16,16,16,71,민간(대학로 외),서울특별시 서초구 신반포로47길 52 (잠원동),37.5126845,127.0184524
명보아트홀,라온홀,334,1,1,14,40,민간(대학로 외),서울특별시 중구 마른내로 47 (초동),37.563508,126.9927314
명보아트홀,가온홀,333,1,1,2,27,민간(대학로 외),서울특별시 중구 마른내로 47 (초동),37.563508,126.9927314
명보아트홀,합계,1468,2,2,16,67,민간(대학로 외),서울특별시 중구 마른내로 47 (초동),37.563508,126.9927314
SCC 선 아트홀,합계,75,3,3,3,62,민간(대학로 외),서울특별시 서초구 동산로 44(양재동),37.4711131,127.0438378
서울마포음악창작소(구.뮤지스땅스),합계,50,2,2,2,55,민간(대학로 외),서울특별시 마포구 마포대로 238 (아현동) 지하,37.5552092,126.9577309
세종대학교 충무관,합계,100,1,1,3,54,민간(대학로 외),서울특별시 광진구 능동로 209 (군자동),37.5507345,127.0741314
긱라이브하우스,합계,60,2,2,3,52,민간(대학로 외),서울특별시 마포구 신촌로10길 7(동교동),37.5563896,126.9320578
로우키커피 [성수],합계,30,1,1,1,49,기타(비공연장),서울특별시 성동구 뚝섬로1나길 5(성수동1가),37.544442,127.0477666
뮤직앤아트스튜디오,합계,20,9,9,9,49,민간(대학로 외),"서울특별시 동작구 사당로 300 (사당동, 이수자이)",37.4843975,126.9804278
포스트극장,합계,200,2,2,2,48,민간(대학로 외),서울특별시 마포구 와우산로 148 (창전동),37.5462849,126.9314574
그랜드 워커힐 서울(비스타 워커힐 서울),비스타홀,700,1,1,1,47,민간(대학로 외),서울특별시 광진구 워커힐로 177 (광장동),37.5551679,127.1114168
그랜드 워커힐 서울(비스타 워커힐 서울),합계,1420,1,1,1,47,민간(대학로 외),서울특별시 광진구 워커힐로 177 (광장동),37.5551679,127.1114168
버금아트센터,합계,90,1,1,1,46,민간(대학로 외),서울특별시 광진구 능동로 259(군자동),37.5518371,127.0751318
극장 칸테움,합계,140,1,1,1,44,민간(대학로 외),서울특별시 구로구 디지털로 32가길 25 (구로동),37.4821697,126.8988986
스튜디오 리움,합계,76,2,2,2,43,민간(대학로 외),서울특별시 서대문구 성산로 533(대신동),37.5642199,126.9443096
상명아트홀,2관,94,2,2,7,42,민간(대학로),서울특별시 종로구 동숭길 133 (동숭동),37.5833504,127.0027297
상명아트홀,합계,270,2,2,7,42,민간(대학로),서울특별시 종로구 동숭길 133 (동숭동),37.5833504,127.0027297
세실아트홀,합계,100,8,8,8,38,민간(대학로 외),서울특별시 강남구 언주로173길 20 (신사동),37.5281531,127.0318461
음악플러스 아트홀,합계,50,2,1,2,38,민간(대학로 외),서울특별시 서초구 남부순환로317길 82-4(서초동),37.4832003,127.0107245
두리춤터,FOYER,160,1,1,1,36,민간(대학로 외),서울특별시 서초구 동광로19길 15 (방배동),37.4930985,126.9891351
두리춤터,합계,310,1,1,1,36,민간(대학로 외),서울특별시 서초구 동광로19길 15 (방배동),37.4930985,126.9891351
영산양재홀,합계,195,2,2,2,36,민간(대학로 외),서울특별시 서초구 바우뫼로37길 45 (양재동),37.4804761,127.0384054
자양스테이션(파리뮤직포럼),합계,50,6,6,7,36,기타(비공연장),서울특별시 광진구 자양로11길 18 (자양동),37.5346172,127.0830323
샤론홀,합계,150,3,3,5,33,민간(대학로 외),서울특별시 서초구 서초대로40길 49(서초동),37.4894637,127.0082
서울시민청,합계,100,1,1,1,32,공공(기타),서울특별시 중구 세종대로 110 (태평로1가),37.5677018,126.9772803
래리치,합계,25,1,1,1,28,민간(대학로 외),서울특별시 용산구 소월로 138 (후암동),37.5482225,126.9758552
금천뮤지컬센터,합계,197,1,0,2,27,공공(기타),서울특별시 금천구 시흥대로115길 48(독산동),37.4684617,126.894432
클럽 샤프,합계,100,1,1,1,27,민간(대학로 외),서울특별시 마포구 동교로 63 (망원동),37.5536255,126.9092443
성미산마을극장 향,합계,97,1,1,6,24,민간(대학로 외),서울특별시 마포구 월드컵로26길 39 (성산동),37.5605182,126.9142807
정효아트센터,합계,100,1,1,1,18,민간(대학로 외),서울특별시 서초구 사임당로18길 52-2 (서초동),37.4875412,127.0196197
반쥴,합계,70,1,1,1,17,기타(비공연장),서울특별시 종로구 삼일대로17길 23 (관철동),37.5692075,126.9883913
후암스튜디오(후암아트홀),합계,170,1,1,7,17,민간(대학로),서울특별시 종로구 대학로11길 23 (명륜4가),37.5828114,127.0013435
스콘뮤직홀,합계,200,1,1,1,16,민간(대학로),서울특별시 종로구 동숭길 148 (혜화동),37.5835156,127.0021666
선릉문화공간 제이드409,합계,80,1,1,1,14,민간(대학로 외),서울특별시 강남구 테헤란로 409(삼성동),37.5054927,127.0504299
홍대난타극장(구. 뮤직쇼웨딩 전용관),합계,323,1,1,2,14,민간(대학로 외),서울특별시 마포구 양화로16길 29 (서교동),37.5531355,126.9211429
강서아트리움,합계,215,1,1,3,11,공공(문예회관),서울특별시 강서구 가로공원로 195 (화곡동),37.5375136,126.837574
경기대학교 [서울],합계,100,2,2,4,10,민간(대학로 외),서울특별시 서대문구 경기대로9길 24 (충정로2가),37.5657002,126.9653007
"대학로 극장가게 (구. 문씨어터, 지구인씨어터)",합계,204,1,0,4,9,민간(대학로),서울특별시 종로구 대학로10길 12 (동숭동),37.5833494,127.0043501
장로회신학대학교 세계교회협력센터,합계,352,1,1,1,7,민간(대학로 외),서울특별시 광진구 광장로5길 25-1(광장동),37.5501984,127.1037288
1M SPACE,합계,55,1,1,4,6,민간(대학로 외),서울특별시 서대문구 연세로4길 27 (창천동),37.5576159,126.9382061
더 리버사이드 호텔,합계,450,2,2,2,4,민간(대학로 외),서울특별시 서초구 강남대로107길 6(잠원동),37.5186187,127.0184667
세빛섬,합계,1000,2,2,2,3,국립,서울특별시 서초구 올림픽대로 2085-14(반포동),37.5119827,126.9934223
신촌아트레온,합계,220,1,1,1,2,민간(대학로 외),서울특별시 서대문구 신촌로 129 (창천동),37.5602336,126.930881
크리에이터스 홀,합계,100,1,1,1,2,민간(대학로 외),서울특별시 동대문구 안암로 86-1(제기동),37.5834826,127.0305777
KOCCA콘텐츠문화광장,합계,193,1,1,2,0,공공(기타),서울특별시 동대문구 회기로 66 (청량리동),37.5905801,127.044711
대학로 두레홀 3관,합계,220,1,0,2,0,민간(대학로),서울특별시 종로구 대학로8가길 80 (동숭동),37.5824905,127.0032799
원패스아트홀,합계,200,1,1,1,0,민간(대학로),서울특별시 종로구 대학로12길 15 (동숭동),37.5830537,127.0044298
코스모스아트홀,합계,220,1,1,3,0,민간(대학로 외),서울특별시 서초구 반포대로 27(서초동),37.4828485,127.0115268
타이니앨리스,합계,144,1,1,2,0,민간(대학로),서울특별시 종로구 대학로11길 23 (명륜4가),37.5828114,127.0013435